episode,dataset,dataset_name,task_id,dataset_id,split_type,reward,loss,epsilon,f1,pipeline,invalid_count,pipeline_length,cache_hit
0,bank-marketing,bank-marketing,14965,1461,train,0.6997413385114349,,0.995,0.719741338511435,['random_forest'],0,1,True
1,mfeat-morphological,mfeat-morphological,18,18,train,0.37619566871878,,0.990025,0.39619566871878004,['svm'],0,1,True
2,letter,letter,6,6,train,0.8624687270924547,,0.985074875,0.9224687270924548,"['standard_scaler', 'pca', 'knn']",0,3,True
3,climate-model-simulation-crashes,climate-model-simulation-crashes,146819,40994,train,0.3963948497854078,,0.9801495006250001,0.47639484978540775,"['pca', 'feature_selection', 'standard_scaler', 'random_forest']",0,4,True
4,sick,sick,3021,38,train,0.5066724916266201,,0.9752487531218751,0.5466724916266201,"['feature_selection', 'knn']",0,2,True
5,satimage,satimage,2074,182,train,0.863313297873049,,0.9703725093562657,0.883313297873049,['knn'],0,1,True
6,electricity,electricity,219,151,train,0.7408555990140602,,0.9655206468094844,0.7808555990140602,"['standard_scaler', 'svm']",0,2,True
7,mfeat-zernike,mfeat-zernike,22,22,train,0.7660314682126085,,0.960693043575437,0.7860314682126085,['random_forest'],0,1,True
8,CIFAR_10,CIFAR_10,167124,40927,train,0.2833131798032224,,0.9558895783575597,0.32331317980322244,"['feature_selection', 'knn']",0,2,True
9,mfeat-karhunen,mfeat-karhunen,16,16,train,0.962266485276634,,0.9511101304657719,0.9822664852766341,['svm'],0,1,True
10,dresses-sales,dresses-sales,125920,23381,train,0.5923630136986301,,0.946354579813443,0.6323630136986301,"['feature_selection', 'random_forest']",0,2,True
11,mfeat-pixel,mfeat-pixel,146824,40979,train,0.9044556851668426,,0.9416228069143757,0.9644556851668427,"['standard_scaler', 'pca', 'random_forest']",0,3,True
12,cnae-9,cnae-9,9981,1468,train,0.873732715831099,,0.9369146928798039,0.913732715831099,"['feature_selection', 'random_forest']",0,2,True
13,breast-w,breast-w,15,15,train,0.9113952977367611,,0.9322301194154049,0.9513952977367611,"['standard_scaler', 'knn']",0,2,True
14,blood-transfusion-service-center,blood-transfusion-service-center,10101,1464,train,0.44661064425770314,,0.9275689688183278,0.5266106442577031,"['feature_selection', 'standard_scaler', 'pca', 'svm']",0,4,True
15,adult,adult,7592,1590,train,0.7692875583366886,,0.9229311239742362,0.7892875583366886,['random_forest'],0,1,True
16,balance-scale,balance-scale,11,11,train,0.5532008431195423,,0.918316468354365,0.5732008431195423,['random_forest'],0,1,True
17,Internet-Advertisements,Internet-Advertisements,167125,40978,train,0.832317772681096,,0.9137248860125932,0.872317772681096,"['minmax_scaler', 'knn']",0,2,True
18,MiceProtein,MiceProtein,146800,40966,train,0.9191461379116288,,0.9091562615825302,0.9791461379116289,"['feature_selection', 'pca', 'random_forest']",0,3,True
19,tic-tac-toe,tic-tac-toe,49,50,train,0.8848807631160572,,0.9046104802746175,0.9248807631160573,"['standard_scaler', 'svm']",0,2,True
20,jungle_chess_2pcs_raw_endgame_complete,jungle_chess_2pcs_raw_endgame_complete,167119,41027,train,0.6177498056561714,,0.9000874278732445,0.6777498056561715,"['feature_selection', 'standard_scaler', 'knn']",0,3,True
21,nomao,nomao,9977,1486,train,0.8779849520850656,,0.8955869907338783,0.9379849520850656,"['standard_scaler', 'feature_selection', 'knn']",0,3,True
22,har,har,14970,1478,train,0.9119852875587707,,0.8911090557802088,0.9719852875587708,"['feature_selection', 'standard_scaler', 'random_forest']",0,3,True
23,first-order-theorem-proving,first-order-theorem-proving,9985,1475,train,0.48185933937223024,,0.8866535105013078,0.5018593393722303,['random_forest'],0,1,True
24,splice,splice,45,46,train,0.947365020467326,,0.8822202429488013,0.967365020467326,['svm'],0,1,True
25,wilt,wilt,146820,40983,train,0.426078338839075,,0.8778091417340573,0.48607833883907503,"['standard_scaler', 'pca', 'svm']",0,3,True
26,pc1,pc1,3918,1068,train,0.4613278008298755,,0.8734200960253871,0.48132780082987553,['svm'],0,1,True
27,cylinder-bands,cylinder-bands,14954,6332,train,0.715720823798627,,0.8690529955452602,0.755720823798627,"['feature_selection', 'random_forest']",0,2,True
28,wdbc,wdbc,9946,1510,train,0.846285953060798,,0.8647077305675338,0.866285953060798,['svm'],0,1,True
29,vowel,vowel,3022,307,train,0.7511816957073604,,0.8603841919146962,0.7711816957073604,['knn'],0,1,True
30,Fashion-MNIST,Fashion-MNIST,146825,40996,train,0.8646323077354003,,0.8560822709551227,0.8846323077354004,['svm'],0,1,False
31,kc2,kc2,3913,1063,train,0.5542146410803126,,0.851801859600347,0.6142146410803127,"['minmax_scaler', 'feature_selection', 'svm']",0,3,False
32,texture,texture,125922,40499,train,0.965486235133812,,0.8475428503023453,0.9854862351338121,['knn'],0,1,False
33,kr-vs-kp,kr-vs-kp,3,3,train,0.9353880279833093,,0.8433051360508336,0.9553880279833094,['svm'],0,1,False
34,jm1,jm1,3904,1053,train,0.5717155759403179,,0.8390886103705794,0.6117155759403179,"['standard_scaler', 'random_forest']",0,2,False
35,GesturePhaseSegmentationProcessed,GesturePhaseSegmentationProcessed,14969,4538,train,0.5464001420260103,,0.8348931673187264,0.5864001420260103,"['feature_selection', 'random_forest']",0,2,False
36,mnist_784,mnist_784,3573,554,train,0.9040581898400406,,0.8307187014821328,0.9440581898400406,"['standard_scaler', 'knn']",0,2,False
37,churn,churn,167141,40701,train,0.4419799139167862,,0.8265651079747222,0.4619799139167862,['svm'],0,1,False
38,credit-approval,credit-approval,29,29,train,0.7376287103806808,,0.8224322824348486,0.7776287103806808,"['standard_scaler', 'svm']",0,2,False
39,wall-robot-navigation,wall-robot-navigation,9960,1497,train,0.8079867669410877,,0.8183201210226743,0.8479867669410878,"['standard_scaler', 'knn']",0,2,False
40,mfeat-fourier,mfeat-fourier,14,14,train,0.8070056981911784,,0.8142285204175609,0.8270056981911784,['random_forest'],0,1,False
41,segment,segment,146822,40984,train,0.9031466907479032,,0.810157377815473,0.9231466907479032,['random_forest'],0,1,False
42,analcatdata_dmft,analcatdata_dmft,3560,469,train,0.11291243663309394,,0.8061065909263957,0.17291243663309394,"['standard_scaler', 'feature_selection', 'random_forest']",0,3,False
43,mfeat-factors,mfeat-factors,12,12,train,0.8357700906395882,,0.8020760579717637,0.8757700906395882,"['feature_selection', 'svm']",0,2,False
44,car,car,146821,40975,train,0.9151110581357987,,0.798065677681905,0.9351110581357988,['svm'],0,1,False
45,semeion,semeion,9964,1501,train,0.9356931871239985,,0.7940753492934954,0.9556931871239985,['svm'],0,1,False
46,connect-4,connect-4,146195,40668,train,0.5661198350730884,,0.7901049725470279,0.5861198350730884,['knn'],0,1,False
47,ilpd,ilpd,9971,1480,train,0.6630645161290323,,0.7861544476842928,0.6830645161290323,['random_forest'],0,1,False
48,banknote-authentication,banknote-authentication,10093,1462,train,0.9301421780788413,,0.7822236754458713,0.9901421780788413,"['standard_scaler', 'feature_selection', 'random_forest']",0,3,False
49,cmc,cmc,23,23,train,0.4641596353987184,,0.778312557068642,0.5041596353987184,"['standard_scaler', 'random_forest']",0,2,False
50,isolet,isolet,3481,300,train,0.9235024556674343,,0.7744209942832988,0.9435024556674343,['random_forest'],0,1,False
51,ozone-level-8hr,ozone-level-8hr,9978,1487,train,0.6017650962176508,,0.7705488893118823,0.6217650962176509,['random_forest'],0,1,False
52,dna,dna,167140,40670,train,0.7939031882501252,,0.7666961448653229,0.8539031882501252,"['standard_scaler', 'pca', 'random_forest']",0,3,False
53,Devnagari-Script,Devnagari-Script,167121,40923,train,0.8800268014037228,,0.7628626641409962,0.9000268014037228,['random_forest'],0,1,False
54,analcatdata_authorship,analcatdata_authorship,3549,458,train,0.976375098502758,,0.7590483508202912,0.9963750985027581,['svm'],0,1,False
55,eucalyptus,eucalyptus,2079,188,train,0.35341233342087786,,0.7552531090661897,0.41341233342087785,"['pca', 'standard_scaler', 'random_forest']",0,3,False
56,credit-g,credit-g,31,31,train,0.6430628803245436,,0.7514768435208588,0.6830628803245437,"['standard_scaler', 'random_forest']",0,2,False
57,numerai28.6,numerai28.6,167120,23517,train,0.47383269363881797,,0.7477194593032545,0.513832693638818,"['pca', 'random_forest']",0,2,False
58,pc4,pc4,3902,1049,train,0.6171256306140027,,0.7439808620067382,0.6771256306140028,"['standard_scaler', 'feature_selection', 'svm']",0,3,False
59,PhishingWebsites,PhishingWebsites,14952,4534,train,0.8857059397705829,,0.7402609576967045,0.9457059397705829,"['standard_scaler', 'pca', 'knn']",0,3,False
60,har,har,14970,1478,train,0.9440564175807428,,0.736559652908221,0.9640564175807428,['knn'],0,1,False
61,mfeat-karhunen,mfeat-karhunen,16,16,train,0.9377886533129698,,0.7328768546436799,0.9577886533129698,['random_forest'],0,1,False
62,mnist_784,mnist_784,3573,554,train,0.9040581898400406,,0.7292124703704616,0.9440581898400406,"['standard_scaler', 'knn']",0,2,True
63,car,car,146821,40975,train,0.893771772421513,,0.7255664080186093,0.933771772421513,"['standard_scaler', 'random_forest']",0,2,False
64,first-order-theorem-proving,first-order-theorem-proving,9985,1475,train,0.3428522557498767,,0.7219385759785162,0.36285225574987673,['svm'],0,1,False
65,pc1,pc1,3918,1068,train,0.5433333333333332,,0.7183288830986236,0.5833333333333333,"['pca', 'knn']",0,2,False
66,cylinder-bands,cylinder-bands,14954,6332,train,0.7318760081352127,,0.7147372386831305,0.7518760081352127,['random_forest'],0,1,False
67,climate-model-simulation-crashes,climate-model-simulation-crashes,146819,40994,train,0.5017816091954023,,0.7111635524897149,0.5617816091954023,"['feature_selection', 'minmax_scaler', 'svm']",0,3,False
68,cmc,cmc,23,23,train,0.4212001691461961,,0.7076077347272662,0.46120016914619616,"['minmax_scaler', 'knn']",0,2,False
69,satimage,satimage,2074,182,train,0.837435906341469,,0.7040696960536299,0.8774359063414691,"['feature_selection', 'svm']",0,2,False
70,credit-approval,credit-approval,29,29,train,0.49164835164835163,0.20325660705566406,0.7005493475733617,0.5516483516483517,"['pca', 'standard_scaler', 'random_forest']",0,3,False
71,credit-g,credit-g,31,31,train,0.6430628803245436,0.16064823170502981,0.697046600835495,0.6830628803245437,"['standard_scaler', 'random_forest']",0,2,True
72,numerai28.6,numerai28.6,167120,23517,train,0.4881982844892714,0.13646625354886055,0.6935613678313175,0.5081982844892714,['random_forest'],0,1,False
73,letter,letter,6,6,train,0.8995495070567066,0.07698721811175346,0.6900935609921609,0.9395495070567066,"['feature_selection', 'knn']",0,2,False
74,wilt,wilt,146820,40983,train,0.8492363112391931,0.05914861336350441,0.6866430931872001,0.8692363112391931,['knn'],0,1,False
75,analcatdata_dmft,analcatdata_dmft,3560,469,train,0.13291243663309396,0.04167040251195431,0.6832098777212641,0.17291243663309394,"['minmax_scaler', 'random_forest']",0,2,False
76,Fashion-MNIST,Fashion-MNIST,146825,40996,train,0.8568809448505769,0.04564989171922207,0.6797938283326578,0.8768809448505769,['random_forest'],0,1,False
77,churn,churn,167141,40701,train,0.45606406350089657,0.033274525155623756,0.6763948591909945,0.4960640635008966,"['pca', 'random_forest']",0,2,False
78,segment,segment,146822,40984,train,0.9031466907479032,0.02880389615893364,0.6730128848950395,0.9231466907479032,['random_forest'],0,1,True
79,sick,sick,3021,38,train,0.8878153653122285,0.020301445620134473,0.6696478204705644,0.9078153653122285,['random_forest'],0,1,False
80,CIFAR_10,CIFAR_10,167124,40927,train,0.3033131798032224,0.01910046488046646,0.6662995813682115,0.32331317980322244,['knn'],0,1,False
81,dna,dna,167140,40670,train,0.9269010386258641,0.19070086628198624,0.6629680834613705,0.9469010386258642,['random_forest'],0,1,False
82,jm1,jm1,3904,1053,train,0.5434845366372062,0.18198224157094955,0.6596532430440636,0.5634845366372062,['knn'],0,1,False
83,balance-scale,balance-scale,11,11,train,0.5532008431195423,0.1728845089673996,0.6563549768288433,0.5732008431195423,['random_forest'],0,1,True
84,semeion,semeion,9964,1501,train,0.8843148073721085,0.16072948773701987,0.653073201944699,0.9243148073721086,"['standard_scaler', 'random_forest']",0,2,False
85,electricity,electricity,219,151,train,0.7432443368921977,0.11466042697429657,0.6498078359349755,0.7632443368921977,['svm'],0,1,False
86,splice,splice,45,46,train,0.9339648601916312,0.09223363921046257,0.6465587967553006,0.9539648601916312,['random_forest'],0,1,False
87,wall-robot-navigation,wall-robot-navigation,9960,1497,train,0.9678933336618712,0.08284618705511093,0.6433260027715241,0.9878933336618713,['random_forest'],0,1,False
88,Internet-Advertisements,Internet-Advertisements,167125,40978,train,0.9129336734693876,0.05058340604106585,0.6401093727576664,0.9529336734693876,"['feature_selection', 'random_forest']",0,2,False
89,mfeat-pixel,mfeat-pixel,146824,40979,train,0.9512976271040787,0.03995955549180508,0.6369088258938781,0.9712976271040787,['random_forest'],0,1,False
90,dresses-sales,dresses-sales,125920,23381,train,0.6123630136986301,0.04455259442329407,0.6337242817644086,0.6323630136986301,['random_forest'],0,1,False
91,kc2,kc2,3913,1063,train,0.5542146410803126,0.020385921467095613,0.6305556603555866,0.6142146410803127,"['minmax_scaler', 'feature_selection', 'svm']",0,3,True
92,adult,adult,7592,1590,train,0.5626919891456221,0.01686933496966958,0.6274028820538087,0.5826919891456221,['svm'],0,1,False
93,mfeat-morphological,mfeat-morphological,18,18,train,0.4447002914441073,0.00996461184695363,0.6242658676435396,0.4647002914441073,['knn'],0,1,False
94,nomao,nomao,9977,1486,train,0.9201086127225511,0.017664831442137558,0.6211445383053219,0.9601086127225511,"['minmax_scaler', 'random_forest']",0,2,False
95,kr-vs-kp,kr-vs-kp,3,3,train,0.9432749209106135,0.023070203761259716,0.6180388156137953,0.9832749209106135,"['standard_scaler', 'svm']",0,2,False
96,texture,texture,125922,40499,train,0.8385388370837931,0.023396532361706097,0.6149486215357263,0.8785388370837931,"['pca', 'random_forest']",0,2,False
97,PhishingWebsites,PhishingWebsites,14952,4534,train,0.937478248751719,0.023211353458464146,0.6118738784280476,0.957478248751719,['svm'],0,1,False
98,ozone-level-8hr,ozone-level-8hr,9978,1487,train,0.443695652173913,0.01979937714835008,0.6088145090359074,0.483695652173913,"['feature_selection', 'svm']",0,2,False
99,jungle_chess_2pcs_raw_endgame_complete,jungle_chess_2pcs_raw_endgame_complete,167119,41027,train,0.7287484216304789,0.007906495127826929,0.6057704364907278,0.7487484216304789,['svm'],0,1,False
100,mfeat-zernike,mfeat-zernike,22,22,train,0.7660314682126085,0.021130742505192757,0.6027415843082742,0.7860314682126085,['random_forest'],0,1,True
101,banknote-authentication,banknote-authentication,10093,1462,train,0.9767240922342963,0.02398247830569744,0.5997278763867329,0.9967240922342964,['svm'],0,1,False
102,isolet,isolet,3481,300,train,0.9235024556674343,0.02109208283945918,0.5967292370047992,0.9435024556674343,['random_forest'],0,1,True
103,connect-4,connect-4,146195,40668,train,0.5461198350730884,0.016395529732108116,0.5937455908197752,0.5861198350730884,"['feature_selection', 'knn']",0,2,False
104,pc4,pc4,3902,1049,train,0.6258176260825267,0.01714120029161374,0.5907768628656763,0.6658176260825267,"['feature_selection', 'random_forest']",0,2,False
105,analcatdata_authorship,analcatdata_authorship,3549,458,train,0.94,0.01605210150592029,0.5878229785513479,1.0,"['feature_selection', 'minmax_scaler', 'knn']",0,3,False
106,tic-tac-toe,tic-tac-toe,49,50,train,0.9126211888572056,0.010515162100394567,0.5848838636585911,0.9526211888572056,"['feature_selection', 'random_forest']",0,2,False
107,bank-marketing,bank-marketing,14965,1461,train,0.6810819952322601,0.007814711735894283,0.5819594443402982,0.7210819952322601,"['minmax_scaler', 'random_forest']",0,2,False
108,breast-w,breast-w,15,15,train,0.9055608352587297,0.01970770349726081,0.5790496471185967,0.9655608352587297,"['minmax_scaler', 'pca', 'svm']",0,3,False
109,blood-transfusion-service-center,blood-transfusion-service-center,10101,1464,train,0.4100862068965518,0.008710705675184727,0.5761543988830038,0.49008620689655175,"['minmax_scaler', 'pca', 'feature_selection', 'svm']",0,4,False
110,MiceProtein,MiceProtein,146800,40966,train,0.9199999999999999,0.020861519500613213,0.5732736268885887,1.0,"['minmax_scaler', 'feature_selection', 'pca', 'svm']",0,4,False
111,mfeat-fourier,mfeat-fourier,14,14,train,0.7851346950986657,0.007462713556985061,0.5704072587541458,0.8251346950986658,"['minmax_scaler', 'svm']",0,2,False
112,vowel,vowel,3022,307,train,0.4233198166049998,0.015097732034822306,0.567555222460375,0.4633198166049998,"['minmax_scaler', 'svm']",0,2,False
113,GesturePhaseSegmentationProcessed,GesturePhaseSegmentationProcessed,14969,4538,train,0.5162302511400314,0.02082351502031088,0.5647174463480732,0.5362302511400314,['knn'],0,1,False
114,wdbc,wdbc,9946,1510,train,0.917780856257009,0.020659364759922028,0.5618938591163328,0.957780856257009,"['minmax_scaler', 'svm']",0,2,False
115,cnae-9,cnae-9,9981,1468,train,0.853732715831099,0.017435351270250976,0.5590843898207511,0.913732715831099,"['standard_scaler', 'feature_selection', 'random_forest']",0,3,False
116,ilpd,ilpd,9971,1480,train,0.5427895694360219,0.017452717060223222,0.5562889678716474,0.6027895694360219,"['standard_scaler', 'feature_selection', 'knn']",0,3,False
117,eucalyptus,eucalyptus,2079,188,train,0.5001728831746914,0.013096177019178867,0.5535075230322891,0.5401728831746915,"['standard_scaler', 'svm']",0,2,False
118,Devnagari-Script,Devnagari-Script,167121,40923,train,0.9154353510216617,0.0054319147020578384,0.5507399854171277,0.9354353510216618,['svm'],0,1,False
119,mfeat-factors,mfeat-factors,12,12,train,0.851410737540298,0.013593772193416953,0.547986285490042,0.911410737540298,"['pca', 'feature_selection', 'random_forest']",0,3,False
120,credit-approval,credit-approval,29,29,train,0.553687292601991,0.014167103450745344,0.5452463540625918,0.573687292601991,['svm'],0,1,False
121,pc1,pc1,3918,1068,train,0.5781897730380092,0.012765556387603284,0.5425201222922789,0.6581897730380093,"['minmax_scaler', 'feature_selection', 'pca', 'knn']",0,4,False
122,cnae-9,cnae-9,9981,1468,train,0.7243126097061874,0.01488180346786976,0.5398075216808175,0.8043126097061875,"['minmax_scaler', 'feature_selection', 'pca', 'knn']",0,4,False
123,Internet-Advertisements,Internet-Advertisements,167125,40978,train,0.7626937689969605,0.012378509622067213,0.5371084840724134,0.7826937689969605,['svm'],0,1,False
124,kc2,kc2,3913,1063,train,0.48617647058823527,0.014043248817324638,0.5344229416520513,0.5661764705882353,"['standard_scaler', 'feature_selection', 'pca', 'svm']",0,4,False
125,breast-w,breast-w,15,15,train,0.9523389355742297,0.011846894165500998,0.531750826943791,0.9723389355742297,['random_forest'],0,1,False
126,mnist_784,mnist_784,3573,554,train,0.9566883051675554,0.01648061303421855,0.5290920728090721,0.9766883051675554,['svm'],0,1,False
127,electricity,electricity,219,151,train,0.7146705407179688,0.01832852077980836,0.5264466124450268,0.7546705407179688,"['pca', 'random_forest']",0,2,False
128,tic-tac-toe,tic-tac-toe,49,50,train,0.8848807631160572,0.01605405720571677,0.5238143793828016,0.9248807631160573,"['standard_scaler', 'svm']",0,2,True
129,har,har,14970,1478,train,0.9440564175807428,0.01099998946301639,0.5211953074858876,0.9640564175807428,['knn'],0,1,True
130,analcatdata_dmft,analcatdata_dmft,3560,469,train,0.16382357413366963,0.014251468237489462,0.5185893309484582,0.18382357413366965,['svm'],0,1,False
131,car,car,146821,40975,train,0.9151110581357987,0.015079449862241745,0.5159963842937159,0.9351110581357988,['svm'],0,1,True
132,pc4,pc4,3902,1049,train,0.6373052787006275,0.017095312010496855,0.5134164023722473,0.6973052787006275,"['standard_scaler', 'pca', 'random_forest']",0,3,False
133,vowel,vowel,3022,307,train,0.7258020885840435,0.013920657879983386,0.510849320360386,0.7658020885840435,"['standard_scaler', 'svm']",0,2,False
134,mfeat-pixel,mfeat-pixel,146824,40979,train,0.9422922433914129,0.013661711476743221,0.5082950737585841,0.982292243391413,"['standard_scaler', 'knn']",0,2,False
135,cylinder-bands,cylinder-bands,14954,6332,train,0.6607215007215008,0.014039717925091585,0.5057535983897912,0.7007215007215009,"['standard_scaler', 'svm']",0,2,False
136,ozone-level-8hr,ozone-level-8hr,9978,1487,train,0.6017650962176508,0.015024383086711168,0.5032248303978422,0.6217650962176509,['random_forest'],0,1,True
137,semeion,semeion,9964,1501,train,0.8590727982453661,0.013436592339227596,0.500708706245853,0.8990727982453661,"['minmax_scaler', 'knn']",0,2,False
138,first-order-theorem-proving,first-order-theorem-proving,9985,1475,train,0.48185933937223024,0.009901995537802577,0.4982051627146237,0.5018593393722303,['random_forest'],0,1,True
139,kr-vs-kp,kr-vs-kp,3,3,train,0.9716352552468706,0.016198030672967434,0.49571413690105054,0.9916352552468706,['random_forest'],0,1,False
140,mfeat-morphological,mfeat-morphological,18,18,train,0.5686525498832455,0.01238364614546299,0.4932355662165453,0.6486525498832456,"['minmax_scaler', 'pca', 'feature_selection', 'knn']",0,4,False
141,jungle_chess_2pcs_raw_endgame_complete,jungle_chess_2pcs_raw_endgame_complete,167119,41027,train,0.641447182507362,0.008590015582740307,0.4907693883854626,0.681447182507362,"['feature_selection', 'knn']",0,2,False
142,wdbc,wdbc,9946,1510,train,0.8458830341632888,0.013566280994564296,0.4883155414435353,0.9258830341632889,"['standard_scaler', 'pca', 'feature_selection', 'random_forest']",0,4,False
143,satimage,satimage,2074,182,train,0.8827900918802077,0.013417990412563086,0.4858739637363176,0.9027900918802078,['random_forest'],0,1,False
144,banknote-authentication,banknote-authentication,10093,1462,train,0.9104265342365239,0.008833503583446145,0.483444593917636,0.9704265342365239,"['standard_scaler', 'pca', 'random_forest']",0,3,False
145,balance-scale,balance-scale,11,11,train,0.5332008431195423,0.015955602439741295,0.4810273709480478,0.5732008431195423,"['minmax_scaler', 'random_forest']",0,2,False
146,analcatdata_authorship,analcatdata_authorship,3549,458,train,0.9700686168291802,0.011042704805731773,0.47862223409330756,0.9900686168291802,['random_forest'],0,1,False
147,jm1,jm1,3904,1053,train,0.45656662119145064,0.021433795802295208,0.47622912292284103,0.47656662119145066,['svm'],0,1,False
148,texture,texture,125922,40499,train,0.9550832992800269,0.009251708397641778,0.4738479773082268,0.9750832992800269,['random_forest'],0,1,False
149,splice,splice,45,46,train,0.9139648601916311,0.015120959840714931,0.47147873742168567,0.9539648601916312,"['minmax_scaler', 'random_forest']",0,2,False
150,mfeat-zernike,mfeat-zernike,22,22,train,0.8019942340973475,0.01367600285448134,0.46912134373457726,0.8219942340973475,['svm'],0,1,False
151,sick,sick,3021,38,train,0.4642041312272175,0.013088908977806568,0.46677573701590436,0.4842041312272175,['svm'],0,1,False
152,climate-model-simulation-crashes,climate-model-simulation-crashes,146819,40994,train,0.5417816091954023,0.009478502441197634,0.46444185833082485,0.5617816091954023,['svm'],0,1,False
153,cmc,cmc,23,23,train,0.4312155550693457,0.010825937730260193,0.46211964903917074,0.4912155550693457,"['pca', 'minmax_scaler', 'svm']",0,3,False
154,bank-marketing,bank-marketing,14965,1461,train,0.6138365588808482,0.012775412295013666,0.4598090507939749,0.6538365588808482,"['feature_selection', 'knn']",0,2,False
155,eucalyptus,eucalyptus,2079,188,train,0.35341233342087786,0.0110859964042902,0.457510005540005,0.41341233342087785,"['feature_selection', 'pca', 'random_forest']",0,3,False
156,credit-g,credit-g,31,31,train,0.46743386243386237,0.010623462963849306,0.45522245551230495,0.4874338624338624,['svm'],0,1,False
157,nomao,nomao,9977,1486,train,0.9399563281918575,0.01373889297246933,0.4529463432347434,0.9599563281918575,['random_forest'],0,1,False
158,PhishingWebsites,PhishingWebsites,14952,4534,train,0.910086528348476,0.014693033260603746,0.4506816115185697,0.9500865283484761,"['minmax_scaler', 'knn']",0,2,False
159,Fashion-MNIST,Fashion-MNIST,146825,40996,train,0.8320082835895705,0.010926383547484875,0.4484282034609769,0.8520082835895705,['knn'],0,1,False
160,GesturePhaseSegmentationProcessed,GesturePhaseSegmentationProcessed,14969,4538,train,0.4962302511400314,0.011458461172878742,0.446186062443672,0.5362302511400314,"['feature_selection', 'knn']",0,2,False
161,letter,letter,6,6,train,0.867354742730172,0.01067747874185443,0.4439551321314536,0.927354742730172,"['pca', 'feature_selection', 'knn']",0,3,False
162,dna,dna,167140,40670,train,0.9075867284907407,0.01702548749744892,0.4417353564707963,0.9475867284907408,"['feature_selection', 'svm']",0,2,False
163,mfeat-karhunen,mfeat-karhunen,16,16,train,0.962266485276634,0.009264289401471615,0.43952667968844233,0.9822664852766341,['svm'],0,1,True
164,churn,churn,167141,40701,train,0.3860214210537178,0.013356810808181763,0.43732904629000013,0.46602142105371774,"['pca', 'feature_selection', 'minmax_scaler', 'knn']",0,4,False
165,wall-robot-navigation,wall-robot-navigation,9960,1497,train,0.814416685308687,0.011468506883829832,0.4351424010585501,0.8344166853086871,['knn'],0,1,False
166,MiceProtein,MiceProtein,146800,40966,train,0.8761057514845806,0.00886447075754404,0.43296668905325736,0.8961057514845806,['knn'],0,1,False
167,connect-4,connect-4,146195,40668,train,0.6031804832812043,0.007111038779839873,0.43080185560799106,0.6231804832812043,['random_forest'],0,1,False
168,CIFAR_10,CIFAR_10,167124,40927,train,0.3033131798032224,0.017120302189141512,0.4286478463299511,0.32331317980322244,['knn'],0,1,True
169,dresses-sales,dresses-sales,125920,23381,train,0.5875283957570637,0.008738046977669,0.42650460709830135,0.6075283957570637,['svm'],0,1,False
170,isolet,isolet,3481,300,train,0.869801282532608,0.013967286329716444,0.42437208406280985,0.889801282532608,['knn'],0,1,False
171,Devnagari-Script,Devnagari-Script,167121,40923,train,0.8595804629301949,0.008547329964737097,0.4222502236424958,0.8995804629301949,"['standard_scaler', 'random_forest']",0,2,False
172,segment,segment,146822,40984,train,0.7063593415196645,0.013198105618357658,0.42013897252428334,0.7263593415196645,['svm'],0,1,False
173,ilpd,ilpd,9971,1480,train,0.3951785714285714,0.005925445817410946,0.4180382776616619,0.4151785714285714,['svm'],0,1,False
174,numerai28.6,numerai28.6,167120,23517,train,0.4997472869470382,0.010049642296507955,0.4159480862733536,0.5197472869470382,['svm'],0,1,False
175,wilt,wilt,146820,40983,train,0.466078338839075,0.02098220307379961,0.41386834584198684,0.48607833883907503,['svm'],0,1,False
176,mfeat-factors,mfeat-factors,12,12,train,0.931167646065057,0.018008895684033632,0.4117990041127769,0.951167646065057,['knn'],0,1,False
177,blood-transfusion-service-center,blood-transfusion-service-center,10101,1464,train,0.4387336782458734,0.01722867600619793,0.40974000909221303,0.4587336782458734,['svm'],0,1,False
178,adult,adult,7592,1590,train,0.7692875583366886,0.016890432219952345,0.40769130904675194,0.7892875583366886,['random_forest'],0,1,True
179,mfeat-fourier,mfeat-fourier,14,14,train,0.7780415409974837,0.008804670185782015,0.40565285250151817,0.8380415409974837,"['pca', 'feature_selection', 'knn']",0,3,False
180,jungle_chess_2pcs_raw_endgame_complete,jungle_chess_2pcs_raw_endgame_complete,167119,41027,train,0.7002702369747347,0.012088951654732227,0.4036245882390106,0.7202702369747347,['random_forest'],0,1,False
181,PhishingWebsites,PhishingWebsites,14952,4534,train,0.937478248751719,0.007687305798754096,0.4016064652978155,0.957478248751719,['svm'],0,1,True
182,mfeat-zernike,mfeat-zernike,22,22,train,0.7772077101672421,0.00795152597129345,0.3995984329713264,0.8172077101672421,"['minmax_scaler', 'knn']",0,2,False
183,wilt,wilt,146820,40983,train,0.466078338839075,0.012417950667440891,0.3976004408064698,0.48607833883907503,['svm'],0,1,True
184,Internet-Advertisements,Internet-Advertisements,167125,40978,train,0.7626937689969605,0.013606822583824396,0.39561243860243744,0.7826937689969605,['svm'],0,1,True
185,nomao,nomao,9977,1486,train,0.9047308909995476,0.010286095862587294,0.3936343764094253,0.9447308909995477,"['pca', 'svm']",0,2,False
186,bank-marketing,bank-marketing,14965,1461,train,0.679741338511435,0.016353476482133072,0.39166620452737816,0.7197413385114351,"['feature_selection', 'random_forest']",0,2,False
187,wall-robot-navigation,wall-robot-navigation,9960,1497,train,0.9678933336618712,0.01438913308084011,0.3897078735047413,0.9878933336618713,['random_forest'],0,1,True
188,CIFAR_10,CIFAR_10,167124,40927,train,0.3033131798032224,0.01075870543718338,0.3877593341372176,0.32331317980322244,['knn'],0,1,True
189,wdbc,wdbc,9946,1510,train,0.846285953060798,0.015339798759669065,0.3858205374665315,0.866285953060798,['svm'],0,1,True
190,har,har,14970,1478,train,0.9440564175807428,0.014922215137630701,0.38389143477919885,0.9640564175807428,['knn'],0,1,True
191,segment,segment,146822,40984,train,0.7061630328613331,0.009934821942200264,0.3819719776053028,0.7461630328613331,"['pca', 'random_forest']",0,2,False
192,cmc,cmc,23,23,train,0.4312155550693457,0.010795194655656815,0.3800621177172763,0.4912155550693457,"['pca', 'minmax_scaler', 'svm']",0,3,True
193,MiceProtein,MiceProtein,146800,40966,train,0.6989317036624847,0.0071077176835387945,0.37816180712868996,0.7189317036624847,['svm'],0,1,False
194,analcatdata_authorship,analcatdata_authorship,3549,458,train,0.9491161470108838,0.011592100529621044,0.37627099809304654,0.9891161470108838,"['pca', 'random_forest']",0,2,False
195,breast-w,breast-w,15,15,train,0.9523389355742297,0.007199976244010031,0.3743896431025813,0.9723389355742297,['svm'],0,1,False
196,cylinder-bands,cylinder-bands,14954,6332,train,0.4092397660818713,0.015356828458607197,0.37251769488706843,0.4292397660818713,['svm'],0,1,False
197,car,car,146821,40975,train,0.9151110581357987,0.013064036145806313,0.3706551064126331,0.9351110581357988,['svm'],0,1,True
198,dresses-sales,dresses-sales,125920,23381,train,0.6123630136986301,0.008094470482319593,0.36880183088056995,0.6323630136986301,['random_forest'],0,1,True
199,pc1,pc1,3918,1068,train,0.6271738303537466,0.010766221055140099,0.3669578217261671,0.6671738303537467,"['standard_scaler', 'knn']",0,2,False
200,jm1,jm1,3904,1053,train,0.45656662119145064,0.011409651022404432,0.36512303261753626,0.47656662119145066,['svm'],0,1,True
201,electricity,electricity,219,151,train,0.7432443368921977,0.010043226880952716,0.3632974174544486,0.7632443368921977,['svm'],0,1,True
202,kc2,kc2,3913,1063,train,0.6461702127659574,0.02121953045328458,0.3614809303671764,0.6861702127659575,"['minmax_scaler', 'random_forest']",0,2,False
203,analcatdata_dmft,analcatdata_dmft,3560,469,train,0.16382357413366963,0.02510423120111227,0.3596735257153405,0.18382357413366965,['svm'],0,1,True
204,cnae-9,cnae-9,9981,1468,train,0.8864438290727232,0.009494116995483637,0.3578751580867638,0.9064438290727233,['svm'],0,1,False
205,balance-scale,balance-scale,11,11,train,0.602476064949567,0.020686133299022913,0.35608578229633,0.622476064949567,['svm'],0,1,False
206,mfeat-pixel,mfeat-pixel,146824,40979,train,0.9600170983936368,0.02171349385753274,0.3543053533848483,0.9800170983936368,['svm'],0,1,False
207,sick,sick,3021,38,train,0.8878153653122285,0.007851258385926485,0.35253382661792404,0.9078153653122285,['random_forest'],0,1,True
208,texture,texture,125922,40499,train,0.9550832992800269,0.01249309303238988,0.3507711574848344,0.9750832992800269,['random_forest'],0,1,True
209,adult,adult,7592,1590,train,0.6185890315517069,0.009507724083960056,0.34901730169741024,0.6385890315517069,['knn'],0,1,False
210,ilpd,ilpd,9971,1480,train,0.3951785714285714,0.00745485897641629,0.3472722151889232,0.4151785714285714,['svm'],0,1,True
211,mnist_784,mnist_784,3573,554,train,0.9499620107109487,0.014042133465409279,0.3455358541129786,0.9699620107109487,['knn'],0,1,False
212,kr-vs-kp,kr-vs-kp,3,3,train,0.9353880279833093,0.019266887567937374,0.3438081748424137,0.9553880279833094,['svm'],0,1,True
213,vowel,vowel,3022,307,train,0.8888111439266767,0.011840299858401218,0.3420891339682016,0.9288111439266767,"['pca', 'random_forest']",0,2,False
214,connect-4,connect-4,146195,40668,train,0.5604683512721392,0.00871597370132804,0.3403786882983606,0.5804683512721392,['svm'],0,1,False
215,GesturePhaseSegmentationProcessed,GesturePhaseSegmentationProcessed,14969,4538,train,0.5664001420260103,0.008530976250767708,0.3386767948568688,0.5864001420260103,['random_forest'],0,1,False
216,ozone-level-8hr,ozone-level-8hr,9978,1487,train,0.6017650962176508,0.00889434339478612,0.33698341088258443,0.6217650962176509,['random_forest'],0,1,True
217,climate-model-simulation-crashes,climate-model-simulation-crashes,146819,40994,train,0.5217816091954023,0.01294229676326116,0.3352984938281715,0.5617816091954023,"['feature_selection', 'svm']",0,2,False
218,numerai28.6,numerai28.6,167120,23517,train,0.4997472869470382,0.011703993659466505,0.33362200135903064,0.5197472869470382,['svm'],0,1,True
219,blood-transfusion-service-center,blood-transfusion-service-center,10101,1464,train,0.4387336782458734,0.020564144011586905,0.33195389135223546,0.4587336782458734,['svm'],0,1,True
220,mfeat-factors,mfeat-factors,12,12,train,0.924337382248156,0.010250343630711237,0.3302941218954743,0.964337382248156,"['standard_scaler', 'knn']",0,2,False
221,banknote-authentication,banknote-authentication,10093,1462,train,0.9767240922342963,0.017465670593082905,0.32864265128599696,0.9967240922342964,['svm'],0,1,True
222,first-order-theorem-proving,first-order-theorem-proving,9985,1475,train,0.48185933937223024,0.016910494305193424,0.326999438029567,0.5018593393722303,['random_forest'],0,1,True
223,mfeat-karhunen,mfeat-karhunen,16,16,train,0.962266485276634,0.01255211466923356,0.3253644408394192,0.9822664852766341,['svm'],0,1,True
224,letter,letter,6,6,train,0.9025431061109469,0.009370309766381979,0.3237376186352221,0.9225431061109469,['svm'],0,1,False
225,pc4,pc4,3902,1049,train,0.44753246753246756,0.011924737598747015,0.322118930542046,0.4675324675324676,['svm'],0,1,False
226,Devnagari-Script,Devnagari-Script,167121,40923,train,0.8627855012260914,0.010720425440619389,0.32050833588933575,0.9027855012260915,"['standard_scaler', 'knn']",0,2,False
227,isolet,isolet,3481,300,train,0.869801282532608,0.009649014158640057,0.31890579420988907,0.889801282532608,['knn'],0,1,True
228,mfeat-morphological,mfeat-morphological,18,18,train,0.37619566871878,0.00927922734990716,0.3173112652388396,0.39619566871878004,['svm'],0,1,True
229,tic-tac-toe,tic-tac-toe,49,50,train,0.9071624266144813,0.014931694604456425,0.3157247089126454,0.9471624266144814,"['minmax_scaler', 'svm']",0,2,False
230,semeion,semeion,9964,1501,train,0.9356931871239985,0.015301135368645191,0.3141460853680822,0.9556931871239985,['svm'],0,1,True
231,satimage,satimage,2074,182,train,0.8827900918802077,0.012009194120764732,0.3125753549412418,0.9027900918802078,['random_forest'],0,1,True
232,churn,churn,167141,40701,train,0.864628078216103,0.013740470632910728,0.31101247816653554,0.884628078216103,['random_forest'],0,1,False
233,dna,dna,167140,40670,train,0.9275867284907408,0.020687606185674667,0.30945741577570285,0.9475867284907408,['svm'],0,1,False
234,credit-g,credit-g,31,31,train,0.46743386243386237,0.008626641472801566,0.3079101286968243,0.4874338624338624,['svm'],0,1,True
235,credit-approval,credit-approval,29,29,train,0.553687292601991,0.014170014532282948,0.3063705780533402,0.573687292601991,['svm'],0,1,True
236,mfeat-fourier,mfeat-fourier,14,14,train,0.8070056981911784,0.01802765391767025,0.30483872516307353,0.8270056981911784,['random_forest'],0,1,True
237,Fashion-MNIST,Fashion-MNIST,146825,40996,train,0.8320082835895705,0.013049553381279111,0.3033145315372582,0.8520082835895705,['knn'],0,1,True
238,splice,splice,45,46,train,0.9339648601916312,0.02808373887091875,0.3017979588795719,0.9539648601916312,['random_forest'],0,1,True
239,eucalyptus,eucalyptus,2079,188,train,0.14959646213377553,0.012633511563763022,0.30028896908517405,0.16959646213377555,['svm'],0,1,False
240,PhishingWebsites,PhishingWebsites,14952,4534,train,0.8857059397705829,0.014587715035304427,0.2987875242397482,0.9457059397705829,"['feature_selection', 'standard_scaler', 'knn']",0,3,False
241,splice,splice,45,46,train,0.947365020467326,0.012107735965400934,0.29729358661854943,0.967365020467326,['svm'],0,1,True
242,texture,texture,125922,40499,train,0.9550832992800269,0.019102842546999454,0.29580711868545667,0.9750832992800269,['random_forest'],0,1,True
243,nomao,nomao,9977,1486,train,0.8993120468882341,0.013222729787230492,0.2943280830920294,0.9393120468882341,"['pca', 'knn']",0,2,False
244,pc1,pc1,3918,1068,train,0.4613278008298755,0.014772702939808369,0.29285644267656924,0.48132780082987553,['svm'],0,1,True
245,credit-g,credit-g,31,31,train,0.46743386243386237,0.026264707557857037,0.2913921604631864,0.4874338624338624,['svm'],0,1,True
246,bank-marketing,bank-marketing,14965,1461,train,0.6997413385114349,0.012220604810863733,0.28993519966087045,0.719741338511435,['random_forest'],0,1,True
247,climate-model-simulation-crashes,climate-model-simulation-crashes,146819,40994,train,0.5417816091954023,0.01575870206579566,0.2884855236625661,0.5617816091954023,['svm'],0,1,True
248,kr-vs-kp,kr-vs-kp,3,3,train,0.9353880279833093,0.012280863709747791,0.28704309604425327,0.9553880279833094,['svm'],0,1,True
249,isolet,isolet,3481,300,train,0.946933827324566,0.011978361057117581,0.285607880564032,0.966933827324566,['svm'],0,1,False
250,sick,sick,3021,38,train,0.8878153653122285,0.017448225989937782,0.28417984116121187,0.9078153653122285,['random_forest'],0,1,True
251,first-order-theorem-proving,first-order-theorem-proving,9985,1475,train,0.3428522557498767,0.00830928049981594,0.2827589419554058,0.36285225574987673,['svm'],0,1,True
252,mnist_784,mnist_784,3573,554,train,0.9566883051675554,0.015074740629643202,0.28134514724562876,0.9766883051675554,['svm'],0,1,True
253,mfeat-morphological,mfeat-morphological,18,18,train,0.37619566871878,0.011314281029626727,0.2799384215094006,0.39619566871878004,['svm'],0,1,True
254,analcatdata_dmft,analcatdata_dmft,3560,469,train,0.14105672105672104,0.013508903444744647,0.27853872940185365,0.20105672105672104,"['standard_scaler', 'pca', 'knn']",0,3,False
255,wall-robot-navigation,wall-robot-navigation,9960,1497,train,0.8408976360797563,0.01754312263801694,0.27714603575484437,0.8608976360797563,['svm'],0,1,False
256,banknote-authentication,banknote-authentication,10093,1462,train,0.9767240922342963,0.008366109104827046,0.2757603055760701,0.9967240922342964,['svm'],0,1,True
257,breast-w,breast-w,15,15,train,0.9323389355742296,0.015347926877439022,0.2743815040481898,0.9723389355742297,"['feature_selection', 'svm']",0,2,False
258,dresses-sales,dresses-sales,125920,23381,train,0.5875283957570637,0.011708918493241072,0.2730095965279488,0.6075283957570637,['svm'],0,1,True
259,Internet-Advertisements,Internet-Advertisements,167125,40978,train,0.9329336734693876,0.014367952477186918,0.27164454854530906,0.9529336734693876,['random_forest'],0,1,False
260,har,har,14970,1478,train,0.9440564175807428,0.00639149802736938,0.2702863258025825,0.9640564175807428,['knn'],0,1,True
261,MiceProtein,MiceProtein,146800,40966,train,0.6989317036624847,0.008611734490841627,0.2689348941735696,0.7189317036624847,['svm'],0,1,True
262,cylinder-bands,cylinder-bands,14954,6332,train,0.609388908512893,0.011098097078502178,0.26759021970270175,0.629388908512893,['knn'],0,1,False
263,numerai28.6,numerai28.6,167120,23517,train,0.4997472869470382,0.011514151934534311,0.2662522686041882,0.5197472869470382,['svm'],0,1,True
264,blood-transfusion-service-center,blood-transfusion-service-center,10101,1464,train,0.4187336782458734,0.01407009114821752,0.2649210072611673,0.4587336782458734,"['feature_selection', 'svm']",0,2,False
265,GesturePhaseSegmentationProcessed,GesturePhaseSegmentationProcessed,14969,4538,train,0.4830928247908257,0.013998505038519701,0.26359640222486147,0.5230928247908258,"['standard_scaler', 'knn']",0,2,False
266,analcatdata_authorship,analcatdata_authorship,3549,458,train,0.976375098502758,0.012968754628673196,0.26227842021373715,0.9963750985027581,['svm'],0,1,True
267,letter,letter,6,6,train,0.9025431061109469,0.01688314788043499,0.2609670281126685,0.9225431061109469,['svm'],0,1,True
268,credit-approval,credit-approval,29,29,train,0.553687292601991,0.0069103401619941,0.25966219297210513,0.573687292601991,['svm'],0,1,True
269,kc2,kc2,3913,1063,train,0.4990501506290981,0.007233675802126527,0.2583638820072446,0.5190501506290981,['svm'],0,1,False
270,mfeat-pixel,mfeat-pixel,146824,40979,train,0.9512976271040787,0.0163514893501997,0.2570720625972084,0.9712976271040787,['random_forest'],0,1,True
271,mfeat-karhunen,mfeat-karhunen,16,16,train,0.8954254778713107,0.016891091945581138,0.25578670228422234,0.9554254778713107,"['minmax_scaler', 'feature_selection', 'knn']",0,3,False
272,ozone-level-8hr,ozone-level-8hr,9978,1487,train,0.6017650962176508,0.01519289263524115,0.25450776877280124,0.6217650962176509,['random_forest'],0,1,True
273,cnae-9,cnae-9,9981,1468,train,0.8864438290727232,0.016125931404531002,0.2532352299289372,0.9064438290727233,['svm'],0,1,True
274,electricity,electricity,219,151,train,0.7432443368921977,0.0081982403062284,0.2519690537792925,0.7632443368921977,['svm'],0,1,True
275,balance-scale,balance-scale,11,11,train,0.602476064949567,0.01337628299370408,0.2507092085103961,0.622476064949567,['svm'],0,1,True
276,pc4,pc4,3902,1049,train,0.44753246753246756,0.018096168991178274,0.2494556624678441,0.4675324675324676,['svm'],0,1,True
277,churn,churn,167141,40701,train,0.4419799139167862,0.01253100810572505,0.24820838415550486,0.4619799139167862,['svm'],0,1,True
278,cmc,cmc,23,23,train,0.4738723211909788,0.018672398757189512,0.24696734223472733,0.4938723211909788,['knn'],0,1,False
279,adult,adult,7592,1590,train,0.7692875583366886,0.01765497773885727,0.2457325055235537,0.7892875583366886,['random_forest'],0,1,True
280,wdbc,wdbc,9946,1510,train,0.846285953060798,0.01845416473224759,0.24450384299593592,0.866285953060798,['svm'],0,1,True
281,mfeat-fourier,mfeat-fourier,14,14,train,0.8356033166401582,0.012993910349905491,0.24328132378095624,0.8556033166401582,['svm'],0,1,False
282,connect-4,connect-4,146195,40668,train,0.6031804832812043,0.015621865633875132,0.24206491716205145,0.6231804832812043,['random_forest'],0,1,True
283,CIFAR_10,CIFAR_10,167124,40927,train,0.3103319565099506,0.01662407722324133,0.2408545925762412,0.35033195650995064,"['pca', 'knn']",0,2,False
284,dna,dna,167140,40670,train,0.9069010386258641,0.013515148932735125,0.23965031961336,0.9469010386258642,"['minmax_scaler', 'random_forest']",0,2,False
285,Devnagari-Script,Devnagari-Script,167121,40923,train,0.7915505845565055,0.010898088570684195,0.2384520680152932,0.8315505845565055,"['pca', 'random_forest']",0,2,False
286,vowel,vowel,3022,307,train,0.9308934570440405,0.01701457123272121,0.23725980767521673,0.9508934570440405,['random_forest'],0,1,False
287,jm1,jm1,3904,1053,train,0.590357548713235,0.00684401229955256,0.23607350863684065,0.610357548713235,['random_forest'],0,1,False
288,tic-tac-toe,tic-tac-toe,49,50,train,0.9271624266144813,0.0096198208630085,0.23489314109365644,0.9471624266144814,['svm'],0,1,False
289,satimage,satimage,2074,182,train,0.8827900918802077,0.016964024398475885,0.23371867538818816,0.9027900918802078,['random_forest'],0,1,True
290,car,car,146821,40975,train,0.9151110581357987,0.0078486620914191,0.23255008201124722,0.9351110581357988,['svm'],0,1,True
291,wilt,wilt,146820,40983,train,0.466078338839075,0.011900963261723518,0.231387331601191,0.48607833883907503,['svm'],0,1,True
292,segment,segment,146822,40984,train,0.7063593415196645,0.014617943670600653,0.23023039494318503,0.7263593415196645,['svm'],0,1,True
293,eucalyptus,eucalyptus,2079,188,train,0.14959646213377553,0.007622306235134602,0.2290792429684691,0.16959646213377555,['svm'],0,1,True
294,Fashion-MNIST,Fashion-MNIST,146825,40996,train,0.8320082835895705,0.026024106424301863,0.22793384675362674,0.8520082835895705,['knn'],0,1,True
295,ilpd,ilpd,9971,1480,train,0.3951785714285714,0.017518332228064537,0.22679417751985861,0.4151785714285714,['svm'],0,1,True
296,mfeat-zernike,mfeat-zernike,22,22,train,0.8019942340973475,0.025337697006762028,0.22566020663225933,0.8219942340973475,['svm'],0,1,True
297,jungle_chess_2pcs_raw_endgame_complete,jungle_chess_2pcs_raw_endgame_complete,167119,41027,train,0.7287484216304789,0.019256585277616978,0.22453190559909803,0.7487484216304789,['svm'],0,1,True
298,mfeat-factors,mfeat-factors,12,12,train,0.8557700906395882,0.019237586297094822,0.22340924607110255,0.8757700906395882,['svm'],0,1,False
299,semeion,semeion,9964,1501,train,0.9356931871239985,0.009456600062549114,0.22229219984074702,0.9556931871239985,['svm'],0,1,True
300,bank-marketing,bank-marketing,14965,1461,train,0.6997413385114349,0.010976266115903854,0.2211807388415433,0.719741338511435,['random_forest'],0,1,True
301,pc4,pc4,3902,1049,train,0.4930866785452258,0.010293934610672295,0.22007483514733558,0.5530866785452259,"['pca', 'minmax_scaler', 'knn']",0,3,False
302,connect-4,connect-4,146195,40668,train,0.6031804832812043,0.009489740710705519,0.2189744609715989,0.6231804832812043,['random_forest'],0,1,True
303,analcatdata_dmft,analcatdata_dmft,3560,469,train,0.1063483629294477,0.023279900662600994,0.2178795886667409,0.1463483629294477,"['pca', 'random_forest']",0,2,False
304,mfeat-pixel,mfeat-pixel,146824,40979,train,0.9512976271040787,0.017624995671212673,0.2167901907234072,0.9712976271040787,['random_forest'],0,1,True
305,cylinder-bands,cylinder-bands,14954,6332,train,0.4092397660818713,0.01204593270085752,0.21570623976979014,0.4292397660818713,['svm'],0,1,True
306,dna,dna,167140,40670,train,0.9269010386258641,0.013643096666783094,0.21462770857094118,0.9469010386258642,['random_forest'],0,1,True
307,CIFAR_10,CIFAR_10,167124,40927,train,0.2833131798032224,0.020570948409537475,0.21355457002808648,0.32331317980322244,"['minmax_scaler', 'knn']",0,2,False
308,kr-vs-kp,kr-vs-kp,3,3,train,0.9069764011799409,0.016754989822705586,0.21248679717794605,0.946976401179941,"['minmax_scaler', 'knn']",0,2,False
309,mfeat-karhunen,mfeat-karhunen,16,16,train,0.962266485276634,0.0259914742782712,0.21142436319205632,0.9822664852766341,['svm'],0,1,True
310,semeion,semeion,9964,1501,train,0.8704698056804392,0.012203024351038039,0.21036724137609603,0.9304698056804392,"['pca', 'minmax_scaler', 'svm']",0,3,False
311,nomao,nomao,9977,1486,train,0.9246267826578155,0.017154579050838947,0.20931540516921554,0.9446267826578155,['svm'],0,1,False
312,splice,splice,45,46,train,0.9339648601916312,0.013303725980222225,0.20826882814336947,0.9539648601916312,['random_forest'],0,1,True
313,tic-tac-toe,tic-tac-toe,49,50,train,0.9326211888572056,0.014760700520128012,0.20722748400265262,0.9526211888572056,['random_forest'],0,1,False
314,cmc,cmc,23,23,train,0.47920441213862724,0.015091350302100182,0.20619134658263935,0.49920441213862726,['random_forest'],0,1,False
315,Fashion-MNIST,Fashion-MNIST,146825,40996,train,0.8320082835895705,0.010517110116779804,0.20516038984972615,0.8520082835895705,['knn'],0,1,True
316,dresses-sales,dresses-sales,125920,23381,train,0.6123630136986301,0.02526230551302433,0.2041345879004775,0.6323630136986301,['random_forest'],0,1,True
317,har,har,14970,1478,train,0.9440564175807428,0.012050652876496315,0.2031139149609751,0.9640564175807428,['knn'],0,1,True
318,wilt,wilt,146820,40983,train,0.466078338839075,0.013041476253420115,0.20209834538617025,0.48607833883907503,['svm'],0,1,True
319,sick,sick,3021,38,train,0.4642041312272175,0.02432958595454693,0.2010878536592394,0.4842041312272175,['svm'],0,1,True
320,ozone-level-8hr,ozone-level-8hr,9978,1487,train,0.463695652173913,0.023565500043332577,0.2000824143909432,0.483695652173913,['svm'],0,1,False
321,kc2,kc2,3913,1063,train,0.4990501506290981,0.021040771156549454,0.19908200231898848,0.5190501506290981,['svm'],0,1,True
322,numerai28.6,numerai28.6,167120,23517,train,0.4997472869470382,0.017351557034999132,0.19808659230739353,0.5197472869470382,['svm'],0,1,True
323,climate-model-simulation-crashes,climate-model-simulation-crashes,146819,40994,train,0.6768944099378882,0.008837302448228002,0.19709615934585656,0.6968944099378882,['knn'],0,1,False
324,adult,adult,7592,1590,train,0.5626919891456221,0.01565142162144184,0.19611067854912728,0.5826919891456221,['svm'],0,1,True
325,balance-scale,balance-scale,11,11,train,0.602476064949567,0.018683246336877346,0.19513012515638165,0.622476064949567,['svm'],0,1,True
326,wall-robot-navigation,wall-robot-navigation,9960,1497,train,0.9678933336618712,0.022974718362092972,0.19415447453059972,0.9878933336618713,['random_forest'],0,1,True
327,vowel,vowel,3022,307,train,0.9308934570440405,0.017123244935646653,0.19318370215794672,0.9508934570440405,['random_forest'],0,1,True
328,blood-transfusion-service-center,blood-transfusion-service-center,10101,1464,train,0.6248365182542398,0.017027169466018677,0.192217783647157,0.6448365182542398,['random_forest'],0,1,False
329,letter,letter,6,6,train,0.9192179558944569,0.020643118148048718,0.1912566947289212,0.9592179558944569,"['minmax_scaler', 'random_forest']",0,2,False
330,Internet-Advertisements,Internet-Advertisements,167125,40978,train,0.9329336734693876,0.011096479836851358,0.1903004112552766,0.9529336734693876,['random_forest'],0,1,True
331,credit-approval,credit-approval,29,29,train,0.553687292601991,0.024726077914237976,0.18934890919900021,0.573687292601991,['svm'],0,1,True
332,Devnagari-Script,Devnagari-Script,167121,40923,train,0.8818164242003736,0.009012646041810513,0.18840216465300522,0.9018164242003737,['knn'],0,1,False
333,MiceProtein,MiceProtein,146800,40966,train,0.6989317036624847,0.018293631728738546,0.18746015382974018,0.7189317036624847,['svm'],0,1,True
334,GesturePhaseSegmentationProcessed,GesturePhaseSegmentationProcessed,14969,4538,train,0.5162302511400314,0.010680681094527245,0.1865228530605915,0.5362302511400314,['knn'],0,1,True
335,analcatdata_authorship,analcatdata_authorship,3549,458,train,0.9514013252829041,0.016927491563061874,0.18559023879528855,0.9914013252829041,"['standard_scaler', 'random_forest']",0,2,False
336,cnae-9,cnae-9,9981,1468,train,0.9026888468669629,0.019065020605921745,0.1846622876013121,0.922688846866963,['random_forest'],0,1,False
337,satimage,satimage,2074,182,train,0.8827900918802077,0.03106194455176592,0.18373897616330553,0.9027900918802078,['random_forest'],0,1,True
338,pc1,pc1,3918,1068,train,0.6837644699662747,0.00899473950266838,0.182820281282489,0.7037644699662747,['random_forest'],0,1,False
339,electricity,electricity,219,151,train,0.7838678612262846,0.014007412207623323,0.18190617987607657,0.8238678612262846,"['standard_scaler', 'knn']",0,2,False
340,isolet,isolet,3481,300,train,0.869801282532608,0.017881285399198532,0.18099664897669618,0.889801282532608,['knn'],0,1,True
341,PhishingWebsites,PhishingWebsites,14952,4534,train,0.937478248751719,0.02027867967262864,0.1800916657318127,0.957478248751719,['svm'],0,1,True
342,mfeat-morphological,mfeat-morphological,18,18,train,0.4447002914441073,0.014626643154770136,0.17919120740315364,0.4647002914441073,['knn'],0,1,True
343,wdbc,wdbc,9946,1510,train,0.846285953060798,0.01767350547015667,0.17829525136613786,0.866285953060798,['svm'],0,1,True
344,churn,churn,167141,40701,train,0.864628078216103,0.011951189488172531,0.17740377510930716,0.884628078216103,['random_forest'],0,1,True
345,mnist_784,mnist_784,3573,554,train,0.9499620107109487,0.019452822394669056,0.17651675623376062,0.9699620107109487,['knn'],0,1,True
346,mfeat-fourier,mfeat-fourier,14,14,train,0.8325923088975548,0.009720776230096817,0.1756341724525918,0.8525923088975548,['knn'],0,1,False
347,texture,texture,125922,40499,train,0.945486235133812,0.013877141910294691,0.17475600159032884,0.9854862351338121,"['feature_selection', 'knn']",0,2,False
348,eucalyptus,eucalyptus,2079,188,train,0.5836357305686019,0.005650112871080637,0.17388222158237718,0.6036357305686019,['random_forest'],0,1,False
349,first-order-theorem-proving,first-order-theorem-proving,9985,1475,train,0.48185933937223024,0.012815127382054925,0.1730128104744653,0.5018593393722303,['random_forest'],0,1,True
350,mfeat-factors,mfeat-factors,12,12,train,0.924337382248156,0.018777023690442245,0.17214774642209296,0.964337382248156,"['standard_scaler', 'knn']",0,2,True
351,banknote-authentication,banknote-authentication,10093,1462,train,0.9767240922342963,0.010520115960389376,0.1712870076899825,0.9967240922342964,['svm'],0,1,True
352,segment,segment,146822,40984,train,0.7063593415196645,0.012893269769847393,0.17043057265153258,0.7263593415196645,['svm'],0,1,True
353,jungle_chess_2pcs_raw_endgame_complete,jungle_chess_2pcs_raw_endgame_complete,167119,41027,train,0.7107359034596774,0.009563609647254149,0.16957841978827493,0.7507359034596774,"['minmax_scaler', 'svm']",0,2,False
354,credit-g,credit-g,31,31,train,0.46743386243386237,0.007166140479966998,0.16873052768933355,0.4874338624338624,['svm'],0,1,True
355,mfeat-zernike,mfeat-zernike,22,22,train,0.8019942340973475,0.021232434082776308,0.1678868750508869,0.8219942340973475,['svm'],0,1,True
356,car,car,146821,40975,train,0.9151110581357987,0.01257321983575821,0.16704744067563246,0.9351110581357988,['svm'],0,1,True
357,breast-w,breast-w,15,15,train,0.9523389355742297,0.011702661402523518,0.1662122034722543,0.9723389355742297,['svm'],0,1,True
358,jm1,jm1,3904,1053,train,0.48864461670584924,0.011234952447315058,0.16538114245489302,0.5286446167058493,"['minmax_scaler', 'svm']",0,2,False
359,ilpd,ilpd,9971,1480,train,0.3951785714285714,0.011206863448023796,0.16455423674261854,0.4151785714285714,['svm'],0,1,True
360,segment,segment,146822,40984,train,0.9031466907479032,0.0072652604430913925,0.16373146555890544,0.9231466907479032,['random_forest'],0,1,True
361,wall-robot-navigation,wall-robot-navigation,9960,1497,train,0.9678933336618712,0.009861361235380173,0.16291280823111093,0.9878933336618713,['random_forest'],0,1,True
362,pc4,pc4,3902,1049,train,0.6458176260825267,0.01418088749051094,0.16209824418995536,0.6658176260825267,['random_forest'],0,1,False
363,analcatdata_dmft,analcatdata_dmft,3560,469,train,0.15291243663309392,0.011825414840131998,0.16128775296900558,0.17291243663309394,['random_forest'],0,1,False
364,nomao,nomao,9977,1486,train,0.8771245818642808,0.013231801567599177,0.16048131420416054,0.9371245818642808,"['pca', 'minmax_scaler', 'knn']",0,3,False
365,analcatdata_authorship,analcatdata_authorship,3549,458,train,0.8680243250636533,0.01948183821514249,0.15967890763313974,0.9280243250636534,"['pca', 'standard_scaler', 'knn']",0,3,False
366,mfeat-morphological,mfeat-morphological,18,18,train,0.4447002914441073,0.009875405114144087,0.15888051309497406,0.4647002914441073,['knn'],0,1,True
367,dna,dna,167140,40670,train,0.690910710537445,0.017768547870218754,0.1580861105294992,0.730910710537445,"['standard_scaler', 'knn']",0,2,False
368,ilpd,ilpd,9971,1480,train,0.6630645161290323,0.010541775031015277,0.1572956799768517,0.6830645161290323,['random_forest'],0,1,True
369,Fashion-MNIST,Fashion-MNIST,146825,40996,train,0.8320082835895705,0.013585644774138927,0.15650920157696743,0.8520082835895705,['knn'],0,1,True
370,vowel,vowel,3022,307,train,0.7511816957073604,0.008067081915214658,0.1557266555690826,0.7711816957073604,['knn'],0,1,True
371,connect-4,connect-4,146195,40668,train,0.5661198350730884,0.008290335070341825,0.1549480222912372,0.5861198350730884,['knn'],0,1,True
372,breast-w,breast-w,15,15,train,0.9523389355742297,0.0064611658453941345,0.15417328217978102,0.9723389355742297,['svm'],0,1,True
373,har,har,14970,1478,train,0.923475619213098,0.010459950348983208,0.1534024157688821,0.963475619213098,"['standard_scaler', 'knn']",0,2,False
374,mfeat-zernike,mfeat-zernike,22,22,train,0.8107004958533077,0.02216820139437914,0.1526354036900377,0.8307004958533077,['knn'],0,1,False
375,mfeat-pixel,mfeat-pixel,146824,40979,train,0.9577970195141666,0.013816994149237871,0.1518722266715875,0.9777970195141666,['knn'],0,1,False
376,car,car,146821,40975,train,0.913771772421513,0.023480909876525402,0.15111286553822956,0.933771772421513,['random_forest'],0,1,False
377,jm1,jm1,3904,1053,train,0.5613183991195386,0.02104164008051157,0.15035730121053842,0.6013183991195387,"['standard_scaler', 'knn']",0,2,False
378,PhishingWebsites,PhishingWebsites,14952,4534,train,0.937478248751719,0.014146295841783285,0.14960551470448571,0.957478248751719,['svm'],0,1,True
379,credit-g,credit-g,31,31,train,0.46743386243386237,0.02090438548475504,0.14885748713096328,0.4874338624338624,['svm'],0,1,True
380,mfeat-fourier,mfeat-fourier,14,14,train,0.8325923088975548,0.0150979058817029,0.14811319969530845,0.8525923088975548,['knn'],0,1,True
381,mfeat-karhunen,mfeat-karhunen,16,16,train,0.9355687356619157,0.00904368314271172,0.1473726336968319,0.9755687356619157,"['feature_selection', 'knn']",0,2,False
382,cnae-9,cnae-9,9981,1468,train,0.8864438290727232,0.015338383615016937,0.14663577052834775,0.9064438290727233,['svm'],0,1,True
383,first-order-theorem-proving,first-order-theorem-proving,9985,1475,train,0.35340791762272095,0.020454690791666508,0.14590259167570602,0.41340791762272094,"['pca', 'minmax_scaler', 'knn']",0,3,False
384,cmc,cmc,23,23,train,0.47920441213862724,0.016432163771241903,0.1451730787173275,0.49920441213862726,['random_forest'],0,1,True
385,sick,sick,3021,38,train,0.8878153653122285,0.011701981537044048,0.14444721332374086,0.9078153653122285,['random_forest'],0,1,True
386,climate-model-simulation-crashes,climate-model-simulation-crashes,146819,40994,train,0.5417816091954023,0.01289153634570539,0.14372497725712216,0.5617816091954023,['random_forest'],0,1,False
387,kc2,kc2,3913,1063,train,0.4990501506290981,0.01963452948257327,0.14300635237083656,0.5190501506290981,['svm'],0,1,True
388,wilt,wilt,146820,40983,train,0.5484099202177004,0.01627364754676819,0.14229132060898236,0.5884099202177004,"['minmax_scaler', 'knn']",0,2,False
389,tic-tac-toe,tic-tac-toe,49,50,train,0.9271624266144813,0.009121977491304278,0.14157986400593744,0.9471624266144814,['svm'],0,1,True
390,texture,texture,125922,40499,train,0.9438383438358365,0.014835485567649206,0.14087196468590776,0.9838383438358366,"['minmax_scaler', 'knn']",0,2,False
391,ozone-level-8hr,ozone-level-8hr,9978,1487,train,0.6017650962176508,0.017990424297749996,0.14016760486247823,0.6217650962176509,['random_forest'],0,1,True
392,wdbc,wdbc,9946,1510,train,0.846285953060798,0.012636426370590925,0.13946676683816583,0.866285953060798,['svm'],0,1,True
393,cylinder-bands,cylinder-bands,14954,6332,train,0.609388908512893,0.018926446326076984,0.138769433003975,0.629388908512893,['knn'],0,1,True
394,isolet,isolet,3481,300,train,0.869801282532608,0.016787554137408733,0.13807558583895513,0.889801282532608,['knn'],0,1,True
395,satimage,satimage,2074,182,train,0.863313297873049,0.02214509528130293,0.13738520790976036,0.883313297873049,['knn'],0,1,True
396,credit-approval,credit-approval,29,29,train,0.553687292601991,0.014345650095492601,0.13669828187021155,0.573687292601991,['svm'],0,1,True
397,eucalyptus,eucalyptus,2079,188,train,0.14959646213377553,0.017365507781505585,0.13601479046086049,0.16959646213377555,['svm'],0,1,True
398,dresses-sales,dresses-sales,125920,23381,train,0.5875283957570637,0.024073787033557892,0.1353347165085562,0.6075283957570637,['svm'],0,1,True
399,balance-scale,balance-scale,11,11,train,0.5619121878771002,0.008337173145264387,0.1346580429260134,0.6019121878771002,"['pca', 'random_forest']",0,2,False
400,electricity,electricity,219,151,train,0.7510693067263153,0.012250461770842472,0.13398475271138335,0.7910693067263154,"['minmax_scaler', 'knn']",0,2,False
401,letter,letter,6,6,train,0.9006297974609265,0.024410654480258625,0.13331482894782642,0.9406297974609266,"['minmax_scaler', 'knn']",0,2,False
402,churn,churn,167141,40701,train,0.864628078216103,0.010535710956901312,0.13264825480308728,0.884628078216103,['random_forest'],0,1,True
403,bank-marketing,bank-marketing,14965,1461,train,0.6338365588808482,0.018984148744493723,0.13198501352907185,0.6538365588808482,['knn'],0,1,False
404,blood-transfusion-service-center,blood-transfusion-service-center,10101,1464,train,0.4387336782458734,0.023287594318389893,0.1313250884614265,0.4587336782458734,['svm'],0,1,True
405,Devnagari-Script,Devnagari-Script,167121,40923,train,0.8818164242003736,0.009500588523223996,0.13066846301911936,0.9018164242003737,['knn'],0,1,True
406,numerai28.6,numerai28.6,167120,23517,train,0.4997472869470382,0.011539158411324024,0.13001512070402377,0.5197472869470382,['svm'],0,1,True
407,CIFAR_10,CIFAR_10,167124,40927,train,0.5145921166096168,0.012194036971777678,0.12936504510050365,0.5345921166096168,['svm'],0,1,False
408,MiceProtein,MiceProtein,146800,40966,train,0.6789317036624847,0.008166588532427946,0.12871821987500112,0.7189317036624847,"['feature_selection', 'svm']",0,2,False
409,adult,adult,7592,1590,train,0.5626919891456221,0.015467885416001081,0.12807462877562611,0.5826919891456221,['svm'],0,1,True
410,pc1,pc1,3918,1068,train,0.6837644699662747,0.012781339697539806,0.12743425563174798,0.7037644699662747,['random_forest'],0,1,True
411,Internet-Advertisements,Internet-Advertisements,167125,40978,train,0.9329336734693876,0.012481954414397478,0.12679708435358925,0.9529336734693876,['random_forest'],0,1,True
412,jungle_chess_2pcs_raw_endgame_complete,jungle_chess_2pcs_raw_endgame_complete,167119,41027,train,0.6816244266648449,0.01534396130591631,0.1261630989318213,0.7216244266648449,"['standard_scaler', 'random_forest']",0,2,False
413,GesturePhaseSegmentationProcessed,GesturePhaseSegmentationProcessed,14969,4538,train,0.5435159270783851,0.011591462107996145,0.1255322834371622,0.5835159270783852,"['minmax_scaler', 'random_forest']",0,2,False
414,kr-vs-kp,kr-vs-kp,3,3,train,0.9353880279833093,0.015522972214967012,0.12490462201997637,0.9553880279833094,['svm'],0,1,True
415,semeion,semeion,9964,1501,train,0.9356931871239985,0.016454652417451143,0.1242800989098765,0.9556931871239985,['svm'],0,1,True
416,mfeat-factors,mfeat-factors,12,12,train,0.9445847245627411,0.014833813067525625,0.12365869841532712,0.9645847245627411,['random_forest'],0,1,False
417,banknote-authentication,banknote-authentication,10093,1462,train,0.9767240922342963,0.013191204518079758,0.12304040492325048,0.9967240922342964,['svm'],0,1,True
418,mnist_784,mnist_784,3573,554,train,0.9040581898400406,0.013668613818784555,0.12242520289863423,0.9440581898400406,"['standard_scaler', 'knn']",0,2,True
419,splice,splice,45,46,train,0.9339648601916312,0.017071912763640285,0.12181307688414106,0.9539648601916312,['random_forest'],0,1,True
420,blood-transfusion-service-center,blood-transfusion-service-center,10101,1464,train,0.4387336782458734,0.011808061972260475,0.12120401149972035,0.4587336782458734,['svm'],0,1,True
421,CIFAR_10,CIFAR_10,167124,40927,train,0.28310074308966715,0.020259997497002285,0.12059799144222175,0.3231007430896672,"['standard_scaler', 'knn']",0,2,False
422,connect-4,connect-4,146195,40668,train,0.6031804832812043,0.01997372740879655,0.11999500148501063,0.6231804832812043,['random_forest'],0,1,True
423,sick,sick,3021,38,train,0.8878153653122285,0.012699241749942303,0.11939502647758558,0.9078153653122285,['random_forest'],0,1,True
424,Devnagari-Script,Devnagari-Script,167121,40923,train,0.8818164242003736,0.016394399106502533,0.11879805134519765,0.9018164242003737,['knn'],0,1,True
425,kc2,kc2,3913,1063,train,0.6461702127659574,0.01449350081384182,0.11820406108847166,0.6861702127659575,"['standard_scaler', 'random_forest']",0,2,False
426,adult,adult,7592,1590,train,0.6185890315517069,0.013145587872713804,0.1176130407830293,0.6385890315517069,['knn'],0,1,True
427,wdbc,wdbc,9946,1510,train,0.846285953060798,0.02300586039200425,0.11702497557911415,0.866285953060798,['svm'],0,1,True
428,cmc,cmc,23,23,train,0.3414652014652015,0.01589994365349412,0.11643985070121858,0.3614652014652015,['svm'],0,1,False
429,Internet-Advertisements,Internet-Advertisements,167125,40978,train,0.8398024316109423,0.01806644257158041,0.11585765144771248,0.8598024316109423,['knn'],0,1,False
430,mfeat-factors,mfeat-factors,12,12,train,0.931167646065057,0.005087747238576412,0.11527836319047392,0.951167646065057,['knn'],0,1,True
431,mfeat-karhunen,mfeat-karhunen,16,16,train,0.9377886533129698,0.022094146348536015,0.11470197137452155,0.9577886533129698,['random_forest'],0,1,True
432,car,car,146821,40975,train,0.913771772421513,0.03147740475833416,0.11412846151764894,0.933771772421513,['random_forest'],0,1,True
433,first-order-theorem-proving,first-order-theorem-proving,9985,1475,train,0.36492871491018014,0.016001437169810135,0.1135578192100607,0.4049287149101802,"['minmax_scaler', 'knn']",0,2,False
434,mfeat-zernike,mfeat-zernike,22,22,train,0.7660314682126085,0.012974977493286133,0.11299003011401039,0.7860314682126085,['random_forest'],0,1,True
435,dna,dna,167140,40670,train,0.7212876420349014,0.01052071542168657,0.11242507996344034,0.7612876420349014,"['minmax_scaler', 'knn']",0,2,False
436,GesturePhaseSegmentationProcessed,GesturePhaseSegmentationProcessed,14969,4538,train,0.47948935265791237,0.013139425776898861,0.11186295456362313,0.5194893526579124,"['minmax_scaler', 'knn']",0,2,False
437,letter,letter,6,6,train,0.9192179558944569,0.0191550487652421,0.11130363979080501,0.9592179558944569,"['minmax_scaler', 'random_forest']",0,2,True
438,segment,segment,146822,40984,train,0.7063593415196645,0.009609166532754898,0.11074712159185099,0.7263593415196645,['svm'],0,1,True
439,cnae-9,cnae-9,9981,1468,train,0.8173106048885199,0.01367783018698295,0.11019338598389174,0.85731060488852,"['feature_selection', 'knn']",0,2,False
440,breast-w,breast-w,15,15,train,0.9523389355742297,0.019013455836102366,0.10964241905397228,0.9723389355742297,['svm'],0,1,True
441,nomao,nomao,9977,1486,train,0.9246267826578155,0.011304513551294804,0.10909420695870241,0.9446267826578155,['svm'],0,1,True
442,mfeat-pixel,mfeat-pixel,146824,40979,train,0.9312976271040787,0.019924386714895565,0.1085487359239089,0.9712976271040787,"['feature_selection', 'random_forest']",0,2,False
443,dresses-sales,dresses-sales,125920,23381,train,0.5714021695460023,0.018944439478218555,0.10800599224428936,0.5914021695460023,['knn'],0,1,False
444,electricity,electricity,219,151,train,0.7432443368921977,0.02348117809742689,0.10746596228306791,0.7632443368921977,['svm'],0,1,True
445,PhishingWebsites,PhishingWebsites,14952,4534,train,0.937478248751719,0.02530184295028448,0.10692863247165257,0.957478248751719,['svm'],0,1,True
446,Fashion-MNIST,Fashion-MNIST,146825,40996,train,0.8119452746431308,0.01580975189184149,0.1063939893092943,0.8519452746431309,"['minmax_scaler', 'knn']",0,2,False
447,vowel,vowel,3022,307,train,0.9308934570440405,0.022359153255820274,0.10586201936274783,0.9508934570440405,['random_forest'],0,1,True
448,kr-vs-kp,kr-vs-kp,3,3,train,0.9069764011799409,0.012428751215338707,0.10533270926593409,0.946976401179941,"['minmax_scaler', 'knn']",0,2,True
449,mfeat-fourier,mfeat-fourier,14,14,train,0.7870056981911784,0.009855688239137331,0.10480604571960442,0.8270056981911784,"['minmax_scaler', 'random_forest']",0,2,False
450,ozone-level-8hr,ozone-level-8hr,9978,1487,train,0.6017650962176508,0.015476314118131995,0.1042820154910064,0.6217650962176509,['random_forest'],0,1,True
451,splice,splice,45,46,train,0.7159150556578209,0.01667891233228147,0.10376060541355137,0.7759150556578209,"['minmax_scaler', 'feature_selection', 'knn']",0,3,False
452,semeion,semeion,9964,1501,train,0.9356931871239985,0.011295896489173174,0.1032418023864836,0.9556931871239985,['svm'],0,1,True
453,har,har,14970,1478,train,0.9508235095650442,0.009134877007454634,0.10272559337455119,0.9708235095650443,['svm'],0,1,False
454,eucalyptus,eucalyptus,2079,188,train,0.14959646213377553,0.010702700354158878,0.10221196540767843,0.16959646213377555,['svm'],0,1,True
455,credit-g,credit-g,31,31,train,0.46743386243386237,0.016942543908953667,0.10170090558064004,0.4874338624338624,['svm'],0,1,True
456,numerai28.6,numerai28.6,167120,23517,train,0.48578381077118116,0.025501498952507973,0.10119240105273684,0.5057838107711812,['knn'],0,1,False
457,balance-scale,balance-scale,11,11,train,0.602476064949567,0.016643652692437172,0.10068643904747315,0.622476064949567,['svm'],0,1,True
458,satimage,satimage,2074,182,train,0.863809952320358,0.02415495179593563,0.10018300685223579,0.903809952320358,"['minmax_scaler', 'random_forest']",0,2,False
459,banknote-authentication,banknote-authentication,10093,1462,train,0.9701421780788413,0.01494292775169015,0.0996820918179746,0.9901421780788413,['random_forest'],0,1,False
460,credit-approval,credit-approval,29,29,train,0.7698989898989899,0.013028282672166824,0.09918368135888474,0.7898989898989899,['random_forest'],0,1,False
461,jungle_chess_2pcs_raw_endgame_complete,jungle_chess_2pcs_raw_endgame_complete,167119,41027,train,0.6816244266648449,0.01892577453205983,0.09868776295209031,0.7216244266648449,"['standard_scaler', 'random_forest']",0,2,True
462,MiceProtein,MiceProtein,146800,40966,train,0.9025325471093071,0.014174442971125245,0.09819432413732986,0.9625325471093071,"['feature_selection', 'minmax_scaler', 'knn']",0,3,False
463,mfeat-morphological,mfeat-morphological,18,18,train,0.6307954222667961,0.01830791705287993,0.09770335251664321,0.6907954222667961,"['standard_scaler', 'feature_selection', 'random_forest']",0,3,False
464,jm1,jm1,3904,1053,train,0.5631437368335764,0.011607158308227858,0.09721483575406,0.6031437368335765,"['minmax_scaler', 'random_forest']",0,2,False
465,isolet,isolet,3481,300,train,0.9035024556674343,0.010550887789577246,0.09672876157528969,0.9435024556674343,"['minmax_scaler', 'random_forest']",0,2,False
466,climate-model-simulation-crashes,climate-model-simulation-crashes,146819,40994,train,0.5217816091954023,0.013299979890386263,0.09624511776741324,0.5617816091954023,"['standard_scaler', 'random_forest']",0,2,False
467,wilt,wilt,146820,40983,train,0.8317817896389326,0.018452624169488747,0.09576389217857617,0.8717817896389326,"['minmax_scaler', 'random_forest']",0,2,False
468,bank-marketing,bank-marketing,14965,1461,train,0.6810819952322601,0.01680703942353527,0.09528507271768329,0.7210819952322601,"['minmax_scaler', 'random_forest']",0,2,True
469,mnist_784,mnist_784,3573,554,train,0.9263417862165356,0.015935064293444157,0.09480864735409487,0.9663417862165357,"['minmax_scaler', 'random_forest']",0,2,False
470,tic-tac-toe,tic-tac-toe,49,50,train,0.9271624266144813,0.014292784035205841,0.0943346041173244,0.9471624266144814,['svm'],0,1,True
471,cylinder-bands,cylinder-bands,14954,6332,train,0.6330388593793681,0.014203764032572508,0.09386293109673778,0.6930388593793682,"['feature_selection', 'minmax_scaler', 'svm']",0,3,False
472,pc4,pc4,3902,1049,train,0.6371256306140027,0.006599795694152514,0.09339361644125409,0.6771256306140028,"['standard_scaler', 'svm']",0,2,False
473,ilpd,ilpd,9971,1480,train,0.3951785714285714,0.010262033436447382,0.09292664835904782,0.4151785714285714,['svm'],0,1,True
474,wall-robot-navigation,wall-robot-navigation,9960,1497,train,0.9478933336618712,0.007520572515204549,0.09246201511725258,0.9878933336618713,"['standard_scaler', 'random_forest']",0,2,False
475,texture,texture,125922,40499,train,0.943068761529488,0.011705683544278145,0.09199970504166631,0.9830687615294881,"['standard_scaler', 'knn']",0,2,False
476,analcatdata_authorship,analcatdata_authorship,3549,458,train,0.9700686168291802,0.008449165616184473,0.09153970651645797,0.9900686168291802,['random_forest'],0,1,True
477,churn,churn,167141,40701,train,0.844628078216103,0.01642422246125837,0.09108200798387568,0.884628078216103,"['standard_scaler', 'random_forest']",0,2,False
478,analcatdata_dmft,analcatdata_dmft,3560,469,train,0.15291243663309392,0.01722048781812191,0.0906265979439563,0.17291243663309394,['random_forest'],0,1,True
479,pc1,pc1,3918,1068,train,0.6637644699662747,0.019851688761264086,0.09017346495423652,0.7037644699662747,"['minmax_scaler', 'random_forest']",0,2,False
480,jungle_chess_2pcs_raw_endgame_complete,jungle_chess_2pcs_raw_endgame_complete,167119,41027,train,0.681091931379837,0.014926893636584282,0.08972259762946533,0.7210919313798371,"['minmax_scaler', 'random_forest']",0,2,False
481,isolet,isolet,3481,300,train,0.9035024556674343,0.014016057830303907,0.089273984641318,0.9435024556674343,"['standard_scaler', 'random_forest']",0,2,False
482,ozone-level-8hr,ozone-level-8hr,9978,1487,train,0.6017650962176508,0.012766797095537186,0.0888276147181114,0.6217650962176509,['random_forest'],0,1,True
483,adult,adult,7592,1590,train,0.749611815942818,0.0075391790208717184,0.08838347664452084,0.789611815942818,"['minmax_scaler', 'random_forest']",0,2,False
484,balance-scale,balance-scale,11,11,train,0.5332008431195423,0.014490218522648016,0.08794155926129824,0.5732008431195423,"['minmax_scaler', 'random_forest']",0,2,True
485,mfeat-factors,mfeat-factors,12,12,train,0.911167646065057,0.020684804456929367,0.08750185146499175,0.951167646065057,"['feature_selection', 'knn']",0,2,False
486,GesturePhaseSegmentationProcessed,GesturePhaseSegmentationProcessed,14969,4538,train,0.45948935265791235,0.016035012784413993,0.08706434220766679,0.5194893526579124,"['feature_selection', 'minmax_scaler', 'knn']",0,3,False
487,pc4,pc4,3902,1049,train,0.6458176260825267,0.017571596428751945,0.08662902049662846,0.6658176260825267,['random_forest'],0,1,True
488,car,car,146821,40975,train,0.913771772421513,0.021765736863017082,0.08619587539414532,0.933771772421513,['random_forest'],0,1,True
489,Devnagari-Script,Devnagari-Script,167121,40923,train,0.8818164242003736,0.01416476396843791,0.08576489601717459,0.9018164242003737,['knn'],0,1,True
490,kr-vs-kp,kr-vs-kp,3,3,train,0.9069764011799409,0.015093099636336168,0.08533607153708872,0.946976401179941,"['feature_selection', 'knn']",0,2,False
491,connect-4,connect-4,146195,40668,train,0.6031804832812043,0.012021531816571951,0.08490939117940327,0.6231804832812043,['random_forest'],0,1,True
492,PhishingWebsites,PhishingWebsites,14952,4534,train,0.9057059397705829,0.02259345290561517,0.08448484422350626,0.9457059397705829,"['standard_scaler', 'knn']",0,2,False
493,credit-g,credit-g,31,31,train,0.6230628803245436,0.017538969172164798,0.08406242000238873,0.6830628803245437,"['feature_selection', 'standard_scaler', 'random_forest']",0,3,False
494,eucalyptus,eucalyptus,2079,188,train,0.12959646213377557,0.011576522452135881,0.08364210790237678,0.16959646213377555,"['feature_selection', 'svm']",0,2,False
495,sick,sick,3021,38,train,0.4642041312272175,0.013526824302971363,0.0832238973628649,0.4842041312272175,['svm'],0,1,True
496,climate-model-simulation-crashes,climate-model-simulation-crashes,146819,40994,train,0.5417816091954023,0.02343046758323908,0.08280777787605056,0.5617816091954023,['svm'],0,1,True
497,bank-marketing,bank-marketing,14965,1461,train,0.4530584702527644,0.011278785299509764,0.08239373898667031,0.47305847025276443,['svm'],0,1,False
498,MiceProtein,MiceProtein,146800,40966,train,0.6989317036624847,0.013233920559287071,0.08198177029173696,0.7189317036624847,['svm'],0,1,True
499,Internet-Advertisements,Internet-Advertisements,167125,40978,train,0.9329336734693876,0.005846600513905287,0.08157186144027828,0.9529336734693876,['random_forest'],0,1,True
500,wdbc,wdbc,9946,1510,train,0.846285953060798,0.008536654757335782,0.0811640021330769,0.866285953060798,['svm'],0,1,True
501,first-order-theorem-proving,first-order-theorem-proving,9985,1475,train,0.48185933937223024,0.01619300665333867,0.08075818212241151,0.5018593393722303,['random_forest'],0,1,True
502,ilpd,ilpd,9971,1480,train,0.6630645161290323,0.014718018472194672,0.08035439121179945,0.6830645161290323,['random_forest'],0,1,True
503,mnist_784,mnist_784,3573,554,train,0.9462219640623935,0.019370516762137413,0.07995261925574046,0.9662219640623935,['random_forest'],0,1,False
504,wall-robot-navigation,wall-robot-navigation,9960,1497,train,0.9678933336618712,0.014578746166080236,0.07955285615946175,0.9878933336618713,['random_forest'],0,1,True
505,numerai28.6,numerai28.6,167120,23517,train,0.4997472869470382,0.0070597177837044,0.07915509187866444,0.5197472869470382,['svm'],0,1,True
506,electricity,electricity,219,151,train,0.8784228829326491,0.013849773444235325,0.07875931641927113,0.8984228829326492,['random_forest'],0,1,False
507,letter,letter,6,6,train,0.9025431061109469,0.017078649252653122,0.07836551983717477,0.9225431061109469,['svm'],0,1,True
508,cmc,cmc,23,23,train,0.3414652014652015,0.01619604229927063,0.07797369223798889,0.3614652014652015,['svm'],0,1,True
509,vowel,vowel,3022,307,train,0.674659794359014,0.02151823090389371,0.07758382377679894,0.7346597943590141,"['feature_selection', 'minmax_scaler', 'knn']",0,3,False
510,mfeat-karhunen,mfeat-karhunen,16,16,train,0.9355687356619157,0.012801396970947584,0.07719590465791494,0.9755687356619157,"['feature_selection', 'knn']",0,2,True
511,mfeat-pixel,mfeat-pixel,146824,40979,train,0.9377970195141666,0.015380138220886389,0.07680992513462537,0.9777970195141666,"['feature_selection', 'knn']",0,2,False
512,cnae-9,cnae-9,9981,1468,train,0.8173106048885199,0.013286516691247622,0.07642587550895225,0.85731060488852,"['feature_selection', 'knn']",0,2,True
513,CIFAR_10,CIFAR_10,167124,40927,train,0.5145921166096168,0.014498192118480802,0.07604374613140748,0.5345921166096168,['svm'],0,1,True
514,Fashion-MNIST,Fashion-MNIST,146825,40996,train,0.8646323077354003,0.01589078363031149,0.07566352740075044,0.8846323077354004,['svm'],0,1,True
515,mfeat-fourier,mfeat-fourier,14,14,train,0.8356033166401582,0.01359978737309575,0.07528520976374668,0.8556033166401582,['svm'],0,1,True
516,credit-approval,credit-approval,29,29,train,0.7698989898989899,0.018686436116695404,0.07490878371492794,0.7898989898989899,['random_forest'],0,1,True
517,analcatdata_authorship,analcatdata_authorship,3549,458,train,0.9700686168291802,0.017347389832139015,0.0745342397963533,0.9900686168291802,['random_forest'],0,1,True
518,cylinder-bands,cylinder-bands,14954,6332,train,0.3892397660818713,0.010072165168821812,0.07416156859737154,0.4292397660818713,"['feature_selection', 'svm']",0,2,False
519,segment,segment,146822,40984,train,0.9031466907479032,0.01378843653947115,0.07379076075438468,0.9231466907479032,['random_forest'],0,1,True
520,wilt,wilt,146820,40983,train,0.8517817896389326,0.01691321423277259,0.07342180695061275,0.8717817896389326,['random_forest'],0,1,False
521,splice,splice,45,46,train,0.9339648601916312,0.016142709646373987,0.07305469791585968,0.9539648601916312,['random_forest'],0,1,True
522,nomao,nomao,9977,1486,train,0.9246267826578155,0.014171498827636242,0.07268942442628039,0.9446267826578155,['svm'],0,1,True
523,satimage,satimage,2074,182,train,0.863313297873049,0.012139310594648123,0.07232597730414898,0.883313297873049,['knn'],0,1,True
524,mfeat-zernike,mfeat-zernike,22,22,train,0.7572077101672421,0.014744696905836463,0.07196434741762824,0.8172077101672421,"['feature_selection', 'minmax_scaler', 'knn']",0,3,False
525,banknote-authentication,banknote-authentication,10093,1462,train,0.94,0.014581365743651986,0.0716045256805401,1.0,"['minmax_scaler', 'feature_selection', 'svm']",0,3,False
526,blood-transfusion-service-center,blood-transfusion-service-center,10101,1464,train,0.5899999999999999,0.013957000221125782,0.0712465030521374,0.6499999999999999,"['minmax_scaler', 'feature_selection', 'random_forest']",0,3,False
527,semeion,semeion,9964,1501,train,0.8191111671729884,0.014183822926133871,0.0708902705368767,0.8991111671729884,"['feature_selection', 'minmax_scaler', 'pca', 'knn']",0,4,False
528,analcatdata_dmft,analcatdata_dmft,3560,469,train,0.0846214060043822,0.015970425307750703,0.07053581918419231,0.16462140600438221,"['feature_selection', 'minmax_scaler', 'pca', 'knn']",0,4,False
529,dresses-sales,dresses-sales,125920,23381,train,0.5392907801418438,0.01889543642755598,0.07018314008827135,0.5992907801418439,"['feature_selection', 'minmax_scaler', 'knn']",0,3,False
530,tic-tac-toe,tic-tac-toe,49,50,train,0.6754527687296417,0.014573600143194199,0.06983222438783,0.7354527687296417,"['standard_scaler', 'feature_selection', 'knn']",0,3,False
531,breast-w,breast-w,15,15,train,0.9055608352587297,0.008700105710886419,0.06948306326589085,0.9655608352587297,"['minmax_scaler', 'feature_selection', 'random_forest']",0,3,False
532,har,har,14970,1478,train,0.9119852875587707,0.012610398465767503,0.0691356479495614,0.9719852875587708,"['minmax_scaler', 'feature_selection', 'random_forest']",0,3,False
533,texture,texture,125922,40499,train,0.8568819377226514,0.00805177902802825,0.06878996970981359,0.9368819377226515,"['minmax_scaler', 'feature_selection', 'pca', 'random_forest']",0,4,False
534,kc2,kc2,3913,1063,train,0.5794444444444444,0.017629174748435616,0.06844601986126451,0.6394444444444445,"['standard_scaler', 'feature_selection', 'knn']",0,3,False
535,dna,dna,167140,40670,train,0.7012876420349013,0.010929387528449297,0.06810378976195819,0.7612876420349014,"['feature_selection', 'minmax_scaler', 'knn']",0,3,False
536,jm1,jm1,3904,1053,train,0.5526302789962594,0.01789062493480742,0.0677632708131484,0.6126302789962594,"['minmax_scaler', 'feature_selection', 'knn']",0,3,False
537,pc1,pc1,3918,1068,train,0.6071738303537466,0.006749026651959866,0.06742445445908266,0.6671738303537467,"['standard_scaler', 'feature_selection', 'knn']",0,3,False
538,churn,churn,167141,40701,train,0.824628078216103,0.010685054352506995,0.06708733218678724,0.884628078216103,"['minmax_scaler', 'feature_selection', 'random_forest']",0,3,False
539,mfeat-morphological,mfeat-morphological,18,18,train,0.5686525498832455,0.009893488138914108,0.0667518955258533,0.6486525498832456,"['minmax_scaler', 'feature_selection', 'pca', 'knn']",0,4,False
540,kc2,kc2,3913,1063,train,0.5348649052097328,0.014442036277614534,0.06641813604822402,0.5948649052097329,"['standard_scaler', 'feature_selection', 'svm']",0,3,False
541,credit-approval,credit-approval,29,29,train,0.7298989898989898,0.02093702112324536,0.0660860453679829,0.7898989898989899,"['standard_scaler', 'feature_selection', 'random_forest']",0,3,False
542,vowel,vowel,3022,307,train,0.674659794359014,0.016843638033606112,0.06575561514114299,0.7346597943590141,"['feature_selection', 'minmax_scaler', 'knn']",0,3,True
543,climate-model-simulation-crashes,climate-model-simulation-crashes,146819,40994,train,0.5417816091954023,0.025273405015468597,0.06542683706543727,0.5617816091954023,['svm'],0,1,True
544,balance-scale,balance-scale,11,11,train,0.602476064949567,0.015449845232069492,0.06509970288011008,0.622476064949567,['svm'],0,1,True
545,dresses-sales,dresses-sales,125920,23381,train,0.5714021695460023,0.007523112930357456,0.06477420436570952,0.5914021695460023,['knn'],0,1,True
546,mnist_784,mnist_784,3573,554,train,0.9499620107109487,0.013654648791998625,0.06445033334388098,0.9699620107109487,['knn'],0,1,True
547,wdbc,wdbc,9946,1510,train,0.9114591700133868,0.017235942650586367,0.06412808167716157,0.9314591700133869,['knn'],0,1,False
548,eucalyptus,eucalyptus,2079,188,train,0.43345524845524847,0.02455043187364936,0.06380744126877576,0.4534552484552485,['knn'],0,1,False
549,mfeat-pixel,mfeat-pixel,146824,40979,train,0.9512976271040787,0.014540832256898284,0.06348840406243188,0.9712976271040787,['random_forest'],0,1,True
550,analcatdata_dmft,analcatdata_dmft,3560,469,train,0.15291243663309392,0.012414786033332348,0.06317096204211972,0.17291243663309394,['random_forest'],0,1,True
551,letter,letter,6,6,train,0.9396450989680648,0.012416815385222435,0.06285510723190912,0.9596450989680648,['random_forest'],0,1,False
552,banknote-authentication,banknote-authentication,10093,1462,train,0.9701421780788413,0.008577661821618676,0.06254083169574957,0.9901421780788413,['random_forest'],0,1,True
553,cylinder-bands,cylinder-bands,14954,6332,train,0.4823398491836884,0.014181882422417403,0.062228127537270826,0.5623398491836884,"['feature_selection', 'minmax_scaler', 'pca', 'knn']",0,4,False
554,CIFAR_10,CIFAR_10,167124,40927,train,0.5145921166096168,0.018563414458185434,0.06191698689958447,0.5345921166096168,['svm'],0,1,True
555,first-order-theorem-proving,first-order-theorem-proving,9985,1475,train,0.3428522557498767,0.010833184001967311,0.061607401965086545,0.36285225574987673,['svm'],0,1,True
556,adult,adult,7592,1590,train,0.5626919891456221,0.012769289780408144,0.06129936495526111,0.5826919891456221,['svm'],0,1,True
557,tic-tac-toe,tic-tac-toe,49,50,train,0.8966666666666667,0.00879211095161736,0.0609928681304848,0.9166666666666667,['knn'],0,1,False
558,credit-g,credit-g,31,31,train,0.47756177251378396,0.01590638297299544,0.060687903789832374,0.517561772513784,"['feature_selection', 'knn']",0,2,False
559,segment,segment,146822,40984,train,0.8686551598792864,0.011194658931344748,0.06038446427088321,0.8886551598792864,['knn'],0,1,False
560,pc4,pc4,3902,1049,train,0.6458176260825267,0.014477103482931852,0.06008254194952879,0.6658176260825267,['random_forest'],0,1,True
561,satimage,satimage,2074,182,train,0.8827900918802077,0.015893769916146994,0.05978212923978115,0.9027900918802078,['random_forest'],0,1,True
562,analcatdata_authorship,analcatdata_authorship,3549,458,train,0.9700686168291802,0.012984156608581543,0.05948321859358224,0.9900686168291802,['random_forest'],0,1,True
563,cmc,cmc,23,23,train,0.3414652014652015,0.013830103445798159,0.05918580250061433,0.3614652014652015,['svm'],0,1,True
564,Fashion-MNIST,Fashion-MNIST,146825,40996,train,0.8646323077354003,0.016525764018297195,0.058889873488111255,0.8846323077354004,['svm'],0,1,True
565,mfeat-karhunen,mfeat-karhunen,16,16,train,0.962266485276634,0.005933277076110244,0.058595424120670696,0.9822664852766341,['svm'],0,1,True
566,cnae-9,cnae-9,9981,1468,train,0.7281244564666302,0.011964734643697739,0.05830244700006734,0.7881244564666302,"['minmax_scaler', 'feature_selection', 'knn']",0,3,False
567,mfeat-morphological,mfeat-morphological,18,18,train,0.6633978598736443,0.013978373259305954,0.058010934765067,0.7033978598736443,"['minmax_scaler', 'knn']",0,2,False
568,breast-w,breast-w,15,15,train,0.9323389355742296,0.016343814010421436,0.05772088009124167,0.9723389355742297,"['minmax_scaler', 'svm']",0,2,False
569,jungle_chess_2pcs_raw_endgame_complete,jungle_chess_2pcs_raw_endgame_complete,167119,41027,train,0.7287484216304789,0.015524422749876976,0.05743227569078546,0.7487484216304789,['svm'],0,1,True
570,wilt,wilt,146820,40983,train,0.8492363112391931,0.019933111034333706,0.05714511431233153,0.8692363112391931,['knn'],0,1,True
571,semeion,semeion,9964,1501,train,0.8790727982453661,0.009192795027047396,0.05685938874076987,0.8990727982453661,['knn'],0,1,False
572,bank-marketing,bank-marketing,14965,1461,train,0.4530584702527644,0.0103165777400136,0.056575091797066025,0.47305847025276443,['svm'],0,1,True
573,GesturePhaseSegmentationProcessed,GesturePhaseSegmentationProcessed,14969,4538,train,0.38070274828896256,0.009202448884025216,0.056292216338080694,0.4007027482889626,['svm'],0,1,False
574,churn,churn,167141,40701,train,0.864628078216103,0.0259393397718668,0.05601075525639029,0.884628078216103,['random_forest'],0,1,True
575,texture,texture,125922,40499,train,0.9719431646206551,0.012708764057606459,0.05573070148010834,0.9919431646206551,['svm'],0,1,False
576,Devnagari-Script,Devnagari-Script,167121,40923,train,0.8800268014037228,0.006571420235559344,0.0554520479727078,0.9000268014037228,['random_forest'],0,1,True
577,sick,sick,3021,38,train,0.8878153653122285,0.022121611051261425,0.05517478773284426,0.9078153653122285,['random_forest'],0,1,True
578,mfeat-zernike,mfeat-zernike,22,22,train,0.8019942340973475,0.013855429831892252,0.05489891379418004,0.8219942340973475,['svm'],0,1,True
579,har,har,14970,1478,train,0.9508235095650442,0.006993097020313144,0.05462441922520914,0.9708235095650443,['svm'],0,1,True
580,blood-transfusion-service-center,blood-transfusion-service-center,10101,1464,train,0.4344785741372772,0.008852763877560696,0.0543512971290831,0.47447857413727723,"['minmax_scaler', 'svm']",0,2,False
581,numerai28.6,numerai28.6,167120,23517,train,0.46607937567857405,0.016099566593766212,0.05407954064343768,0.5060793756785741,"['standard_scaler', 'knn']",0,2,False
582,jm1,jm1,3904,1053,train,0.5613183991195386,0.015341604128479958,0.05380914294022049,0.6013183991195387,"['standard_scaler', 'knn']",0,2,True
583,dna,dna,167140,40670,train,0.7412876420349014,0.01150119723752141,0.05354009722551939,0.7612876420349014,['knn'],0,1,False
584,nomao,nomao,9977,1486,train,0.9246267826578155,0.017935648560523987,0.05327239673939179,0.9446267826578155,['svm'],0,1,True
585,isolet,isolet,3481,300,train,0.946933827324566,0.006236603949218988,0.053006034755694834,0.966933827324566,['svm'],0,1,True
586,MiceProtein,MiceProtein,146800,40966,train,0.6989317036624847,0.013196108397096395,0.052741004581916356,0.7189317036624847,['svm'],0,1,True
587,wall-robot-navigation,wall-robot-navigation,9960,1497,train,0.8408976360797563,0.012115149293094873,0.052477299559006776,0.8608976360797563,['svm'],0,1,True
588,mfeat-factors,mfeat-factors,12,12,train,0.8557700906395882,0.010460534133017063,0.052214913061211746,0.8757700906395882,['svm'],0,1,True
589,ilpd,ilpd,9971,1480,train,0.6630645161290323,0.00996142765507102,0.05195383849590569,0.6830645161290323,['random_forest'],0,1,True
590,connect-4,connect-4,146195,40668,train,0.6031804832812043,0.00913272681646049,0.05169406930342616,0.6231804832812043,['random_forest'],0,1,True
591,ozone-level-8hr,ozone-level-8hr,9978,1487,train,0.6017650962176508,0.01178856915794313,0.05143559895690903,0.6217650962176509,['random_forest'],0,1,True
592,splice,splice,45,46,train,0.9339648601916312,0.013407092075794935,0.051178420962124486,0.9539648601916312,['random_forest'],0,1,True
593,mfeat-fourier,mfeat-fourier,14,14,train,0.8325923088975548,0.013023425824940205,0.05092252885731386,0.8525923088975548,['knn'],0,1,True
594,Internet-Advertisements,Internet-Advertisements,167125,40978,train,0.9329336734693876,0.009257852099835873,0.05066791621302729,0.9529336734693876,['random_forest'],0,1,True
595,PhishingWebsites,PhishingWebsites,14952,4534,train,0.937478248751719,0.014178515411913395,0.05041457663196215,0.957478248751719,['svm'],0,1,True
596,kr-vs-kp,kr-vs-kp,3,3,train,0.9353880279833093,0.011704672127962112,0.050162503748802344,0.9553880279833094,['svm'],0,1,True
597,electricity,electricity,219,151,train,0.7432443368921977,0.011887663509696722,0.05,0.7632443368921977,['svm'],0,1,True
598,car,car,146821,40975,train,0.9151110581357987,0.014147354755550623,0.05,0.9351110581357988,['svm'],0,1,True
599,pc1,pc1,3918,1068,train,0.4613278008298755,0.014812014764174819,0.05,0.48132780082987553,['svm'],0,1,True
600,credit-g,credit-g,31,31,train,0.46743386243386237,0.012686514761298895,0.05,0.4874338624338624,['svm'],0,1,True
601,wdbc,wdbc,9946,1510,train,0.846285953060798,0.00976659171283245,0.05,0.866285953060798,['svm'],0,1,True
602,mfeat-morphological,mfeat-morphological,18,18,train,0.5686525498832455,0.018039814941585065,0.05,0.6486525498832456,"['feature_selection', 'minmax_scaler', 'pca', 'knn']",0,4,False
603,blood-transfusion-service-center,blood-transfusion-service-center,10101,1464,train,0.6248365182542398,0.016284611076116562,0.05,0.6448365182542398,['random_forest'],0,1,True
604,har,har,14970,1478,train,0.8949743830883062,0.013480578898452222,0.05,0.9549743830883063,"['standard_scaler', 'pca', 'knn']",0,3,False
605,Fashion-MNIST,Fashion-MNIST,146825,40996,train,0.8646323077354003,0.007203439716249704,0.05,0.8846323077354004,['svm'],0,1,True
606,credit-approval,credit-approval,29,29,train,0.553687292601991,0.012139832600951195,0.05,0.573687292601991,['svm'],0,1,True
607,pc1,pc1,3918,1068,train,0.4613278008298755,0.010279827984049916,0.05,0.48132780082987553,['svm'],0,1,True
608,letter,letter,6,6,train,0.9025431061109469,0.01918568043038249,0.05,0.9225431061109469,['svm'],0,1,True
609,wilt,wilt,146820,40983,train,0.466078338839075,0.013840931002050638,0.05,0.48607833883907503,['svm'],0,1,True
610,mfeat-zernike,mfeat-zernike,22,22,train,0.8019942340973475,0.013948274310678244,0.05,0.8219942340973475,['svm'],0,1,True
611,bank-marketing,bank-marketing,14965,1461,train,0.6997413385114349,0.013717599213123322,0.05,0.719741338511435,['random_forest'],0,1,True
612,Devnagari-Script,Devnagari-Script,167121,40923,train,0.8595804629301949,0.020074713975191116,0.05,0.8995804629301949,"['standard_scaler', 'random_forest']",0,2,True
613,jm1,jm1,3904,1053,train,0.590357548713235,0.008987447246909142,0.05,0.610357548713235,['random_forest'],0,1,True
614,mfeat-fourier,mfeat-fourier,14,14,train,0.8070056981911784,0.006378482095897198,0.05,0.8270056981911784,['random_forest'],0,1,True
615,Internet-Advertisements,Internet-Advertisements,167125,40978,train,0.9329336734693876,0.012411981355398893,0.05,0.9529336734693876,['random_forest'],0,1,True
616,first-order-theorem-proving,first-order-theorem-proving,9985,1475,train,0.48185933937223024,0.01304363808594644,0.05,0.5018593393722303,['random_forest'],0,1,True
617,adult,adult,7592,1590,train,0.7692875583366886,0.012896247673779726,0.05,0.7892875583366886,['random_forest'],0,1,True
618,nomao,nomao,9977,1486,train,0.9246267826578155,0.012906559742987156,0.05,0.9446267826578155,['svm'],0,1,True
619,mfeat-pixel,mfeat-pixel,146824,40979,train,0.9600170983936368,0.012969619361683726,0.05,0.9800170983936368,['svm'],0,1,True
620,texture,texture,125922,40499,train,0.9719431646206551,0.015442316886037588,0.05,0.9919431646206551,['svm'],0,1,True
621,segment,segment,146822,40984,train,0.8295384956909195,0.013276204156378904,0.05,0.8695384956909196,"['standard_scaler', 'svm']",0,2,False
622,electricity,electricity,219,151,train,0.7838678612262846,0.009481075763081511,0.05,0.8238678612262846,"['standard_scaler', 'knn']",0,2,True
623,climate-model-simulation-crashes,climate-model-simulation-crashes,146819,40994,train,0.5217816091954023,0.011232335741321245,0.05,0.5617816091954023,"['standard_scaler', 'random_forest']",0,2,True
624,kr-vs-kp,kr-vs-kp,3,3,train,0.926976401179941,0.011021370999515057,0.05,0.946976401179941,['knn'],0,1,False
625,connect-4,connect-4,146195,40668,train,0.5661198350730884,0.005117395659908652,0.05,0.5861198350730884,['knn'],0,1,True
626,sick,sick,3021,38,train,0.8878153653122285,0.005378073547035456,0.05,0.9078153653122285,['random_forest'],0,1,True
627,dresses-sales,dresses-sales,125920,23381,train,0.5714021695460023,0.0071239834651350975,0.05,0.5914021695460023,['knn'],0,1,True
628,cnae-9,cnae-9,9981,1468,train,0.8373106048885199,0.010867043398320675,0.05,0.85731060488852,['knn'],0,1,False
629,analcatdata_authorship,analcatdata_authorship,3549,458,train,0.9700686168291802,0.01510527590289712,0.05,0.9900686168291802,['random_forest'],0,1,True
630,CIFAR_10,CIFAR_10,167124,40927,train,0.3033131798032224,0.005963132483884692,0.05,0.32331317980322244,['knn'],0,1,True
631,PhishingWebsites,PhishingWebsites,14952,4534,train,0.930086528348476,0.01901655877009034,0.05,0.9500865283484761,['knn'],0,1,False
632,dna,dna,167140,40670,train,0.9269010386258641,0.013738938607275486,0.05,0.9469010386258642,['random_forest'],0,1,True
633,mfeat-karhunen,mfeat-karhunen,16,16,train,0.9355687356619157,0.012941153409580389,0.05,0.9755687356619157,"['feature_selection', 'knn']",0,2,True
634,ilpd,ilpd,9971,1480,train,0.6630645161290323,0.014742157887667418,0.05,0.6830645161290323,['random_forest'],0,1,True
635,satimage,satimage,2074,182,train,0.857435906341469,0.014615024905651808,0.05,0.8774359063414691,['svm'],0,1,False
636,mnist_784,mnist_784,3573,554,train,0.9566883051675554,0.012190293986350298,0.05,0.9766883051675554,['svm'],0,1,True
637,splice,splice,45,46,train,0.947365020467326,0.01948422146961093,0.05,0.967365020467326,['svm'],0,1,True
638,analcatdata_dmft,analcatdata_dmft,3560,469,train,0.14382357413366967,0.009228225952635208,0.05,0.18382357413366965,"['feature_selection', 'svm']",0,2,False
639,breast-w,breast-w,15,15,train,0.9185084033613446,0.009043915507694086,0.05,0.9585084033613447,"['standard_scaler', 'svm']",0,2,False
640,eucalyptus,eucalyptus,2079,188,train,0.43345524845524847,0.00732559070456773,0.05,0.4534552484552485,['knn'],0,1,True
641,GesturePhaseSegmentationProcessed,GesturePhaseSegmentationProcessed,14969,4538,train,0.38070274828896256,0.011152549646794796,0.05,0.4007027482889626,['svm'],0,1,True
642,churn,churn,167141,40701,train,0.5757380825801878,0.01681193755939603,0.05,0.5957380825801878,['knn'],0,1,False
643,isolet,isolet,3481,300,train,0.946933827324566,0.020627460442483425,0.05,0.966933827324566,['svm'],0,1,True
644,wall-robot-navigation,wall-robot-navigation,9960,1497,train,0.8408976360797563,0.013787724543362856,0.05,0.8608976360797563,['svm'],0,1,True
645,cylinder-bands,cylinder-bands,14954,6332,train,0.609388908512893,0.01589447562582791,0.05,0.629388908512893,['knn'],0,1,True
646,tic-tac-toe,tic-tac-toe,49,50,train,0.9326211888572056,0.015802145469933748,0.05,0.9526211888572056,['random_forest'],0,1,True
647,MiceProtein,MiceProtein,146800,40966,train,0.8761057514845806,0.01705336570739746,0.05,0.8961057514845806,['knn'],0,1,True
648,pc4,pc4,3902,1049,train,0.6458176260825267,0.010547059820964932,0.05,0.6658176260825267,['random_forest'],0,1,True
649,vowel,vowel,3022,307,train,0.7311816957073604,0.020851772588988144,0.05,0.7711816957073604,"['feature_selection', 'knn']",0,2,False
650,banknote-authentication,banknote-authentication,10093,1462,train,0.9701421780788413,0.010782733792439103,0.05,0.9901421780788413,['random_forest'],0,1,True
651,kc2,kc2,3913,1063,train,0.6661702127659574,0.006077631143853068,0.05,0.6861702127659575,['random_forest'],0,1,False
652,ozone-level-8hr,ozone-level-8hr,9978,1487,train,0.6017650962176508,0.012406396912410855,0.05,0.6217650962176509,['random_forest'],0,1,True
653,cmc,cmc,23,23,train,0.47920441213862724,0.01174008147791028,0.05,0.49920441213862726,['random_forest'],0,1,True
654,semeion,semeion,9964,1501,train,0.9043148073721086,0.010353880003094673,0.05,0.9243148073721086,['random_forest'],0,1,False
655,mfeat-factors,mfeat-factors,12,12,train,0.9445847245627411,0.0077688503079116344,0.05,0.9645847245627411,['random_forest'],0,1,True
656,numerai28.6,numerai28.6,167120,23517,train,0.4881982844892714,0.014556001638993621,0.05,0.5081982844892714,['random_forest'],0,1,True
657,jungle_chess_2pcs_raw_endgame_complete,jungle_chess_2pcs_raw_endgame_complete,167119,41027,train,0.7287484216304789,0.011784324888139963,0.05,0.7487484216304789,['svm'],0,1,True
658,balance-scale,balance-scale,11,11,train,0.5532008431195423,0.006068165763281286,0.05,0.5732008431195423,['random_forest'],0,1,True
659,car,car,146821,40975,train,0.913771772421513,0.009559216676279902,0.05,0.933771772421513,['random_forest'],0,1,True
660,har,har,14970,1478,train,0.9440564175807428,0.01695183990523219,0.05,0.9640564175807428,['knn'],0,1,True
661,ilpd,ilpd,9971,1480,train,0.3951785714285714,0.014836602611467242,0.05,0.4151785714285714,['svm'],0,1,True
662,mfeat-pixel,mfeat-pixel,146824,40979,train,0.9577970195141666,0.009164376184344292,0.05,0.9777970195141666,['knn'],0,1,True
663,analcatdata_authorship,analcatdata_authorship,3549,458,train,0.9700686168291802,0.013112858636304736,0.05,0.9900686168291802,['random_forest'],0,1,True
664,car,car,146821,40975,train,0.913771772421513,0.013996560592204332,0.05,0.933771772421513,['random_forest'],0,1,True
665,credit-approval,credit-approval,29,29,train,0.7498989898989898,0.01404604222625494,0.05,0.7898989898989899,"['standard_scaler', 'random_forest']",0,2,False
666,numerai28.6,numerai28.6,167120,23517,train,0.4792985840614512,0.011721072097619375,0.05,0.5192985840614512,"['standard_scaler', 'svm']",0,2,False
667,semeion,semeion,9964,1501,train,0.9043148073721086,0.014857026748359203,0.05,0.9243148073721086,['random_forest'],0,1,True
668,blood-transfusion-service-center,blood-transfusion-service-center,10101,1464,train,0.5984037418520176,0.01226385279248158,0.05,0.6384037418520176,"['standard_scaler', 'random_forest']",0,2,False
669,wilt,wilt,146820,40983,train,0.8517817896389326,0.006358130369335413,0.05,0.8717817896389326,['random_forest'],0,1,True
670,bank-marketing,bank-marketing,14965,1461,train,0.6822078448838959,0.01144673302769661,0.05,0.7222078448838959,"['standard_scaler', 'random_forest']",0,2,False
671,credit-g,credit-g,31,31,train,0.6430628803245436,0.009405245694021383,0.05,0.6830628803245437,"['standard_scaler', 'random_forest']",0,2,True
672,cylinder-bands,cylinder-bands,14954,6332,train,0.5893889085128929,0.02019001233081023,0.05,0.629388908512893,"['feature_selection', 'knn']",0,2,False
673,sick,sick,3021,38,train,0.8878153653122285,0.009057536721229553,0.05,0.9078153653122285,['random_forest'],0,1,True
674,banknote-authentication,banknote-authentication,10093,1462,train,0.9767240922342963,0.011059515411034226,0.05,0.9967240922342964,['svm'],0,1,True
675,dresses-sales,dresses-sales,125920,23381,train,0.5392907801418438,0.01937861810438335,0.05,0.5992907801418439,"['feature_selection', 'minmax_scaler', 'knn']",0,3,True
676,adult,adult,7592,1590,train,0.749611815942818,0.02274031937122345,0.05,0.789611815942818,"['minmax_scaler', 'random_forest']",0,2,True
677,CIFAR_10,CIFAR_10,167124,40927,train,0.2833131798032224,0.017248704408605892,0.05,0.32331317980322244,"['minmax_scaler', 'knn']",0,2,True
678,jungle_chess_2pcs_raw_endgame_complete,jungle_chess_2pcs_raw_endgame_complete,167119,41027,train,0.681091931379837,0.013849792070686817,0.05,0.7210919313798371,"['minmax_scaler', 'random_forest']",0,2,True
679,tic-tac-toe,tic-tac-toe,49,50,train,0.9126211888572056,0.010992255682746569,0.05,0.9526211888572056,"['minmax_scaler', 'random_forest']",0,2,False
680,climate-model-simulation-crashes,climate-model-simulation-crashes,146819,40994,train,0.5217816091954023,0.013281901056567827,0.05,0.5617816091954023,"['minmax_scaler', 'random_forest']",0,2,False
681,kc2,kc2,3913,1063,train,0.6461702127659574,0.011691859302421411,0.05,0.6861702127659575,"['minmax_scaler', 'random_forest']",0,2,True
682,dna,dna,167140,40670,train,0.9269010386258641,0.019909868948161602,0.05,0.9469010386258642,['random_forest'],0,1,True
683,eucalyptus,eucalyptus,2079,188,train,0.5836357305686019,0.013130964012816548,0.05,0.6036357305686019,['random_forest'],0,1,True
684,mfeat-factors,mfeat-factors,12,12,train,0.8557700906395882,0.01721595972776413,0.05,0.8757700906395882,['svm'],0,1,True
685,cmc,cmc,23,23,train,0.3414652014652015,0.009912763256579638,0.05,0.3614652014652015,['svm'],0,1,True
686,first-order-theorem-proving,first-order-theorem-proving,9985,1475,train,0.3428522557498767,0.016093307174742222,0.05,0.36285225574987673,['svm'],0,1,True
687,electricity,electricity,219,151,train,0.7432443368921977,0.009166523115709424,0.05,0.7632443368921977,['svm'],0,1,True
688,analcatdata_dmft,analcatdata_dmft,3560,469,train,0.15291243663309392,0.015680579002946615,0.05,0.17291243663309394,['random_forest'],0,1,True
689,mfeat-zernike,mfeat-zernike,22,22,train,0.7660314682126085,0.013074256014078856,0.05,0.7860314682126085,['random_forest'],0,1,True
690,letter,letter,6,6,train,0.9025431061109469,0.009391248924657702,0.05,0.9225431061109469,['svm'],0,1,True
691,nomao,nomao,9977,1486,train,0.9399563281918575,0.019508687779307365,0.05,0.9599563281918575,['random_forest'],0,1,True
692,kr-vs-kp,kr-vs-kp,3,3,train,0.9716352552468706,0.01407467806711793,0.05,0.9916352552468706,['random_forest'],0,1,True
693,wall-robot-navigation,wall-robot-navigation,9960,1497,train,0.9478933336618712,0.010235479877640804,0.05,0.9878933336618713,"['minmax_scaler', 'random_forest']",0,2,False
694,MiceProtein,MiceProtein,146800,40966,train,0.972156862745098,0.010647119721397758,0.05,0.9921568627450981,['random_forest'],0,1,False
695,Fashion-MNIST,Fashion-MNIST,146825,40996,train,0.8646323077354003,0.007237022276967764,0.05,0.8846323077354004,['svm'],0,1,True
696,balance-scale,balance-scale,11,11,train,0.5824760649495669,0.009979352355003357,0.05,0.622476064949567,"['minmax_scaler', 'svm']",0,2,False
697,GesturePhaseSegmentationProcessed,GesturePhaseSegmentationProcessed,14969,4538,train,0.38070274828896256,0.010885509429499507,0.05,0.4007027482889626,['svm'],0,1,True
698,vowel,vowel,3022,307,train,0.8908934570440404,0.019604241591878235,0.05,0.9508934570440405,"['feature_selection', 'minmax_scaler', 'random_forest']",0,3,False
699,pc4,pc4,3902,1049,train,0.6458176260825267,0.010326871648430824,0.05,0.6658176260825267,['random_forest'],0,1,True
700,mfeat-fourier,mfeat-fourier,14,14,train,0.8356033166401582,0.013668925035744905,0.05,0.8556033166401582,['svm'],0,1,True
701,cnae-9,cnae-9,9981,1468,train,0.8864438290727232,0.006755568087100983,0.05,0.9064438290727233,['svm'],0,1,True
702,isolet,isolet,3481,300,train,0.946933827324566,0.015485885553061962,0.05,0.966933827324566,['svm'],0,1,True
703,Devnagari-Script,Devnagari-Script,167121,40923,train,0.9154353510216617,0.014127904549241066,0.05,0.9354353510216618,['svm'],0,1,True
704,mnist_784,mnist_784,3573,554,train,0.9566883051675554,0.013023715000599623,0.05,0.9766883051675554,['svm'],0,1,True
705,mfeat-morphological,mfeat-morphological,18,18,train,0.37619566871878,0.017715012654662132,0.05,0.39619566871878004,['svm'],0,1,True
706,breast-w,breast-w,15,15,train,0.9523389355742297,0.00930740311741829,0.05,0.9723389355742297,['svm'],0,1,True
707,ozone-level-8hr,ozone-level-8hr,9978,1487,train,0.6017650962176508,0.006388140143826604,0.05,0.6217650962176509,['random_forest'],0,1,True
708,segment,segment,146822,40984,train,0.6197207175570898,0.013138037989847362,0.05,0.6797207175570898,"['pca', 'feature_selection', 'knn']",0,3,False
709,jm1,jm1,3904,1053,train,0.5434845366372062,0.006928746355697513,0.05,0.5634845366372062,['knn'],0,1,True
710,connect-4,connect-4,146195,40668,train,0.5661198350730884,0.014732250245288014,0.05,0.5861198350730884,['knn'],0,1,True
711,pc1,pc1,3918,1068,train,0.6837644699662747,0.016386575531214476,0.05,0.7037644699662747,['random_forest'],0,1,True
712,splice,splice,45,46,train,0.9339648601916312,0.011664618737995625,0.05,0.9539648601916312,['random_forest'],0,1,True
713,Internet-Advertisements,Internet-Advertisements,167125,40978,train,0.9329336734693876,0.010724277701228857,0.05,0.9529336734693876,['random_forest'],0,1,True
714,PhishingWebsites,PhishingWebsites,14952,4534,train,0.937478248751719,0.009273199131712317,0.05,0.957478248751719,['svm'],0,1,True
715,wdbc,wdbc,9946,1510,train,0.9214187643020595,0.0067839284893125296,0.05,0.9414187643020595,['random_forest'],0,1,False
716,mfeat-karhunen,mfeat-karhunen,16,16,train,0.9377886533129698,0.012734371237456799,0.05,0.9577886533129698,['random_forest'],0,1,True
717,churn,churn,167141,40701,train,0.864628078216103,0.005760058527812362,0.05,0.884628078216103,['random_forest'],0,1,True
718,texture,texture,125922,40499,train,0.9719431646206551,0.006180176045745611,0.05,0.9919431646206551,['svm'],0,1,True
719,satimage,satimage,2074,182,train,0.857435906341469,0.011548340786248446,0.05,0.8774359063414691,['svm'],0,1,True
720,credit-g,credit-g,31,31,train,0.6630628803245436,0.012276662979274988,0.05,0.6830628803245437,['random_forest'],0,1,False
721,analcatdata_dmft,analcatdata_dmft,3560,469,train,0.11291243663309394,0.014978996245190501,0.05,0.17291243663309394,"['feature_selection', 'minmax_scaler', 'random_forest']",0,3,False
722,texture,texture,125922,40499,train,0.9719431646206551,0.013509900774806738,0.05,0.9919431646206551,['svm'],0,1,True
723,Fashion-MNIST,Fashion-MNIST,146825,40996,train,0.8646323077354003,0.016570928506553173,0.05,0.8846323077354004,['svm'],0,1,True
724,mfeat-pixel,mfeat-pixel,146824,40979,train,0.9600170983936368,0.015523913782089949,0.05,0.9800170983936368,['svm'],0,1,True
725,climate-model-simulation-crashes,climate-model-simulation-crashes,146819,40994,train,0.5417816091954023,0.01603446900844574,0.05,0.5617816091954023,['random_forest'],0,1,True
726,cnae-9,cnae-9,9981,1468,train,0.9026888468669629,0.013988256454467773,0.05,0.922688846866963,['random_forest'],0,1,True
727,GesturePhaseSegmentationProcessed,GesturePhaseSegmentationProcessed,14969,4538,train,0.5664001420260103,0.010836703004315495,0.05,0.5864001420260103,['random_forest'],0,1,True
728,cylinder-bands,cylinder-bands,14954,6332,train,0.7318760081352127,0.01987818256020546,0.05,0.7518760081352127,['random_forest'],0,1,True
729,numerai28.6,numerai28.6,167120,23517,train,0.4881982844892714,0.01038631028495729,0.05,0.5081982844892714,['random_forest'],0,1,True
730,nomao,nomao,9977,1486,train,0.9399563281918575,0.01526708947494626,0.05,0.9599563281918575,['random_forest'],0,1,True
731,first-order-theorem-proving,first-order-theorem-proving,9985,1475,train,0.48185933937223024,0.009040243923664093,0.05,0.5018593393722303,['random_forest'],0,1,True
732,mfeat-fourier,mfeat-fourier,14,14,train,0.8070056981911784,0.01282836263999343,0.05,0.8270056981911784,['random_forest'],0,1,True
733,letter,letter,6,6,train,0.9025431061109469,0.021333745680749416,0.05,0.9225431061109469,['svm'],0,1,True
734,bank-marketing,bank-marketing,14965,1461,train,0.4530584702527644,0.010153653100132942,0.05,0.47305847025276443,['svm'],0,1,True
735,jungle_chess_2pcs_raw_endgame_complete,jungle_chess_2pcs_raw_endgame_complete,167119,41027,train,0.7287484216304789,0.0074125349055975676,0.05,0.7487484216304789,['svm'],0,1,True
736,analcatdata_authorship,analcatdata_authorship,3549,458,train,0.9700686168291802,0.010852835141122341,0.05,0.9900686168291802,['random_forest'],0,1,True
737,dresses-sales,dresses-sales,125920,23381,train,0.5514021695460023,0.01606549850354592,0.05,0.5914021695460023,"['feature_selection', 'knn']",0,2,False
738,ozone-level-8hr,ozone-level-8hr,9978,1487,train,0.6017650962176508,0.013161017093807459,0.05,0.6217650962176509,['random_forest'],0,1,True
739,wdbc,wdbc,9946,1510,train,0.9214187643020595,0.00840742141008377,0.05,0.9414187643020595,['random_forest'],0,1,True
740,cmc,cmc,23,23,train,0.47920441213862724,0.010266938246786594,0.05,0.49920441213862726,['random_forest'],0,1,True
741,tic-tac-toe,tic-tac-toe,49,50,train,0.9326211888572056,0.017449744045734406,0.05,0.9526211888572056,['random_forest'],0,1,True
742,dna,dna,167140,40670,train,0.9269010386258641,0.015598068945109844,0.05,0.9469010386258642,['random_forest'],0,1,True
743,ilpd,ilpd,9971,1480,train,0.6630645161290323,0.01640324341133237,0.05,0.6830645161290323,['random_forest'],0,1,True
744,car,car,146821,40975,train,0.913771772421513,0.009688249323517084,0.05,0.933771772421513,['random_forest'],0,1,True
745,vowel,vowel,3022,307,train,0.6332311760949942,0.012757523078471422,0.05,0.7132311760949943,"['feature_selection', 'minmax_scaler', 'pca', 'knn']",0,4,False
746,pc4,pc4,3902,1049,train,0.6418423605244219,0.017166200404365856,0.05,0.6818423605244219,"['minmax_scaler', 'random_forest']",0,2,False
747,semeion,semeion,9964,1501,train,0.8785202099203756,0.015031525492668152,0.05,0.9585202099203757,"['feature_selection', 'minmax_scaler', 'pca', 'svm']",0,4,False
748,Devnagari-Script,Devnagari-Script,167121,40923,train,0.9050867049381075,0.00806909225260218,0.05,0.9450867049381075,"['pca', 'svm']",0,2,False
749,MiceProtein,MiceProtein,146800,40966,train,0.886459424231296,0.015317265503108501,0.05,0.966459424231296,"['feature_selection', 'minmax_scaler', 'pca', 'knn']",0,4,False
750,eucalyptus,eucalyptus,2079,188,train,0.5836357305686019,0.007182034198194742,0.05,0.6036357305686019,['random_forest'],0,1,True
751,kr-vs-kp,kr-vs-kp,3,3,train,0.8707511365575882,0.011492316766331593,0.05,0.9107511365575882,"['standard_scaler', 'knn']",0,2,False
752,segment,segment,146822,40984,train,0.8612041712041711,0.011644486570730805,0.05,0.9212041712041712,"['feature_selection', 'minmax_scaler', 'random_forest']",0,3,False
753,banknote-authentication,banknote-authentication,10093,1462,train,0.9767240922342963,0.013958863914012909,0.05,0.9967240922342964,['svm'],0,1,True
754,mfeat-factors,mfeat-factors,12,12,train,0.931167646065057,0.012557084672152996,0.05,0.951167646065057,['knn'],0,1,True
755,connect-4,connect-4,146195,40668,train,0.5661198350730884,0.012626583222299814,0.05,0.5861198350730884,['knn'],0,1,True
756,pc1,pc1,3918,1068,train,0.5781897730380092,0.00962355537340045,0.05,0.6581897730380093,"['standard_scaler', 'pca', 'feature_selection', 'knn']",0,4,False
757,balance-scale,balance-scale,11,11,train,0.5489683636873636,0.009899427803854147,0.05,0.5889683636873636,"['standard_scaler', 'random_forest']",0,2,False
758,churn,churn,167141,40701,train,0.864628078216103,0.019237352535128593,0.05,0.884628078216103,['random_forest'],0,1,True
759,wilt,wilt,146820,40983,train,0.8517817896389326,0.013633729657158256,0.05,0.8717817896389326,['random_forest'],0,1,True
760,electricity,electricity,219,151,train,0.7353124027185338,0.009896443411707877,0.05,0.8153124027185339,"['standard_scaler', 'feature_selection', 'pca', 'knn']",0,4,False
761,CIFAR_10,CIFAR_10,167124,40927,train,0.5145921166096168,0.01148261595517397,0.05,0.5345921166096168,['svm'],0,1,True
762,mfeat-morphological,mfeat-morphological,18,18,train,0.35619566871878,0.009440890202919642,0.05,0.39619566871878004,"['feature_selection', 'svm']",0,2,False
763,kc2,kc2,3913,1063,train,0.6461702127659574,0.01522261214752992,0.05,0.6861702127659575,"['standard_scaler', 'random_forest']",0,2,True
764,splice,splice,45,46,train,0.9339648601916312,0.011840580496937037,0.05,0.9539648601916312,['random_forest'],0,1,True
765,mfeat-karhunen,mfeat-karhunen,16,16,train,0.9555687356619157,0.01749091548845172,0.05,0.9755687356619157,['knn'],0,1,False
766,jm1,jm1,3904,1053,train,0.5726302789962594,0.009568103744337956,0.05,0.6126302789962594,"['minmax_scaler', 'knn']",0,2,False
767,mfeat-zernike,mfeat-zernike,22,22,train,0.7323170785857307,0.010497974464669824,0.05,0.7923170785857307,"['feature_selection', 'minmax_scaler', 'random_forest']",0,3,False
768,credit-approval,credit-approval,29,29,train,0.553687292601991,0.007311144843697548,0.05,0.573687292601991,['svm'],0,1,True
769,har,har,14970,1478,train,0.9508235095650442,0.003911335836164653,0.05,0.9708235095650443,['svm'],0,1,True
770,isolet,isolet,3481,300,train,0.946933827324566,0.012454824522137642,0.05,0.966933827324566,['svm'],0,1,True
771,blood-transfusion-service-center,blood-transfusion-service-center,10101,1464,train,0.4344785741372772,0.011011833945910135,0.05,0.47447857413727723,"['minmax_scaler', 'svm']",0,2,True
772,satimage,satimage,2074,182,train,0.857435906341469,0.01717488607391715,0.05,0.8774359063414691,['svm'],0,1,True
773,mnist_784,mnist_784,3573,554,train,0.9566883051675554,0.009363213088363409,0.05,0.9766883051675554,['svm'],0,1,True
774,breast-w,breast-w,15,15,train,0.9323389355742296,0.012944717736293873,0.05,0.9723389355742297,"['minmax_scaler', 'svm']",0,2,True
775,Internet-Advertisements,Internet-Advertisements,167125,40978,train,0.9329336734693876,0.00873363041318953,0.05,0.9529336734693876,['random_forest'],0,1,True
776,wall-robot-navigation,wall-robot-navigation,9960,1497,train,0.8408976360797563,0.008176417788490653,0.05,0.8608976360797563,['svm'],0,1,True
777,sick,sick,3021,38,train,0.8878153653122285,0.015171357430517673,0.05,0.9078153653122285,['random_forest'],0,1,True
778,PhishingWebsites,PhishingWebsites,14952,4534,train,0.937478248751719,0.014499923214316368,0.05,0.957478248751719,['svm'],0,1,True
779,adult,adult,7592,1590,train,0.7692875583366886,0.015631126705557108,0.05,0.7892875583366886,['random_forest'],0,1,True
780,ozone-level-8hr,ozone-level-8hr,9978,1487,train,0.6017650962176508,0.012419437523931265,0.05,0.6217650962176509,['random_forest'],0,1,True
781,mfeat-factors,mfeat-factors,12,12,train,0.911167646065057,0.012636092646668354,0.05,0.951167646065057,"['feature_selection', 'knn']",0,2,True
782,eucalyptus,eucalyptus,2079,188,train,0.5306217279987772,0.019549934659153223,0.05,0.5906217279987772,"['feature_selection', 'minmax_scaler', 'knn']",0,3,False
783,climate-model-simulation-crashes,climate-model-simulation-crashes,146819,40994,train,0.5217816091954023,0.00988397685190042,0.05,0.5617816091954023,"['minmax_scaler', 'random_forest']",0,2,True
784,ilpd,ilpd,9971,1480,train,0.37517857142857136,0.014825360228617987,0.05,0.4151785714285714,"['minmax_scaler', 'svm']",0,2,False
785,balance-scale,balance-scale,11,11,train,0.5332008431195423,0.014971031807363033,0.05,0.5732008431195423,"['minmax_scaler', 'random_forest']",0,2,True
786,semeion,semeion,9964,1501,train,0.9043148073721086,0.011828470975160599,0.05,0.9243148073721086,['random_forest'],0,1,True
787,nomao,nomao,9977,1486,train,0.9399563281918575,0.007789478404447436,0.05,0.9599563281918575,['random_forest'],0,1,True
788,cylinder-bands,cylinder-bands,14954,6332,train,0.7318760081352127,0.004333553486503661,0.05,0.7518760081352127,['random_forest'],0,1,True
789,segment,segment,146822,40984,train,0.8831466907479032,0.013784923901160559,0.05,0.9231466907479032,"['feature_selection', 'random_forest']",0,2,False
790,CIFAR_10,CIFAR_10,167124,40927,train,0.4375106165575646,0.010677315993234515,0.05,0.45751061655756464,['random_forest'],0,1,False
791,GesturePhaseSegmentationProcessed,GesturePhaseSegmentationProcessed,14969,4538,train,0.38070274828896256,0.012002533301711082,0.05,0.4007027482889626,['svm'],0,1,True
792,satimage,satimage,2074,182,train,0.857435906341469,0.010435003088787198,0.05,0.8774359063414691,['svm'],0,1,True
793,wdbc,wdbc,9946,1510,train,0.9266666666666666,0.018925936271746952,0.05,0.9666666666666667,"['standard_scaler', 'svm']",0,2,False
794,PhishingWebsites,PhishingWebsites,14952,4534,train,0.937478248751719,0.015058080200105906,0.05,0.957478248751719,['svm'],0,1,True
795,churn,churn,167141,40701,train,0.5757380825801878,0.014234072528779507,0.05,0.5957380825801878,['knn'],0,1,True
796,Devnagari-Script,Devnagari-Script,167121,40923,train,0.8818164242003736,0.010910511016845703,0.05,0.9018164242003737,['knn'],0,1,True
797,dresses-sales,dresses-sales,125920,23381,train,0.6123630136986301,0.009133927058428526,0.05,0.6323630136986301,['random_forest'],0,1,True
798,analcatdata_dmft,analcatdata_dmft,3560,469,train,0.14816552250190693,0.010423138504847884,0.05,0.20816552250190692,"['feature_selection', 'minmax_scaler', 'knn']",0,3,False
799,credit-approval,credit-approval,29,29,train,0.7237610786743395,0.009785405360162258,0.05,0.7837610786743395,"['feature_selection', 'minmax_scaler', 'random_forest']",0,3,False
800,splice,splice,45,46,train,0.9339648601916312,0.015247194096446037,0.05,0.9539648601916312,['random_forest'],0,1,True
801,blood-transfusion-service-center,blood-transfusion-service-center,10101,1464,train,0.4344785741372772,0.012427202115456263,0.05,0.47447857413727723,"['minmax_scaler', 'svm']",0,2,True
802,adult,adult,7592,1590,train,0.6185890315517069,0.017326584551483393,0.05,0.6385890315517069,['knn'],0,1,True
803,mfeat-pixel,mfeat-pixel,146824,40979,train,0.9512976271040787,0.00740286149084568,0.05,0.9712976271040787,['random_forest'],0,1,True
804,jm1,jm1,3904,1053,train,0.45656662119145064,0.009238093625754118,0.05,0.47656662119145066,['svm'],0,1,True
805,mfeat-karhunen,mfeat-karhunen,16,16,train,0.962266485276634,0.008482323260977864,0.05,0.9822664852766341,['svm'],0,1,True
806,texture,texture,125922,40499,train,0.9719431646206551,0.005617391783744097,0.05,0.9919431646206551,['svm'],0,1,True
807,isolet,isolet,3481,300,train,0.9235024556674343,0.020228825975209475,0.05,0.9435024556674343,['random_forest'],0,1,True
808,pc4,pc4,3902,1049,train,0.6458176260825267,0.01025275606662035,0.05,0.6658176260825267,['random_forest'],0,1,True
809,mfeat-zernike,mfeat-zernike,22,22,train,0.7660314682126085,0.015234082005918026,0.05,0.7860314682126085,['random_forest'],0,1,True
810,jungle_chess_2pcs_raw_endgame_complete,jungle_chess_2pcs_raw_endgame_complete,167119,41027,train,0.7002702369747347,0.005048100487329066,0.05,0.7202702369747347,['random_forest'],0,1,True
811,dna,dna,167140,40670,train,0.9269010386258641,0.014922690112143755,0.05,0.9469010386258642,['random_forest'],0,1,True
812,connect-4,connect-4,146195,40668,train,0.6031804832812043,0.01661993283778429,0.05,0.6231804832812043,['random_forest'],0,1,True
813,wilt,wilt,146820,40983,train,0.8517817896389326,0.010703470557928085,0.05,0.8717817896389326,['random_forest'],0,1,True
814,kc2,kc2,3913,1063,train,0.6661702127659574,0.016346225049346685,0.05,0.6861702127659575,['random_forest'],0,1,True
815,vowel,vowel,3022,307,train,0.7311816957073604,0.01589094816396634,0.05,0.7711816957073604,"['feature_selection', 'knn']",0,2,True
816,sick,sick,3021,38,train,0.8878153653122285,0.009610874112695456,0.05,0.9078153653122285,['random_forest'],0,1,True
817,pc1,pc1,3918,1068,train,0.6837644699662747,0.010215825401246548,0.05,0.7037644699662747,['random_forest'],0,1,True
818,mfeat-morphological,mfeat-morphological,18,18,train,0.42470029144410726,0.011327011976391077,0.05,0.4647002914441073,"['feature_selection', 'knn']",0,2,False
819,Internet-Advertisements,Internet-Advertisements,167125,40978,train,0.7626937689969605,0.015318559017032385,0.05,0.7826937689969605,['svm'],0,1,True
820,credit-g,credit-g,31,31,train,0.6630628803245436,0.012400473468005657,0.05,0.6830628803245437,['random_forest'],0,1,True
821,electricity,electricity,219,151,train,0.6513412997276166,0.013589334984620413,0.05,0.6913412997276166,"['pca', 'knn']",0,2,False
822,mfeat-fourier,mfeat-fourier,14,14,train,0.8070056981911784,0.015080507379025221,0.05,0.8270056981911784,['random_forest'],0,1,True
823,analcatdata_authorship,analcatdata_authorship,3549,458,train,0.9700686168291802,0.013599836500361562,0.05,0.9900686168291802,['random_forest'],0,1,True
824,breast-w,breast-w,15,15,train,0.9185084033613446,0.017719869191447895,0.05,0.9585084033613447,"['standard_scaler', 'svm']",0,2,True
825,cnae-9,cnae-9,9981,1468,train,0.7627205612181294,0.01283544022589922,0.05,0.8227205612181294,"['pca', 'standard_scaler', 'knn']",0,3,False
826,banknote-authentication,banknote-authentication,10093,1462,train,0.9767240922342963,0.014834252186119556,0.05,0.9967240922342964,['svm'],0,1,True
827,numerai28.6,numerai28.6,167120,23517,train,0.4602031038467671,0.007888191379606724,0.05,0.5002031038467671,"['pca', 'knn']",0,2,False
828,Fashion-MNIST,Fashion-MNIST,146825,40996,train,0.8488742609836526,0.012695412151515484,0.05,0.8888742609836526,"['pca', 'svm']",0,2,False
829,cmc,cmc,23,23,train,0.3275463627532008,0.012690293975174427,0.05,0.4075463627532008,"['pca', 'feature_selection', 'minmax_scaler', 'knn']",0,4,False
830,kr-vs-kp,kr-vs-kp,3,3,train,0.8995758086873915,0.012366325594484806,0.05,0.9595758086873916,"['pca', 'minmax_scaler', 'svm']",0,3,False
831,letter,letter,6,6,train,0.9025431061109469,0.012833572225645185,0.05,0.9225431061109469,['svm'],0,1,True
832,first-order-theorem-proving,first-order-theorem-proving,9985,1475,train,0.3428522557498767,0.015172901097685099,0.05,0.36285225574987673,['svm'],0,1,True
833,mnist_784,mnist_784,3573,554,train,0.9566883051675554,0.012777032796293497,0.05,0.9766883051675554,['svm'],0,1,True
834,tic-tac-toe,tic-tac-toe,49,50,train,0.8966666666666667,0.008296538144350052,0.05,0.9166666666666667,['knn'],0,1,True
835,bank-marketing,bank-marketing,14965,1461,train,0.6338365588808482,0.01501157646998763,0.05,0.6538365588808482,['knn'],0,1,True
836,car,car,146821,40975,train,0.913771772421513,0.008541249204427004,0.05,0.933771772421513,['random_forest'],0,1,True
837,MiceProtein,MiceProtein,146800,40966,train,0.972156862745098,0.011596872471272945,0.05,0.9921568627450981,['random_forest'],0,1,True
838,wall-robot-navigation,wall-robot-navigation,9960,1497,train,0.9678933336618712,0.007092959946021438,0.05,0.9878933336618713,['random_forest'],0,1,True
839,har,har,14970,1478,train,0.9519852875587708,0.014733400428667665,0.05,0.9719852875587708,['random_forest'],0,1,False
840,nomao,nomao,9977,1486,train,0.9399563281918575,0.015991031657904387,0.05,0.9599563281918575,['random_forest'],0,1,True
841,pc1,pc1,3918,1068,train,0.6837644699662747,0.013047374784946442,0.05,0.7037644699662747,['random_forest'],0,1,True
842,first-order-theorem-proving,first-order-theorem-proving,9985,1475,train,0.3428522557498767,0.014983854722231627,0.05,0.36285225574987673,['svm'],0,1,True
843,analcatdata_authorship,analcatdata_authorship,3549,458,train,0.976375098502758,0.01185781229287386,0.05,0.9963750985027581,['svm'],0,1,True
844,jm1,jm1,3904,1053,train,0.45656662119145064,0.007254092255607247,0.05,0.47656662119145066,['svm'],0,1,True
845,cnae-9,cnae-9,9981,1468,train,0.8709065483554405,0.01219283789396286,0.05,0.9309065483554405,"['pca', 'standard_scaler', 'svm']",0,3,False
846,pc4,pc4,3902,1049,train,0.6458176260825267,0.014229407999664545,0.05,0.6658176260825267,['random_forest'],0,1,True
847,letter,letter,6,6,train,0.9025431061109469,0.00848760362714529,0.05,0.9225431061109469,['svm'],0,1,True
848,MiceProtein,MiceProtein,146800,40966,train,0.9191461379116288,0.01985125197097659,0.05,0.9791461379116289,"['pca', 'standard_scaler', 'random_forest']",0,3,False
849,adult,adult,7592,1590,train,0.5626919891456221,0.011085248086601496,0.05,0.5826919891456221,['svm'],0,1,True
850,wilt,wilt,146820,40983,train,0.466078338839075,0.011622943449765444,0.05,0.48607833883907503,['svm'],0,1,True
851,Devnagari-Script,Devnagari-Script,167121,40923,train,0.9050867049381075,0.011655354096243778,0.05,0.9450867049381075,"['pca', 'svm']",0,2,True
852,sick,sick,3021,38,train,0.4642041312272175,0.01481997175142169,0.05,0.4842041312272175,['svm'],0,1,True
853,churn,churn,167141,40701,train,0.864628078216103,0.015115365386009216,0.05,0.884628078216103,['random_forest'],0,1,True
854,semeion,semeion,9964,1501,train,0.8790727982453661,0.011212881421670318,0.05,0.8990727982453661,['knn'],0,1,True
855,ozone-level-8hr,ozone-level-8hr,9978,1487,train,0.5817650962176508,0.008581451761225859,0.05,0.6217650962176509,"['feature_selection', 'random_forest']",0,2,False
856,credit-approval,credit-approval,29,29,train,0.7037610786743395,0.011460173409432173,0.05,0.7837610786743395,"['standard_scaler', 'feature_selection', 'pca', 'knn']",0,4,False
857,har,har,14970,1478,train,0.9440564175807428,0.0077780806459486485,0.05,0.9640564175807428,['knn'],0,1,True
858,kc2,kc2,3913,1063,train,0.6067525706104385,0.010920520716657242,0.05,0.6467525706104386,"['minmax_scaler', 'knn']",0,2,False
859,isolet,isolet,3481,300,train,0.9298063923522455,0.009077124608059725,0.05,0.9698063923522455,"['pca', 'svm']",0,2,False
860,mfeat-pixel,mfeat-pixel,146824,40979,train,0.9600170983936368,0.017382086254656315,0.05,0.9800170983936368,['svm'],0,1,True
861,connect-4,connect-4,146195,40668,train,0.5604683512721392,0.01080201705917716,0.05,0.5804683512721392,['svm'],0,1,True
862,mfeat-morphological,mfeat-morphological,18,18,train,0.3948475583431683,0.00878475490026176,0.05,0.4548475583431683,"['feature_selection', 'pca', 'knn']",0,3,False
863,electricity,electricity,219,151,train,0.7713507549991385,0.019111796282231808,0.05,0.7913507549991385,['knn'],0,1,False
864,balance-scale,balance-scale,11,11,train,0.5532008431195423,0.015439839567989111,0.05,0.5732008431195423,['random_forest'],0,1,True
865,mfeat-factors,mfeat-factors,12,12,train,0.9445847245627411,0.01947481743991375,0.05,0.9645847245627411,['random_forest'],0,1,True
866,numerai28.6,numerai28.6,167120,23517,train,0.4602031038467671,0.008366580431660017,0.05,0.5002031038467671,"['pca', 'knn']",0,2,True
867,credit-g,credit-g,31,31,train,0.6630628803245436,0.014480843674391508,0.05,0.6830628803245437,['random_forest'],0,1,True
868,analcatdata_dmft,analcatdata_dmft,3560,469,train,0.13291243663309396,0.014875632400314013,0.05,0.17291243663309394,"['feature_selection', 'random_forest']",0,2,False
869,cylinder-bands,cylinder-bands,14954,6332,train,0.5811835077974791,0.00985244968906045,0.05,0.6611835077974791,"['feature_selection', 'minmax_scaler', 'pca', 'svm']",0,4,False
870,mfeat-zernike,mfeat-zernike,22,22,train,0.8019942340973475,0.01621707109734416,0.05,0.8219942340973475,['svm'],0,1,True
871,splice,splice,45,46,train,0.9339648601916312,0.012600128538906574,0.05,0.9539648601916312,['random_forest'],0,1,True
872,CIFAR_10,CIFAR_10,167124,40927,train,0.08731707415027654,0.014225826412439347,0.05,0.16731707415027655,"['pca', 'feature_selection', 'minmax_scaler', 'knn']",0,4,False
873,wall-robot-navigation,wall-robot-navigation,9960,1497,train,0.9678933336618712,0.010980966966599226,0.05,0.9878933336618713,['random_forest'],0,1,True
874,dresses-sales,dresses-sales,125920,23381,train,0.6123630136986301,0.008937582140788436,0.05,0.6323630136986301,['random_forest'],0,1,True
875,blood-transfusion-service-center,blood-transfusion-service-center,10101,1464,train,0.6048365182542398,0.009012203974028429,0.05,0.6448365182542398,"['feature_selection', 'random_forest']",0,2,False
876,car,car,146821,40975,train,0.913771772421513,0.007870312547311187,0.05,0.933771772421513,['random_forest'],0,1,True
877,cmc,cmc,23,23,train,0.4592044121386272,0.012575880934794744,0.05,0.49920441213862726,"['feature_selection', 'random_forest']",0,2,False
878,banknote-authentication,banknote-authentication,10093,1462,train,0.9767240922342963,0.0108919283375144,0.05,0.9967240922342964,['svm'],0,1,True
879,bank-marketing,bank-marketing,14965,1461,train,0.4530584702527644,0.018624847754836082,0.05,0.47305847025276443,['svm'],0,1,True
880,eucalyptus,eucalyptus,2079,188,train,0.43345524845524847,0.019162658136337996,0.05,0.4534552484552485,['knn'],0,1,True
881,PhishingWebsites,PhishingWebsites,14952,4534,train,0.937478248751719,0.01140787429176271,0.05,0.957478248751719,['svm'],0,1,True
882,mfeat-fourier,mfeat-fourier,14,14,train,0.8356033166401582,0.0069658581633120775,0.05,0.8556033166401582,['svm'],0,1,True
883,dna,dna,167140,40670,train,0.9269010386258641,0.012377572013065219,0.05,0.9469010386258642,['random_forest'],0,1,True
884,mnist_784,mnist_784,3573,554,train,0.9462219640623935,0.011221305001527071,0.05,0.9662219640623935,['random_forest'],0,1,True
885,climate-model-simulation-crashes,climate-model-simulation-crashes,146819,40994,train,0.5417816091954023,0.008830631617456675,0.05,0.5617816091954023,['random_forest'],0,1,True
886,jungle_chess_2pcs_raw_endgame_complete,jungle_chess_2pcs_raw_endgame_complete,167119,41027,train,0.7002702369747347,0.011359065771102905,0.05,0.7202702369747347,['random_forest'],0,1,True
887,kr-vs-kp,kr-vs-kp,3,3,train,0.9716352552468706,0.011466278461739421,0.05,0.9916352552468706,['random_forest'],0,1,True
888,ilpd,ilpd,9971,1480,train,0.6230645161290322,0.009964350261725485,0.05,0.6830645161290323,"['feature_selection', 'minmax_scaler', 'random_forest']",0,3,False
889,Fashion-MNIST,Fashion-MNIST,146825,40996,train,0.7776542771962565,0.01840461778920144,0.05,0.8376542771962565,"['pca', 'standard_scaler', 'knn']",0,3,False
890,vowel,vowel,3022,307,train,0.9108934570440405,0.011934986338019371,0.05,0.9508934570440405,"['feature_selection', 'random_forest']",0,2,False
891,breast-w,breast-w,15,15,train,0.9593365011552377,0.009529945906251669,0.05,0.9793365011552377,['knn'],0,1,False
892,wdbc,wdbc,9946,1510,train,0.8814187643020595,0.013186125201173127,0.05,0.9414187643020595,"['feature_selection', 'standard_scaler', 'random_forest']",0,3,False
893,Internet-Advertisements,Internet-Advertisements,167125,40978,train,0.9329336734693876,0.014294003136456013,0.05,0.9529336734693876,['random_forest'],0,1,True
894,segment,segment,146822,40984,train,0.6863593415196645,0.009989981539547443,0.05,0.7263593415196645,"['feature_selection', 'svm']",0,2,False
895,texture,texture,125922,40499,train,0.9719431646206551,0.010901061818003654,0.05,0.9919431646206551,['svm'],0,1,True
896,GesturePhaseSegmentationProcessed,GesturePhaseSegmentationProcessed,14969,4538,train,0.38070274828896256,0.0070208278484642506,0.05,0.4007027482889626,['svm'],0,1,True
897,tic-tac-toe,tic-tac-toe,49,50,train,0.8871624266144813,0.015188665827736259,0.05,0.9471624266144814,"['feature_selection', 'minmax_scaler', 'svm']",0,3,False
898,satimage,satimage,2074,182,train,0.857435906341469,0.008205268764868379,0.05,0.8774359063414691,['svm'],0,1,True
899,mfeat-karhunen,mfeat-karhunen,16,16,train,0.9377886533129698,0.012847792822867632,0.05,0.9577886533129698,['random_forest'],0,1,True
900,breast-w,breast-w,15,15,train,0.9523389355742297,0.01028706575743854,0.05,0.9723389355742297,['svm'],0,1,True
901,analcatdata_dmft,analcatdata_dmft,3560,469,train,0.11929900136719215,0.006412469409406185,0.05,0.19929900136719217,"['feature_selection', 'minmax_scaler', 'pca', 'svm']",0,4,False
902,adult,adult,7592,1590,train,0.5626919891456221,0.011551693547517061,0.05,0.5826919891456221,['svm'],0,1,True
903,blood-transfusion-service-center,blood-transfusion-service-center,10101,1464,train,0.4144785741372772,0.008658009523060173,0.05,0.47447857413727723,"['feature_selection', 'minmax_scaler', 'svm']",0,3,False
904,isolet,isolet,3481,300,train,0.9235024556674343,0.006948360009118915,0.05,0.9435024556674343,['random_forest'],0,1,True
905,Devnagari-Script,Devnagari-Script,167121,40923,train,0.8800268014037228,0.007671340135857463,0.05,0.9000268014037228,['random_forest'],0,1,True
906,electricity,electricity,219,151,train,0.8384228829326491,0.010134390671737492,0.05,0.8984228829326492,"['minmax_scaler', 'feature_selection', 'random_forest']",0,3,False
907,first-order-theorem-proving,first-order-theorem-proving,9985,1475,train,0.48185933937223024,0.009715652326121926,0.05,0.5018593393722303,['random_forest'],0,1,True
908,ilpd,ilpd,9971,1480,train,0.37517857142857136,0.0072198729030787945,0.05,0.4151785714285714,"['standard_scaler', 'svm']",0,2,False
909,Fashion-MNIST,Fashion-MNIST,146825,40996,train,0.8142991231294324,0.012954832365115484,0.05,0.8542991231294325,"['standard_scaler', 'knn']",0,2,False
910,semeion,semeion,9964,1501,train,0.9043148073721086,0.010424437234178185,0.05,0.9243148073721086,['random_forest'],0,1,True
911,mfeat-fourier,mfeat-fourier,14,14,train,0.8356033166401582,0.007541392114944756,0.05,0.8556033166401582,['svm'],0,1,True
912,wall-robot-navigation,wall-robot-navigation,9960,1497,train,0.8408976360797563,0.006347745424136519,0.05,0.8608976360797563,['svm'],0,1,True
913,wilt,wilt,146820,40983,train,0.466078338839075,0.01596574392169714,0.05,0.48607833883907503,['svm'],0,1,True
914,jungle_chess_2pcs_raw_endgame_complete,jungle_chess_2pcs_raw_endgame_complete,167119,41027,train,0.7287484216304789,0.011076861061155796,0.05,0.7487484216304789,['svm'],0,1,True
915,analcatdata_authorship,analcatdata_authorship,3549,458,train,0.9700686168291802,0.01540429750457406,0.05,0.9900686168291802,['random_forest'],0,1,True
916,dresses-sales,dresses-sales,125920,23381,train,0.46060265166733627,0.012194522035618624,0.05,0.5006026516673363,"['standard_scaler', 'knn']",0,2,False
917,PhishingWebsites,PhishingWebsites,14952,4534,train,0.937478248751719,0.008403064217418432,0.05,0.957478248751719,['svm'],0,1,True
918,tic-tac-toe,tic-tac-toe,49,50,train,0.9271624266144813,0.013854089193046093,0.05,0.9471624266144814,['svm'],0,1,True
919,mnist_784,mnist_784,3573,554,train,0.9462219640623935,0.015690404921770096,0.05,0.9662219640623935,['random_forest'],0,1,True
920,nomao,nomao,9977,1486,train,0.9399563281918575,0.011409201193600893,0.05,0.9599563281918575,['random_forest'],0,1,True
921,CIFAR_10,CIFAR_10,167124,40927,train,0.4375106165575646,0.014559730421751738,0.05,0.45751061655756464,['random_forest'],0,1,True
922,churn,churn,167141,40701,train,0.864628078216103,0.0036963969469070435,0.05,0.884628078216103,['random_forest'],0,1,True
923,mfeat-factors,mfeat-factors,12,12,train,0.9445847245627411,0.017791518941521645,0.05,0.9645847245627411,['random_forest'],0,1,True
924,bank-marketing,bank-marketing,14965,1461,train,0.6997413385114349,0.012082484550774097,0.05,0.719741338511435,['random_forest'],0,1,True
925,sick,sick,3021,38,train,0.8878153653122285,0.012981750536710024,0.05,0.9078153653122285,['random_forest'],0,1,True
926,credit-g,credit-g,31,31,train,0.6630628803245436,0.013782016467303038,0.05,0.6830628803245437,['random_forest'],0,1,True
927,dna,dna,167140,40670,train,0.9269010386258641,0.010591772850602865,0.05,0.9469010386258642,['random_forest'],0,1,True
928,Internet-Advertisements,Internet-Advertisements,167125,40978,train,0.9329336734693876,0.010385885136201978,0.05,0.9529336734693876,['random_forest'],0,1,True
929,har,har,14970,1478,train,0.9119852875587707,0.014622903661802411,0.05,0.9719852875587708,"['feature_selection', 'minmax_scaler', 'random_forest']",0,3,False
930,pc4,pc4,3902,1049,train,0.6458176260825267,0.00996208842843771,0.05,0.6658176260825267,['random_forest'],0,1,True
931,satimage,satimage,2074,182,train,0.857435906341469,0.012719149701297283,0.05,0.8774359063414691,['svm'],0,1,True
932,mfeat-karhunen,mfeat-karhunen,16,16,train,0.962266485276634,0.005526665830984712,0.05,0.9822664852766341,['svm'],0,1,True
933,numerai28.6,numerai28.6,167120,23517,train,0.45984040429324324,0.013332061585970223,0.05,0.5198404042932433,"['feature_selection', 'minmax_scaler', 'svm']",0,3,False
934,GesturePhaseSegmentationProcessed,GesturePhaseSegmentationProcessed,14969,4538,train,0.38070274828896256,0.007775201229378581,0.05,0.4007027482889626,['svm'],0,1,True
935,mfeat-zernike,mfeat-zernike,22,22,train,0.8019942340973475,0.009354408597573638,0.05,0.8219942340973475,['svm'],0,1,True
936,mfeat-pixel,mfeat-pixel,146824,40979,train,0.9512976271040787,0.012733688345178962,0.05,0.9712976271040787,['random_forest'],0,1,True
937,cylinder-bands,cylinder-bands,14954,6332,train,0.5982633053221289,0.010835910215973854,0.05,0.658263305322129,"['standard_scaler', 'pca', 'svm']",0,3,False
938,climate-model-simulation-crashes,climate-model-simulation-crashes,146819,40994,train,0.5417816091954023,0.005352110834792256,0.05,0.5617816091954023,['random_forest'],0,1,True
939,banknote-authentication,banknote-authentication,10093,1462,train,0.9767240922342963,0.01046320260502398,0.05,0.9967240922342964,['svm'],0,1,True
940,kc2,kc2,3913,1063,train,0.6261702127659574,0.014269873267039657,0.05,0.6861702127659575,"['feature_selection', 'minmax_scaler', 'random_forest']",0,3,False
941,balance-scale,balance-scale,11,11,train,0.5532008431195423,0.010909713804721832,0.05,0.5732008431195423,['random_forest'],0,1,True
942,MiceProtein,MiceProtein,146800,40966,train,0.972156862745098,0.014563435222953558,0.05,0.9921568627450981,['random_forest'],0,1,True
943,kr-vs-kp,kr-vs-kp,3,3,train,0.9069764011799409,0.012704780325293541,0.05,0.946976401179941,"['minmax_scaler', 'knn']",0,2,True
944,cnae-9,cnae-9,9981,1468,train,0.8404852112229929,0.01253612982109189,0.05,0.920485211222993,"['minmax_scaler', 'feature_selection', 'pca', 'svm']",0,4,False
945,connect-4,connect-4,146195,40668,train,0.5661198350730884,0.005251994472928345,0.05,0.5861198350730884,['knn'],0,1,True
946,jm1,jm1,3904,1053,train,0.45656662119145064,0.009155606618151069,0.05,0.47656662119145066,['svm'],0,1,True
947,segment,segment,146822,40984,train,0.7765653195743317,0.009595895372331142,0.05,0.8565653195743318,"['feature_selection', 'standard_scaler', 'pca', 'knn']",0,4,False
948,credit-approval,credit-approval,29,29,train,0.7498989898989898,0.01139647668848435,0.05,0.7898989898989899,"['standard_scaler', 'random_forest']",0,2,True
949,pc1,pc1,3918,1068,train,0.6837644699662747,0.019954699091613293,0.05,0.7037644699662747,['random_forest'],0,1,True
950,mfeat-morphological,mfeat-morphological,18,18,train,0.5510941606599837,0.01035358440130949,0.05,0.6310941606599838,"['feature_selection', 'standard_scaler', 'pca', 'knn']",0,4,False
951,ozone-level-8hr,ozone-level-8hr,9978,1487,train,0.6017650962176508,0.010950632859021425,0.05,0.6217650962176509,['random_forest'],0,1,True
952,wdbc,wdbc,9946,1510,train,0.9014187643020595,0.010432433026532332,0.05,0.9414187643020595,"['standard_scaler', 'random_forest']",0,2,False
953,letter,letter,6,6,train,0.9025431061109469,0.010574469342827797,0.05,0.9225431061109469,['svm'],0,1,True
954,car,car,146821,40975,train,0.913771772421513,0.007421472342684865,0.05,0.933771772421513,['random_forest'],0,1,True
955,texture,texture,125922,40499,train,0.9719431646206551,0.012633646372705698,0.05,0.9919431646206551,['svm'],0,1,True
956,cmc,cmc,23,23,train,0.32623589515503854,0.004727435717359185,0.05,0.4062358951550385,"['feature_selection', 'minmax_scaler', 'pca', 'knn']",0,4,False
957,splice,splice,45,46,train,0.7159150556578209,0.006488180602900684,0.05,0.7759150556578209,"['minmax_scaler', 'feature_selection', 'knn']",0,3,True
958,eucalyptus,eucalyptus,2079,188,train,0.43626109896215537,0.011200836766511202,0.05,0.5162610989621553,"['feature_selection', 'minmax_scaler', 'pca', 'svm']",0,4,False
959,vowel,vowel,3022,307,train,0.2884347320611229,0.010070785507559776,0.05,0.36843473206112287,"['feature_selection', 'minmax_scaler', 'pca', 'svm']",0,4,False
960,analcatdata_dmft,analcatdata_dmft,3560,469,train,0.06634836292944768,0.007243482675403356,0.05,0.1463483629294477,"['feature_selection', 'minmax_scaler', 'pca', 'random_forest']",0,4,False
961,kc2,kc2,3913,1063,train,0.6261702127659574,0.013695337809622288,0.05,0.6861702127659575,"['standard_scaler', 'feature_selection', 'random_forest']",0,3,False
962,vowel,vowel,3022,307,train,0.5895286526577739,0.008827407844364643,0.05,0.669528652657774,"['feature_selection', 'standard_scaler', 'pca', 'svm']",0,4,False
963,texture,texture,125922,40499,train,0.9719431646206551,0.016714397817850113,0.05,0.9919431646206551,['svm'],0,1,True
964,nomao,nomao,9977,1486,train,0.8849422995657482,0.012077822349965572,0.05,0.9449422995657483,"['feature_selection', 'minmax_scaler', 'svm']",0,3,False
965,electricity,electricity,219,151,train,0.7310693067263153,0.007787849230226129,0.05,0.7910693067263154,"['feature_selection', 'minmax_scaler', 'knn']",0,3,False
966,analcatdata_authorship,analcatdata_authorship,3549,458,train,0.956375098502758,0.012246116995811462,0.05,0.9963750985027581,"['feature_selection', 'knn']",0,2,False
967,pc1,pc1,3918,1068,train,0.6071738303537466,0.01235291687771678,0.05,0.6671738303537467,"['feature_selection', 'minmax_scaler', 'knn']",0,3,False
968,credit-g,credit-g,31,31,train,0.5130318754633061,0.011546973139047623,0.05,0.5930318754633062,"['feature_selection', 'minmax_scaler', 'pca', 'svm']",0,4,False
969,climate-model-simulation-crashes,climate-model-simulation-crashes,146819,40994,train,0.47311355311355313,0.009627868048846721,0.05,0.5531135531135531,"['feature_selection', 'minmax_scaler', 'pca', 'svm']",0,4,False
970,first-order-theorem-proving,first-order-theorem-proving,9985,1475,train,0.3428522557498767,0.012481615412980318,0.05,0.36285225574987673,['svm'],0,1,True
971,wall-robot-navigation,wall-robot-navigation,9960,1497,train,0.9478933336618712,0.007134136278182268,0.05,0.9878933336618713,"['standard_scaler', 'random_forest']",0,2,True
972,churn,churn,167141,40701,train,0.864628078216103,0.018145657144486904,0.05,0.884628078216103,['random_forest'],0,1,True
973,splice,splice,45,46,train,0.9139648601916311,0.012177790204683939,0.05,0.9539648601916312,"['minmax_scaler', 'random_forest']",0,2,True
974,dresses-sales,dresses-sales,125920,23381,train,0.44044753086419763,0.008398739714175462,0.05,0.5204475308641976,"['minmax_scaler', 'feature_selection', 'pca', 'random_forest']",0,4,False
975,mfeat-karhunen,mfeat-karhunen,16,16,train,0.9555687356619157,0.013674155808985233,0.05,0.9755687356619157,['knn'],0,1,True
976,Devnagari-Script,Devnagari-Script,167121,40923,train,0.841115350078723,0.010421938146464527,0.05,0.901115350078723,"['feature_selection', 'standard_scaler', 'random_forest']",0,3,False
977,eucalyptus,eucalyptus,2079,188,train,0.43626109896215537,0.008959892392158508,0.05,0.5162610989621553,"['feature_selection', 'minmax_scaler', 'pca', 'svm']",0,4,True
978,cnae-9,cnae-9,9981,1468,train,0.7281244564666302,0.014298106892965734,0.05,0.7881244564666302,"['feature_selection', 'minmax_scaler', 'knn']",0,3,False
979,satimage,satimage,2074,182,train,0.857435906341469,0.012016191612929106,0.05,0.8774359063414691,['svm'],0,1,True
980,bank-marketing,bank-marketing,14965,1461,train,0.4530584702527644,0.013487287797033787,0.05,0.47305847025276443,['svm'],0,1,True
981,jm1,jm1,3904,1053,train,0.45656662119145064,0.012439806014299393,0.05,0.47656662119145066,['svm'],0,1,True
982,Internet-Advertisements,Internet-Advertisements,167125,40978,train,0.8929336734693876,0.010306519572623074,0.05,0.9529336734693876,"['minmax_scaler', 'feature_selection', 'random_forest']",0,3,False
983,banknote-authentication,banknote-authentication,10093,1462,train,0.9301421780788413,0.013274895260110497,0.05,0.9901421780788413,"['standard_scaler', 'feature_selection', 'random_forest']",0,3,True
984,cmc,cmc,23,23,train,0.44425908728662034,0.011670973850414157,0.05,0.5042590872866204,"['feature_selection', 'minmax_scaler', 'random_forest']",0,3,False
985,mfeat-morphological,mfeat-morphological,18,18,train,0.6507954222667961,0.010937726746002832,0.05,0.6907954222667961,"['feature_selection', 'random_forest']",0,2,False
986,mnist_784,mnist_784,3573,554,train,0.9100277740920295,0.010420824866741896,0.05,0.9700277740920296,"['feature_selection', 'minmax_scaler', 'knn']",0,3,False
987,car,car,146821,40975,train,0.913771772421513,0.016087910626083612,0.05,0.933771772421513,['random_forest'],0,1,True
988,Fashion-MNIST,Fashion-MNIST,146825,40996,train,0.7919452746431308,0.01977451634593308,0.05,0.8519452746431309,"['feature_selection', 'minmax_scaler', 'knn']",0,3,False
989,mfeat-zernike,mfeat-zernike,22,22,train,0.7323170785857307,0.010280941845849156,0.05,0.7923170785857307,"['feature_selection', 'minmax_scaler', 'random_forest']",0,3,True
990,mfeat-pixel,mfeat-pixel,146824,40979,train,0.9000625976408907,0.01393816564232111,0.05,0.9800625976408908,"['feature_selection', 'minmax_scaler', 'pca', 'svm']",0,4,False
991,har,har,14970,1478,train,0.9048844744160774,0.012944238376803696,0.05,0.9648844744160775,"['feature_selection', 'minmax_scaler', 'knn']",0,3,False
992,numerai28.6,numerai28.6,167120,23517,train,0.44607937567857403,0.011950778309255838,0.05,0.5060793756785741,"['feature_selection', 'standard_scaler', 'knn']",0,3,False
993,PhishingWebsites,PhishingWebsites,14952,4534,train,0.930086528348476,0.00889364699833095,0.05,0.9500865283484761,['knn'],0,1,True
994,balance-scale,balance-scale,11,11,train,0.5532008431195423,0.011632677633315325,0.05,0.5732008431195423,['random_forest'],0,1,True
995,MiceProtein,MiceProtein,146800,40966,train,0.9199999999999999,0.008720360416918992,0.05,1.0,"['feature_selection', 'minmax_scaler', 'pca', 'svm']",0,4,False
996,ilpd,ilpd,9971,1480,train,0.6230645161290322,0.008924517664127052,0.05,0.6830645161290323,"['feature_selection', 'minmax_scaler', 'random_forest']",0,3,True
997,CIFAR_10,CIFAR_10,167124,40927,train,0.3973880250406473,0.009986614342778921,0.05,0.45738802504064735,"['feature_selection', 'minmax_scaler', 'random_forest']",0,3,False
998,jungle_chess_2pcs_raw_endgame_complete,jungle_chess_2pcs_raw_endgame_complete,167119,41027,train,0.7002702369747347,0.010489920154213905,0.05,0.7202702369747347,['random_forest'],0,1,True
999,isolet,isolet,3481,300,train,0.8835024556674342,0.01316936849616468,0.05,0.9435024556674343,"['feature_selection', 'minmax_scaler', 'random_forest']",0,3,False
1000,ozone-level-8hr,ozone-level-8hr,9978,1487,train,0.40369565217391307,0.007308805454522371,0.05,0.483695652173913,"['feature_selection', 'minmax_scaler', 'pca', 'svm']",0,4,False
1001,letter,letter,6,6,train,0.9025431061109469,0.005600794684141874,0.05,0.9225431061109469,['svm'],0,1,True
1002,segment,segment,146822,40984,train,0.7765653195743317,0.012173219583928585,0.05,0.8565653195743318,"['feature_selection', 'standard_scaler', 'pca', 'knn']",0,4,True
1003,mfeat-fourier,mfeat-fourier,14,14,train,0.7347369175905527,0.009470820240676404,0.05,0.8147369175905528,"['feature_selection', 'minmax_scaler', 'pca', 'knn']",0,4,False
1004,breast-w,breast-w,15,15,train,0.8985084033613446,0.009531913208775222,0.05,0.9585084033613447,"['standard_scaler', 'feature_selection', 'svm']",0,3,False
1005,blood-transfusion-service-center,blood-transfusion-service-center,10101,1464,train,0.4144785741372772,0.009183335001580417,0.05,0.47447857413727723,"['minmax_scaler', 'feature_selection', 'svm']",0,3,False
1006,sick,sick,3021,38,train,0.8878153653122285,0.011195709463208914,0.05,0.9078153653122285,['random_forest'],0,1,True
1007,pc4,pc4,3902,1049,train,0.6097986577181207,0.010338675579987466,0.05,0.6697986577181207,"['standard_scaler', 'feature_selection', 'knn']",0,3,False
1008,semeion,semeion,9964,1501,train,0.8191111671729884,0.010223897453397513,0.05,0.8991111671729884,"['feature_selection', 'minmax_scaler', 'pca', 'knn']",0,4,True
1009,wilt,wilt,146820,40983,train,0.466078338839075,0.009745129384100437,0.05,0.48607833883907503,['svm'],0,1,True
1010,kr-vs-kp,kr-vs-kp,3,3,train,0.8795758086873915,0.008264336036518216,0.05,0.9595758086873916,"['feature_selection', 'minmax_scaler', 'pca', 'svm']",0,4,False
1011,GesturePhaseSegmentationProcessed,GesturePhaseSegmentationProcessed,14969,4538,train,0.5235159270783851,0.00839371420443058,0.05,0.5835159270783852,"['minmax_scaler', 'feature_selection', 'random_forest']",0,3,False
1012,connect-4,connect-4,146195,40668,train,0.5631804832812043,0.01174919807817787,0.05,0.6231804832812043,"['minmax_scaler', 'feature_selection', 'random_forest']",0,3,False
1013,credit-approval,credit-approval,29,29,train,0.7114438502673797,0.008860860485583544,0.05,0.7914438502673797,"['standard_scaler', 'feature_selection', 'pca', 'svm']",0,4,False
1014,wdbc,wdbc,9946,1510,train,0.8981562602157567,0.006623105029575527,0.05,0.9581562602157567,"['standard_scaler', 'feature_selection', 'knn']",0,3,False
1015,adult,adult,7592,1590,train,0.7490246607176452,0.012044508786251148,0.05,0.7890246607176452,"['standard_scaler', 'random_forest']",0,2,False
1016,tic-tac-toe,tic-tac-toe,49,50,train,0.8926211888572055,0.012554456247016788,0.05,0.9526211888572056,"['standard_scaler', 'feature_selection', 'random_forest']",0,3,False
1017,dna,dna,167140,40670,train,0.7012876420349013,0.008889906166587025,0.05,0.7612876420349014,"['feature_selection', 'minmax_scaler', 'knn']",0,3,True
1018,cylinder-bands,cylinder-bands,14954,6332,train,0.5811835077974791,0.008749038074165582,0.05,0.6611835077974791,"['feature_selection', 'minmax_scaler', 'pca', 'svm']",0,4,True
1019,mfeat-factors,mfeat-factors,12,12,train,0.884430588970538,0.0073924021329730746,0.05,0.964430588970538,"['feature_selection', 'minmax_scaler', 'pca', 'svm']",0,4,False
1020,first-order-theorem-proving,first-order-theorem-proving,9985,1475,train,0.44303894910382047,0.012097257655113935,0.05,0.5030389491038205,"['minmax_scaler', 'feature_selection', 'random_forest']",0,3,False
1021,analcatdata_dmft,analcatdata_dmft,3560,469,train,0.11291243663309394,0.012312359525822103,0.05,0.17291243663309394,"['feature_selection', 'standard_scaler', 'random_forest']",0,3,False
1022,breast-w,breast-w,15,15,train,0.9055608352587297,0.012705007917247713,0.05,0.9655608352587297,"['minmax_scaler', 'feature_selection', 'random_forest']",0,3,True
1023,mfeat-karhunen,mfeat-karhunen,16,16,train,0.8977886533129698,0.011792082223109901,0.05,0.9577886533129698,"['feature_selection', 'minmax_scaler', 'random_forest']",0,3,False
1024,cnae-9,cnae-9,9981,1468,train,0.8404852112229929,0.012164853699505328,0.05,0.920485211222993,"['feature_selection', 'minmax_scaler', 'pca', 'svm']",0,4,False
1025,churn,churn,167141,40701,train,0.6529251588686575,0.00867016357369721,0.05,0.7129251588686576,"['feature_selection', 'standard_scaler', 'knn']",0,3,False
1026,GesturePhaseSegmentationProcessed,GesturePhaseSegmentationProcessed,14969,4538,train,0.4630928247908257,0.006179286341648549,0.05,0.5230928247908258,"['feature_selection', 'standard_scaler', 'knn']",0,3,False
1027,Internet-Advertisements,Internet-Advertisements,167125,40978,train,0.7735870116692034,0.008147913962602615,0.05,0.8335870116692035,"['feature_selection', 'minmax_scaler', 'svm']",0,3,False
1028,Fashion-MNIST,Fashion-MNIST,146825,40996,train,0.8471951463484262,0.00647041837995251,0.05,0.8871951463484262,"['standard_scaler', 'svm']",0,2,False
1029,jm1,jm1,3904,1053,train,0.5526302789962594,0.01499019586481154,0.05,0.6126302789962594,"['minmax_scaler', 'feature_selection', 'knn']",0,3,True
1030,dresses-sales,dresses-sales,125920,23381,train,0.5796662596662596,0.008928073151037098,0.05,0.6596662596662597,"['feature_selection', 'minmax_scaler', 'pca', 'knn']",0,4,False
1031,ilpd,ilpd,9971,1480,train,0.6230645161290322,0.011403188575059175,0.05,0.6830645161290323,"['feature_selection', 'standard_scaler', 'random_forest']",0,3,False
1032,Devnagari-Script,Devnagari-Script,167121,40923,train,0.8418164242003736,0.009495874866843224,0.05,0.9018164242003737,"['feature_selection', 'minmax_scaler', 'knn']",0,3,False
1033,wilt,wilt,146820,40983,train,0.5284099202177004,0.010511658969335258,0.05,0.5884099202177004,"['feature_selection', 'minmax_scaler', 'knn']",0,3,False
1034,splice,splice,45,46,train,0.6641296124145871,0.012177549488842487,0.05,0.7441296124145872,"['feature_selection', 'minmax_scaler', 'pca', 'knn']",0,4,False
1035,sick,sick,3021,38,train,0.6883201581027667,0.008307133917696774,0.05,0.7483201581027668,"['feature_selection', 'minmax_scaler', 'knn']",0,3,False
1036,nomao,nomao,9977,1486,train,0.8792085046292979,0.011573255411349237,0.05,0.939208504629298,"['feature_selection', 'minmax_scaler', 'knn']",0,3,False
1037,mfeat-factors,mfeat-factors,12,12,train,0.884430588970538,0.008713551238179207,0.05,0.964430588970538,"['feature_selection', 'minmax_scaler', 'pca', 'svm']",0,4,True
1038,numerai28.6,numerai28.6,167120,23517,train,0.4482422866380429,0.009318422758951783,0.05,0.5082422866380429,"['feature_selection', 'standard_scaler', 'random_forest']",0,3,False
1039,analcatdata_authorship,analcatdata_authorship,3549,458,train,0.94,0.009094655397348106,0.05,1.0,"['feature_selection', 'minmax_scaler', 'knn']",0,3,True
1040,mfeat-morphological,mfeat-morphological,18,18,train,0.6307954222667961,0.012103387736715376,0.05,0.6907954222667961,"['feature_selection', 'minmax_scaler', 'random_forest']",0,3,False
1041,eucalyptus,eucalyptus,2079,188,train,0.436114554711046,0.007516676001250744,0.05,0.516114554711046,"['feature_selection', 'minmax_scaler', 'pca', 'knn']",0,4,False
1042,kc2,kc2,3913,1063,train,0.5542146410803126,0.00970720429904759,0.05,0.6142146410803127,"['minmax_scaler', 'feature_selection', 'svm']",0,3,True
1043,pc1,pc1,3918,1068,train,0.6071738303537466,0.011948464438319206,0.05,0.6671738303537467,"['minmax_scaler', 'feature_selection', 'knn']",0,3,False
1044,wdbc,wdbc,9946,1510,train,0.8814187643020595,0.012368646916002035,0.05,0.9414187643020595,"['minmax_scaler', 'feature_selection', 'random_forest']",0,3,False
1045,pc4,pc4,3902,1049,train,0.5731096196868009,0.007766354829072952,0.05,0.6331096196868009,"['feature_selection', 'minmax_scaler', 'knn']",0,3,False
1046,wall-robot-navigation,wall-robot-navigation,9960,1497,train,0.7719046065270317,0.006583614973351359,0.05,0.8319046065270318,"['feature_selection', 'minmax_scaler', 'knn']",0,3,False
1047,CIFAR_10,CIFAR_10,167124,40927,train,0.26310074308966713,0.008337530074641109,0.05,0.3231007430896672,"['standard_scaler', 'feature_selection', 'knn']",0,3,False
1048,segment,segment,146822,40984,train,0.8631466907479032,0.013496875297278166,0.05,0.9231466907479032,"['standard_scaler', 'feature_selection', 'random_forest']",0,3,False
1049,vowel,vowel,3022,307,train,0.8908934570440404,0.00972613540943712,0.05,0.9508934570440405,"['feature_selection', 'standard_scaler', 'random_forest']",0,3,False
1050,credit-approval,credit-approval,29,29,train,0.7176287103806808,0.009626231156289577,0.05,0.7776287103806808,"['standard_scaler', 'feature_selection', 'svm']",0,3,False
1051,cmc,cmc,23,23,train,0.44425908728662034,0.011000629514455795,0.05,0.5042590872866204,"['feature_selection', 'minmax_scaler', 'random_forest']",0,3,True
1052,kr-vs-kp,kr-vs-kp,3,3,train,0.8869764011799409,0.009278714540414512,0.05,0.946976401179941,"['feature_selection', 'minmax_scaler', 'knn']",0,3,False
1053,mfeat-fourier,mfeat-fourier,14,14,train,0.7670056981911784,0.011583146289922297,0.05,0.8270056981911784,"['feature_selection', 'minmax_scaler', 'random_forest']",0,3,False
1054,car,car,146821,40975,train,0.5792425824552521,0.009537832345813513,0.05,0.6392425824552521,"['feature_selection', 'standard_scaler', 'knn']",0,3,False
1055,har,har,14970,1478,train,0.9034756192130979,0.008604262897279114,0.05,0.963475619213098,"['standard_scaler', 'feature_selection', 'knn']",0,3,False
1056,blood-transfusion-service-center,blood-transfusion-service-center,10101,1464,train,0.5784037418520176,0.01064300280995667,0.05,0.6384037418520176,"['feature_selection', 'standard_scaler', 'random_forest']",0,3,False
1057,jungle_chess_2pcs_raw_endgame_complete,jungle_chess_2pcs_raw_endgame_complete,167119,41027,train,0.6380454663471887,0.008681653533130884,0.05,0.6780454663471888,"['standard_scaler', 'knn']",0,2,False
1058,mfeat-pixel,mfeat-pixel,146824,40979,train,0.9200205957533754,0.009888187400065362,0.05,0.9800205957533754,"['feature_selection', 'minmax_scaler', 'knn']",0,3,False
1059,connect-4,connect-4,146195,40668,train,0.5261198350730883,0.010648617753759027,0.05,0.5861198350730884,"['minmax_scaler', 'feature_selection', 'knn']",0,3,False
1060,texture,texture,125922,40499,train,0.9719431646206551,0.0076928779017180204,0.05,0.9919431646206551,['svm'],0,1,True
1061,climate-model-simulation-crashes,climate-model-simulation-crashes,146819,40994,train,0.5017816091954023,0.01075757178477943,0.05,0.5617816091954023,"['minmax_scaler', 'feature_selection', 'random_forest']",0,3,False
1062,bank-marketing,bank-marketing,14965,1461,train,0.5863141113123548,0.008703532977961004,0.05,0.6463141113123548,"['feature_selection', 'minmax_scaler', 'knn']",0,3,False
1063,credit-g,credit-g,31,31,train,0.4177810456658177,0.011364155821502209,0.05,0.49778104566581766,"['feature_selection', 'pca', 'standard_scaler', 'knn']",0,4,False
1064,electricity,electricity,219,151,train,0.7310693067263153,0.007254340103827417,0.05,0.7910693067263154,"['feature_selection', 'minmax_scaler', 'knn']",0,3,True
1065,letter,letter,6,6,train,0.9025431061109469,0.0037535966839641333,0.05,0.9225431061109469,['svm'],0,1,True
1066,MiceProtein,MiceProtein,146800,40966,train,0.932156862745098,0.007395835826173425,0.05,0.9921568627450981,"['feature_selection', 'minmax_scaler', 'random_forest']",0,3,False
1067,ozone-level-8hr,ozone-level-8hr,9978,1487,train,0.557152149321267,0.008913091733120382,0.05,0.617152149321267,"['feature_selection', 'minmax_scaler', 'knn']",0,3,False
1068,isolet,isolet,3481,300,train,0.833695570280549,0.01199749088846147,0.05,0.893695570280549,"['minmax_scaler', 'feature_selection', 'knn']",0,3,False
1069,mnist_784,mnist_784,3573,554,train,0.9100277740920295,0.008513319015037268,0.05,0.9700277740920296,"['feature_selection', 'minmax_scaler', 'knn']",0,3,True
1070,dna,dna,167140,40670,train,0.7012876420349013,0.007983740884810686,0.05,0.7612876420349014,"['feature_selection', 'minmax_scaler', 'knn']",0,3,True
1071,cylinder-bands,cylinder-bands,14954,6332,train,0.6957208237986269,0.011249036528170109,0.05,0.7557208237986269,"['feature_selection', 'standard_scaler', 'random_forest']",0,3,False
1072,adult,adult,7592,1590,train,0.7290246607176452,0.01617467578034848,0.05,0.7890246607176452,"['standard_scaler', 'feature_selection', 'random_forest']",0,3,False
1073,mfeat-zernike,mfeat-zernike,22,22,train,0.7335206319730802,0.008684056927450001,0.05,0.7935206319730802,"['feature_selection', 'standard_scaler', 'random_forest']",0,3,False
1074,semeion,semeion,9964,1501,train,0.8390727982453661,0.008379675797186792,0.05,0.8990727982453661,"['feature_selection', 'minmax_scaler', 'knn']",0,3,False
1075,tic-tac-toe,tic-tac-toe,49,50,train,0.6754527687296417,0.010964128072373569,0.05,0.7354527687296417,"['feature_selection', 'standard_scaler', 'knn']",0,3,False
1076,balance-scale,balance-scale,11,11,train,0.5289683636873636,0.011703875090461224,0.05,0.5889683636873636,"['feature_selection', 'standard_scaler', 'random_forest']",0,3,False
1077,satimage,satimage,2074,182,train,0.8436101030905307,0.006583935290109366,0.05,0.9036101030905308,"['feature_selection', 'standard_scaler', 'random_forest']",0,3,False
1078,PhishingWebsites,PhishingWebsites,14952,4534,train,0.8857059397705829,0.006143580831121653,0.05,0.9457059397705829,"['feature_selection', 'standard_scaler', 'knn']",0,3,True
1079,banknote-authentication,banknote-authentication,10093,1462,train,0.94,0.011494831065647304,0.05,1.0,"['standard_scaler', 'feature_selection', 'svm']",0,3,False
1080,PhishingWebsites,PhishingWebsites,14952,4534,train,0.9077566624753215,0.006454352696891874,0.05,0.9677566624753215,"['feature_selection', 'minmax_scaler', 'random_forest']",0,3,False
1081,blood-transfusion-service-center,blood-transfusion-service-center,10101,1464,train,0.5784037418520176,0.008132948481943458,0.05,0.6384037418520176,"['feature_selection', 'standard_scaler', 'random_forest']",0,3,True
1082,mfeat-factors,mfeat-factors,12,12,train,0.8557700906395882,0.010071056429296732,0.05,0.8757700906395882,['svm'],0,1,True
1083,mfeat-fourier,mfeat-fourier,14,14,train,0.7561232235721728,0.006700686179101467,0.05,0.8161232235721728,"['feature_selection', 'minmax_scaler', 'knn']",0,3,False
1084,har,har,14970,1478,train,0.9048844744160774,0.008391720126383007,0.05,0.9648844744160775,"['minmax_scaler', 'feature_selection', 'knn']",0,3,False
1085,eucalyptus,eucalyptus,2079,188,train,0.5306217279987772,0.008410634123720229,0.05,0.5906217279987772,"['feature_selection', 'minmax_scaler', 'knn']",0,3,True
1086,segment,segment,146822,40984,train,0.8163658704358557,0.009924884885549545,0.05,0.8763658704358558,"['feature_selection', 'standard_scaler', 'knn']",0,3,False
1087,ozone-level-8hr,ozone-level-8hr,9978,1487,train,0.5617650962176508,0.013486200012266636,0.05,0.6217650962176509,"['feature_selection', 'minmax_scaler', 'random_forest']",0,3,False
1088,kr-vs-kp,kr-vs-kp,3,3,train,0.9316352552468705,0.007021501834969968,0.05,0.9916352552468706,"['feature_selection', 'minmax_scaler', 'random_forest']",0,3,False
1089,kc2,kc2,3913,1063,train,0.6261702127659574,0.006614893092773855,0.05,0.6861702127659575,"['feature_selection', 'standard_scaler', 'random_forest']",0,3,False
1090,first-order-theorem-proving,first-order-theorem-proving,9985,1475,train,0.44303894910382047,0.009346165577881038,0.05,0.5030389491038205,"['feature_selection', 'minmax_scaler', 'random_forest']",0,3,False
1091,CIFAR_10,CIFAR_10,167124,40927,train,0.4745292604154179,0.012123960652388632,0.05,0.5345292604154179,"['feature_selection', 'minmax_scaler', 'svm']",0,3,False
1092,Internet-Advertisements,Internet-Advertisements,167125,40978,train,0.7735870116692034,0.009745284682139754,0.05,0.8335870116692035,"['feature_selection', 'minmax_scaler', 'svm']",0,3,True
1093,adult,adult,7592,1590,train,0.6943370975654417,0.007629978470504284,0.05,0.7543370975654418,"['minmax_scaler', 'feature_selection', 'knn']",0,3,False
1094,bank-marketing,bank-marketing,14965,1461,train,0.5863141113123548,0.010025379015132785,0.05,0.6463141113123548,"['minmax_scaler', 'feature_selection', 'knn']",0,3,False
1095,analcatdata_dmft,analcatdata_dmft,3560,469,train,0.12939434928399277,0.008555822365451604,0.05,0.18939434928399276,"['feature_selection', 'standard_scaler', 'knn']",0,3,False
1096,dna,dna,167140,40670,train,0.670910710537445,0.010710655944421887,0.05,0.730910710537445,"['standard_scaler', 'feature_selection', 'knn']",0,3,False
1097,pc4,pc4,3902,1049,train,0.5731096196868009,0.009204166824929416,0.05,0.6331096196868009,"['minmax_scaler', 'feature_selection', 'knn']",0,3,False
1098,mfeat-pixel,mfeat-pixel,146824,40979,train,0.9134723103806105,0.009979258407838643,0.05,0.9734723103806106,"['feature_selection', 'minmax_scaler', 'random_forest']",0,3,False
1099,tic-tac-toe,tic-tac-toe,49,50,train,0.9126211888572056,0.010276127606630325,0.05,0.9526211888572056,"['feature_selection', 'random_forest']",0,2,True
1100,jungle_chess_2pcs_raw_endgame_complete,jungle_chess_2pcs_raw_endgame_complete,167119,41027,train,0.661091931379837,0.007977700675837696,0.05,0.7210919313798371,"['minmax_scaler', 'feature_selection', 'random_forest']",0,3,False
1101,connect-4,connect-4,146195,40668,train,0.5261198350730883,0.008619446191005409,0.05,0.5861198350730884,"['feature_selection', 'minmax_scaler', 'knn']",0,3,False
1102,cmc,cmc,23,23,train,0.3928064206395592,0.010076811304315925,0.05,0.45280642063955917,"['feature_selection', 'standard_scaler', 'knn']",0,3,False
1103,MiceProtein,MiceProtein,146800,40966,train,0.9025325471093071,0.00905168370809406,0.05,0.9625325471093071,"['feature_selection', 'minmax_scaler', 'knn']",0,3,True
1104,credit-approval,credit-approval,29,29,train,0.7298989898989898,0.009058640396688133,0.05,0.7898989898989899,"['feature_selection', 'standard_scaler', 'random_forest']",0,3,False
1105,electricity,electricity,219,151,train,0.7638678612262846,0.011966119171120226,0.05,0.8238678612262846,"['feature_selection', 'standard_scaler', 'knn']",0,3,False
1106,semeion,semeion,9964,1501,train,0.8643148073721085,0.010640439460985363,0.05,0.9243148073721086,"['feature_selection', 'standard_scaler', 'random_forest']",0,3,False
1107,analcatdata_authorship,analcatdata_authorship,3549,458,train,0.9363720490036279,0.006104292522650212,0.05,0.996372049003628,"['standard_scaler', 'feature_selection', 'knn']",0,3,False
1108,letter,letter,6,6,train,0.9025431061109469,0.003456092090345919,0.05,0.9225431061109469,['svm'],0,1,True
1109,car,car,146821,40975,train,0.5792425824552521,0.010607792297378182,0.05,0.6392425824552521,"['feature_selection', 'standard_scaler', 'knn']",0,3,True
1110,Devnagari-Script,Devnagari-Script,167121,40923,train,0.8801546657468773,0.013908617664128542,0.05,0.9401546657468773,"['minmax_scaler', 'feature_selection', 'svm']",0,3,False
1111,pc1,pc1,3918,1068,train,0.47496006127585066,0.00654967431910336,0.05,0.5349600612758507,"['feature_selection', 'standard_scaler', 'svm']",0,3,False
1112,nomao,nomao,9977,1486,train,0.8849422995657482,0.013190786354243755,0.05,0.9449422995657483,"['minmax_scaler', 'feature_selection', 'svm']",0,3,False
1113,dresses-sales,dresses-sales,125920,23381,train,0.5467765567765567,0.010047637624666095,0.05,0.6067765567765567,"['feature_selection', 'minmax_scaler', 'svm']",0,3,False
1114,mfeat-karhunen,mfeat-karhunen,16,16,train,0.8977886533129698,0.007417142624035478,0.05,0.9577886533129698,"['feature_selection', 'minmax_scaler', 'random_forest']",0,3,True
1115,wilt,wilt,146820,40983,train,0.5284099202177004,0.008298441302031279,0.05,0.5884099202177004,"['minmax_scaler', 'feature_selection', 'knn']",0,3,False
1116,breast-w,breast-w,15,15,train,0.9193365011552377,0.009431591257452965,0.05,0.9793365011552377,"['minmax_scaler', 'feature_selection', 'knn']",0,3,False
1117,churn,churn,167141,40701,train,0.6077296563803134,0.010180561686865985,0.05,0.6677296563803135,"['feature_selection', 'minmax_scaler', 'knn']",0,3,False
1118,GesturePhaseSegmentationProcessed,GesturePhaseSegmentationProcessed,14969,4538,train,0.5235159270783851,0.01251979754306376,0.05,0.5835159270783852,"['minmax_scaler', 'feature_selection', 'random_forest']",0,3,True
1119,wall-robot-navigation,wall-robot-navigation,9960,1497,train,0.9278933336618712,0.006175253540277481,0.05,0.9878933336618713,"['feature_selection', 'minmax_scaler', 'random_forest']",0,3,False
1120,satimage,satimage,2074,182,train,0.8436101030905307,0.00666833552531898,0.05,0.9036101030905308,"['feature_selection', 'standard_scaler', 'random_forest']",0,3,True
1121,sick,sick,3021,38,train,0.6883201581027667,0.010374299599789083,0.05,0.7483201581027668,"['feature_selection', 'minmax_scaler', 'knn']",0,3,True
1122,mfeat-zernike,mfeat-zernike,22,22,train,0.7517897576885981,0.00888124795164913,0.05,0.8117897576885982,"['feature_selection', 'standard_scaler', 'knn']",0,3,False
1123,splice,splice,45,46,train,0.7159150556578209,0.00982063077390194,0.05,0.7759150556578209,"['feature_selection', 'minmax_scaler', 'knn']",0,3,False
1124,banknote-authentication,banknote-authentication,10093,1462,train,0.94,0.011196520528756082,0.05,1.0,"['standard_scaler', 'feature_selection', 'svm']",0,3,True
1125,jm1,jm1,3904,1053,train,0.5517155759403178,0.004760672454722226,0.05,0.6117155759403179,"['feature_selection', 'standard_scaler', 'random_forest']",0,3,False
1126,mnist_784,mnist_784,3573,554,train,0.9299620107109486,0.0049637181994815665,0.05,0.9699620107109487,"['feature_selection', 'knn']",0,2,False
1127,texture,texture,125922,40499,train,0.9150832992800269,0.005941712704952806,0.05,0.9750832992800269,"['feature_selection', 'minmax_scaler', 'random_forest']",0,3,False
1128,cylinder-bands,cylinder-bands,14954,6332,train,0.6957208237986269,0.009378852555528283,0.05,0.7557208237986269,"['feature_selection', 'minmax_scaler', 'random_forest']",0,3,False
1129,vowel,vowel,3022,307,train,0.7961924944113231,0.007097117602825165,0.05,0.8161924944113231,['svm'],0,1,False
1130,climate-model-simulation-crashes,climate-model-simulation-crashes,146819,40994,train,0.5017816091954023,0.006285002920776606,0.05,0.5617816091954023,"['feature_selection', 'standard_scaler', 'svm']",0,3,False
1131,mfeat-morphological,mfeat-morphological,18,18,train,0.37619566871878,0.00794317084364593,0.05,0.39619566871878004,['svm'],0,1,True
1132,isolet,isolet,3481,300,train,0.8835024556674342,0.00706026132684201,0.05,0.9435024556674343,"['standard_scaler', 'feature_selection', 'random_forest']",0,3,False
1133,cnae-9,cnae-9,9981,1468,train,0.853732715831099,0.010061895474791527,0.05,0.913732715831099,"['feature_selection', 'standard_scaler', 'random_forest']",0,3,False
1134,Fashion-MNIST,Fashion-MNIST,146825,40996,train,0.7942991231294324,0.011942949844524264,0.05,0.8542991231294325,"['standard_scaler', 'feature_selection', 'knn']",0,3,False
1135,balance-scale,balance-scale,11,11,train,0.5132008431195423,0.00934313761536032,0.05,0.5732008431195423,"['minmax_scaler', 'feature_selection', 'random_forest']",0,3,False
1136,credit-g,credit-g,31,31,train,0.546526944496758,0.008553742663934827,0.05,0.606526944496758,"['feature_selection', 'minmax_scaler', 'knn']",0,3,False
1137,wdbc,wdbc,9946,1510,train,0.897780856257009,0.007211823249235749,0.05,0.957780856257009,"['feature_selection', 'minmax_scaler', 'svm']",0,3,False
1138,ilpd,ilpd,9971,1480,train,0.6230645161290322,0.01063142716884613,0.05,0.6830645161290323,"['minmax_scaler', 'feature_selection', 'random_forest']",0,3,False
1139,numerai28.6,numerai28.6,167120,23517,train,0.4482422866380429,0.008470688248053193,0.05,0.5082422866380429,"['feature_selection', 'standard_scaler', 'random_forest']",0,3,True
1140,wdbc,wdbc,9946,1510,train,0.8981562602157567,0.01350259012542665,0.05,0.9581562602157567,"['feature_selection', 'standard_scaler', 'knn']",0,3,False
1141,Fashion-MNIST,Fashion-MNIST,146825,40996,train,0.7788386540142296,0.011632216069847346,0.05,0.8588386540142297,"['standard_scaler', 'feature_selection', 'pca', 'knn']",0,4,False
1142,kc2,kc2,3913,1063,train,0.5794444444444444,0.009178875014185905,0.05,0.6394444444444445,"['feature_selection', 'standard_scaler', 'knn']",0,3,False
1143,adult,adult,7592,1590,train,0.6945182676587653,0.008562997332774103,0.05,0.7545182676587654,"['feature_selection', 'minmax_scaler', 'svm']",0,3,False
1144,mfeat-morphological,mfeat-morphological,18,18,train,0.4447002914441073,0.005031788721680641,0.05,0.4647002914441073,['knn'],0,1,True
1145,cmc,cmc,23,23,train,0.40120016914619616,0.007623210083693266,0.05,0.46120016914619616,"['feature_selection', 'minmax_scaler', 'knn']",0,3,False
1146,breast-w,breast-w,15,15,train,0.9123389355742296,0.00761251465883106,0.05,0.9723389355742297,"['feature_selection', 'minmax_scaler', 'svm']",0,3,False
1147,connect-4,connect-4,146195,40668,train,0.5402427137020359,0.007872099406085908,0.05,0.600242713702036,"['feature_selection', 'standard_scaler', 'svm']",0,3,False
1148,churn,churn,167141,40701,train,0.6529251588686575,0.009825624292716384,0.05,0.7129251588686576,"['feature_selection', 'standard_scaler', 'knn']",0,3,True
1149,ilpd,ilpd,9971,1480,train,0.35517857142857134,0.0092720853863284,0.05,0.4151785714285714,"['feature_selection', 'minmax_scaler', 'svm']",0,3,False
1150,dna,dna,167140,40670,train,0.8875867284907407,0.010182551224716008,0.05,0.9475867284907408,"['feature_selection', 'minmax_scaler', 'svm']",0,3,False
1151,climate-model-simulation-crashes,climate-model-simulation-crashes,146819,40994,train,0.41639484978540775,0.006943628657609224,0.05,0.47639484978540775,"['pca', 'standard_scaler', 'random_forest']",0,3,False
1152,wilt,wilt,146820,40983,train,0.8117817896389325,0.005812035757116973,0.05,0.8717817896389326,"['feature_selection', 'minmax_scaler', 'random_forest']",0,3,False
1153,vowel,vowel,3022,307,train,0.8888111439266767,0.007576693004618089,0.05,0.9288111439266767,"['pca', 'random_forest']",0,2,True
1154,eucalyptus,eucalyptus,2079,188,train,0.4653910696523793,0.00989632192067802,0.05,0.5253910696523794,"['feature_selection', 'minmax_scaler', 'svm']",0,3,False
1155,isolet,isolet,3481,300,train,0.9060824448043504,0.0044909921125508845,0.05,0.9660824448043505,"['standard_scaler', 'feature_selection', 'svm']",0,3,False
1156,mfeat-karhunen,mfeat-karhunen,16,16,train,0.9199711703375602,0.009025667561218143,0.05,0.9799711703375602,"['feature_selection', 'standard_scaler', 'svm']",0,3,False
1157,mnist_784,mnist_784,3573,554,train,0.9066139167876736,0.006237032997887582,0.05,0.9666139167876736,"['feature_selection', 'minmax_scaler', 'random_forest']",0,3,False
1158,jm1,jm1,3904,1053,train,0.5431437368335764,0.008012790232896805,0.05,0.6031437368335765,"['feature_selection', 'minmax_scaler', 'random_forest']",0,3,False
1159,pc4,pc4,3902,1049,train,0.6097986577181207,0.00906494731316343,0.05,0.6697986577181207,"['feature_selection', 'standard_scaler', 'knn']",0,3,False
1160,mfeat-pixel,mfeat-pixel,146824,40979,train,0.911321772746202,0.006565037736436352,0.05,0.971321772746202,"['feature_selection', 'standard_scaler', 'random_forest']",0,3,False
1161,MiceProtein,MiceProtein,146800,40966,train,0.932156862745098,0.010727017594035715,0.05,0.9921568627450981,"['feature_selection', 'minmax_scaler', 'random_forest']",0,3,True
1162,tic-tac-toe,tic-tac-toe,49,50,train,0.8566666666666667,0.009289008332416415,0.05,0.9166666666666667,"['feature_selection', 'minmax_scaler', 'knn']",0,3,False
1163,semeion,semeion,9964,1501,train,0.8643148073721085,0.011690993560478091,0.05,0.9243148073721086,"['minmax_scaler', 'feature_selection', 'random_forest']",0,3,False
1164,analcatdata_dmft,analcatdata_dmft,3560,469,train,0.1063483629294477,0.009327185961107412,0.05,0.1463483629294477,"['pca', 'random_forest']",0,2,True
1165,ozone-level-8hr,ozone-level-8hr,9978,1487,train,0.443695652173913,0.009182267046223084,0.05,0.483695652173913,"['standard_scaler', 'svm']",0,2,False
1166,credit-g,credit-g,31,31,train,0.5549732620320855,0.005754498473834246,0.05,0.6149732620320856,"['standard_scaler', 'feature_selection', 'knn']",0,3,False
1167,PhishingWebsites,PhishingWebsites,14952,4534,train,0.937478248751719,0.012947490904480219,0.05,0.957478248751719,['svm'],0,1,True
1168,mfeat-fourier,mfeat-fourier,14,14,train,0.7623510999596381,0.010658877610694617,0.05,0.8223510999596382,"['feature_selection', 'standard_scaler', 'random_forest']",0,3,False
1169,dresses-sales,dresses-sales,125920,23381,train,0.5467765567765567,0.009492073091678321,0.05,0.6067765567765567,"['minmax_scaler', 'feature_selection', 'svm']",0,3,False
1170,segment,segment,146822,40984,train,0.8686551598792864,0.008414857322350144,0.05,0.8886551598792864,['knn'],0,1,True
1171,sick,sick,3021,38,train,0.7083201581027667,0.008096519081542889,0.05,0.7483201581027668,"['minmax_scaler', 'knn']",0,2,False
1172,Internet-Advertisements,Internet-Advertisements,167125,40978,train,0.812317772681096,0.008676105819176883,0.05,0.872317772681096,"['feature_selection', 'minmax_scaler', 'knn']",0,3,False
1173,mfeat-factors,mfeat-factors,12,12,train,0.8557700906395882,0.006513169035315514,0.05,0.8757700906395882,['svm'],0,1,True
1174,car,car,146821,40975,train,0.6354618787405673,0.010696629877202213,0.05,0.6954618787405673,"['minmax_scaler', 'feature_selection', 'knn']",0,3,False
1175,kr-vs-kp,kr-vs-kp,3,3,train,0.9316352552468705,0.006289208133239299,0.05,0.9916352552468706,"['standard_scaler', 'feature_selection', 'random_forest']",0,3,False
1176,pc1,pc1,3918,1068,train,0.47496006127585066,0.007266654167324305,0.05,0.5349600612758507,"['standard_scaler', 'feature_selection', 'svm']",0,3,False
1177,jungle_chess_2pcs_raw_endgame_complete,jungle_chess_2pcs_raw_endgame_complete,167119,41027,train,0.6180454663471887,0.008545851800590754,0.05,0.6780454663471888,"['standard_scaler', 'feature_selection', 'knn']",0,3,False
1178,texture,texture,125922,40499,train,0.923068761529488,0.008059820276685059,0.05,0.9830687615294881,"['standard_scaler', 'feature_selection', 'knn']",0,3,False
1179,cnae-9,cnae-9,9981,1468,train,0.853732715831099,0.010590545949526131,0.05,0.913732715831099,"['standard_scaler', 'feature_selection', 'random_forest']",0,3,True
1180,analcatdata_authorship,analcatdata_authorship,3549,458,train,0.9314013252829041,0.009630756569094956,0.05,0.9914013252829041,"['standard_scaler', 'feature_selection', 'random_forest']",0,3,False
1181,CIFAR_10,CIFAR_10,167124,40927,train,0.4791635013205011,0.011606479762122035,0.05,0.5391635013205012,"['standard_scaler', 'feature_selection', 'svm']",0,3,False
1182,mfeat-zernike,mfeat-zernike,22,22,train,0.8019942340973475,0.010256095207296312,0.05,0.8219942340973475,['svm'],0,1,True
1183,cylinder-bands,cylinder-bands,14954,6332,train,0.6330388593793681,0.011590713751502335,0.05,0.6930388593793682,"['minmax_scaler', 'feature_selection', 'svm']",0,3,False
1184,credit-approval,credit-approval,29,29,train,0.7568664678455916,0.013115907087922096,0.05,0.7968664678455917,"['standard_scaler', 'knn']",0,2,False
1185,Devnagari-Script,Devnagari-Script,167121,40923,train,0.8801546657468773,0.006517327798064798,0.05,0.9401546657468773,"['minmax_scaler', 'feature_selection', 'svm']",0,3,True
1186,bank-marketing,bank-marketing,14965,1461,train,0.5651674498800935,0.011514434358105063,0.05,0.6251674498800935,"['minmax_scaler', 'feature_selection', 'svm']",0,3,False
1187,har,har,14970,1478,train,0.911223920779813,0.009412544604856521,0.05,0.971223920779813,"['minmax_scaler', 'feature_selection', 'svm']",0,3,False
1188,balance-scale,balance-scale,11,11,train,0.5332008431195423,0.004234729412322243,0.05,0.5732008431195423,"['minmax_scaler', 'random_forest']",0,2,True
1189,banknote-authentication,banknote-authentication,10093,1462,train,0.9767240922342963,0.011189698707312346,0.05,0.9967240922342964,['svm'],0,1,True
1190,wall-robot-navigation,wall-robot-navigation,9960,1497,train,0.7719046065270317,0.007736322935670614,0.05,0.8319046065270318,"['minmax_scaler', 'feature_selection', 'knn']",0,3,False
1191,GesturePhaseSegmentationProcessed,GesturePhaseSegmentationProcessed,14969,4538,train,0.42015452233842,0.0076136114075779915,0.05,0.50015452233842,"['feature_selection', 'pca', 'standard_scaler', 'knn']",0,4,False
1192,electricity,electricity,219,151,train,0.7638678612262846,0.013638914912007749,0.05,0.8238678612262846,"['feature_selection', 'standard_scaler', 'knn']",0,3,True
1193,nomao,nomao,9977,1486,train,0.8849422995657482,0.009220054023899138,0.05,0.9449422995657483,"['minmax_scaler', 'feature_selection', 'svm']",0,3,True
1194,splice,splice,45,46,train,0.903573747701567,0.006905352871399373,0.05,0.963573747701567,"['standard_scaler', 'feature_selection', 'svm']",0,3,False
1195,first-order-theorem-proving,first-order-theorem-proving,9985,1475,train,0.40721610622876653,0.010851501580327749,0.05,0.4872161062287665,"['minmax_scaler', 'pca', 'feature_selection', 'random_forest']",0,4,False
1196,satimage,satimage,2074,182,train,0.8240151243017086,0.009263548068702221,0.05,0.8840151243017087,"['feature_selection', 'standard_scaler', 'knn']",0,3,False
1197,blood-transfusion-service-center,blood-transfusion-service-center,10101,1464,train,0.48661064425770306,0.012592557972917954,0.05,0.5266106442577031,"['standard_scaler', 'svm']",0,2,False
1198,numerai28.6,numerai28.6,167120,23517,train,0.44607937567857403,0.007271729409694672,0.05,0.5060793756785741,"['feature_selection', 'standard_scaler', 'knn']",0,3,True
1199,letter,letter,6,6,train,0.8992179558944569,0.007417434069793671,0.05,0.9592179558944569,"['minmax_scaler', 'feature_selection', 'random_forest']",0,3,False
1200,satimage,satimage,2074,182,train,0.8438099523203579,0.01006195368245244,0.05,0.903809952320358,"['minmax_scaler', 'feature_selection', 'random_forest']",0,3,False
1201,Devnagari-Script,Devnagari-Script,167121,40923,train,0.8801546657468773,0.007506543188355863,0.05,0.9401546657468773,"['minmax_scaler', 'feature_selection', 'svm']",0,3,True
1202,kc2,kc2,3913,1063,train,0.5867525706104385,0.011778247309848666,0.05,0.6467525706104386,"['minmax_scaler', 'feature_selection', 'knn']",0,3,False
1203,jm1,jm1,3904,1053,train,0.5526302789962594,0.009961280855350196,0.05,0.6126302789962594,"['feature_selection', 'minmax_scaler', 'knn']",0,3,False
1204,MiceProtein,MiceProtein,146800,40966,train,0.932156862745098,0.0062085072277113795,0.05,0.9921568627450981,"['standard_scaler', 'feature_selection', 'random_forest']",0,3,False
1205,connect-4,connect-4,146195,40668,train,0.5204683512721392,0.006682844832539558,0.05,0.5804683512721392,"['minmax_scaler', 'feature_selection', 'svm']",0,3,False
1206,CIFAR_10,CIFAR_10,167124,40927,train,0.4745292604154179,0.005494673445355147,0.05,0.5345292604154179,"['minmax_scaler', 'feature_selection', 'svm']",0,3,False
1207,electricity,electricity,219,151,train,0.7638678612262846,0.007401830516755581,0.05,0.8238678612262846,"['standard_scaler', 'feature_selection', 'knn']",0,3,False
1208,blood-transfusion-service-center,blood-transfusion-service-center,10101,1464,train,0.46661064425770304,0.007972333813086152,0.05,0.5266106442577031,"['standard_scaler', 'feature_selection', 'svm']",0,3,False
1209,mfeat-fourier,mfeat-fourier,14,14,train,0.7623510999596381,0.008019726374186575,0.05,0.8223510999596382,"['standard_scaler', 'feature_selection', 'random_forest']",0,3,False
1210,dresses-sales,dresses-sales,125920,23381,train,0.5582432432432431,0.00688315904699266,0.05,0.6182432432432432,"['standard_scaler', 'feature_selection', 'svm']",0,3,False
1211,first-order-theorem-proving,first-order-theorem-proving,9985,1475,train,0.3549189203024419,0.006641780608333647,0.05,0.4149189203024419,"['standard_scaler', 'feature_selection', 'knn']",0,3,False
1212,banknote-authentication,banknote-authentication,10093,1462,train,0.96,0.00895404660453399,0.05,1.0,"['standard_scaler', 'svm']",0,2,False
1213,mfeat-factors,mfeat-factors,12,12,train,0.9023404980732777,0.006832566694356501,0.05,0.9623404980732777,"['standard_scaler', 'feature_selection', 'random_forest']",0,3,False
1214,balance-scale,balance-scale,11,11,train,0.5824760649495669,0.006609586300328374,0.05,0.622476064949567,"['standard_scaler', 'svm']",0,2,False
1215,mfeat-pixel,mfeat-pixel,146824,40979,train,0.911321772746202,0.007463767833542079,0.05,0.971321772746202,"['standard_scaler', 'feature_selection', 'random_forest']",0,3,False
1216,mfeat-morphological,mfeat-morphological,18,18,train,0.35619566871878,0.00899143765370051,0.05,0.39619566871878004,"['feature_selection', 'svm']",0,2,True
1217,nomao,nomao,9977,1486,train,0.8792085046292979,0.008620538312243298,0.05,0.939208504629298,"['minmax_scaler', 'feature_selection', 'knn']",0,3,False
1218,kr-vs-kp,kr-vs-kp,3,3,train,0.9316352552468705,0.006455353926867247,0.05,0.9916352552468706,"['standard_scaler', 'feature_selection', 'random_forest']",0,3,True
1219,semeion,semeion,9964,1501,train,0.8643148073721085,0.004466656770091504,0.05,0.9243148073721086,"['standard_scaler', 'feature_selection', 'random_forest']",0,3,False
1220,Fashion-MNIST,Fashion-MNIST,146825,40996,train,0.824423774114109,0.008982441038824618,0.05,0.8844237741141091,"['minmax_scaler', 'feature_selection', 'svm']",0,3,False
1221,credit-approval,credit-approval,29,29,train,0.7176287103806808,0.0074720855336636305,0.05,0.7776287103806808,"['standard_scaler', 'feature_selection', 'svm']",0,3,True
1222,mfeat-karhunen,mfeat-karhunen,16,16,train,0.9377886533129698,0.02015421213582158,0.05,0.9577886533129698,['random_forest'],0,1,True
1223,ozone-level-8hr,ozone-level-8hr,9978,1487,train,0.5617650962176508,0.0071523766964674,0.05,0.6217650962176509,"['minmax_scaler', 'feature_selection', 'random_forest']",0,3,False
1224,mnist_784,mnist_784,3573,554,train,0.8840581898400406,0.010111014707945287,0.05,0.9440581898400406,"['standard_scaler', 'feature_selection', 'knn']",0,3,False
1225,car,car,146821,40975,train,0.8751110581357987,0.00735209253616631,0.05,0.9351110581357988,"['minmax_scaler', 'feature_selection', 'svm']",0,3,False
1226,sick,sick,3021,38,train,0.5974928774928774,0.010280820145271718,0.05,0.6774928774928775,"['standard_scaler', 'pca', 'feature_selection', 'knn']",0,4,False
1227,segment,segment,146822,40984,train,0.8486551598792864,0.0069331553143759566,0.05,0.8886551598792864,"['feature_selection', 'knn']",0,2,False
1228,ilpd,ilpd,9971,1480,train,0.35517857142857134,0.0077559673227369785,0.05,0.4151785714285714,"['minmax_scaler', 'feature_selection', 'svm']",0,3,False
1229,wilt,wilt,146820,40983,train,0.8117817896389325,0.009421301423572004,0.05,0.8717817896389326,"['standard_scaler', 'feature_selection', 'random_forest']",0,3,False
1230,texture,texture,125922,40499,train,0.9550832992800269,0.01081562414765358,0.05,0.9750832992800269,['random_forest'],0,1,True
1231,mfeat-zernike,mfeat-zernike,22,22,train,0.8107004958533077,0.008402764797210693,0.05,0.8307004958533077,['knn'],0,1,True
1232,pc1,pc1,3918,1068,train,0.6071738303537466,0.005869975429959595,0.05,0.6671738303537467,"['standard_scaler', 'feature_selection', 'knn']",0,3,True
1233,eucalyptus,eucalyptus,2079,188,train,0.4801728831746914,0.008063211338594556,0.05,0.5401728831746915,"['standard_scaler', 'feature_selection', 'svm']",0,3,False
1234,splice,splice,45,46,train,0.903573747701567,0.006633519311435521,0.05,0.963573747701567,"['standard_scaler', 'feature_selection', 'svm']",0,3,True
1235,letter,letter,6,6,train,0.9025431061109469,0.0041354950517416,0.05,0.9225431061109469,['svm'],0,1,True
1236,cylinder-bands,cylinder-bands,14954,6332,train,0.6407215007215008,0.006287395837716758,0.05,0.7007215007215009,"['standard_scaler', 'feature_selection', 'svm']",0,3,False
1237,analcatdata_dmft,analcatdata_dmft,3560,469,train,0.1063483629294477,0.005949253216385841,0.05,0.1463483629294477,"['pca', 'random_forest']",0,2,True
1238,numerai28.6,numerai28.6,167120,23517,train,0.44607937567857403,0.007152313948608935,0.05,0.5060793756785741,"['feature_selection', 'standard_scaler', 'knn']",0,3,True
1239,pc4,pc4,3902,1049,train,0.6097986577181207,0.00631013821111992,0.05,0.6697986577181207,"['standard_scaler', 'feature_selection', 'knn']",0,3,True
1240,churn,churn,167141,40701,train,0.7551872076890038,0.007160124368965626,0.05,0.8151872076890039,"['standard_scaler', 'feature_selection', 'svm']",0,3,False
1241,PhishingWebsites,PhishingWebsites,14952,4534,train,0.8999314267083505,0.014030626276507974,0.05,0.9599314267083505,"['standard_scaler', 'feature_selection', 'svm']",0,3,False
1242,cmc,cmc,23,23,train,0.40120016914619616,0.008841949980705976,0.05,0.46120016914619616,"['minmax_scaler', 'feature_selection', 'knn']",0,3,False
1243,credit-g,credit-g,31,31,train,0.5903705474539803,0.009427929704543203,0.05,0.6503705474539804,"['minmax_scaler', 'feature_selection', 'svm']",0,3,False
1244,GesturePhaseSegmentationProcessed,GesturePhaseSegmentationProcessed,14969,4538,train,0.45948935265791235,0.0077400540467351675,0.05,0.5194893526579124,"['minmax_scaler', 'feature_selection', 'knn']",0,3,False
1245,cnae-9,cnae-9,9981,1468,train,0.7775115645931399,0.005986677366308868,0.05,0.8375115645931399,"['standard_scaler', 'feature_selection', 'svm']",0,3,False
1246,vowel,vowel,3022,307,train,0.7797033567390462,0.00900508719496429,0.05,0.8197033567390463,"['pca', 'knn']",0,2,False
1247,adult,adult,7592,1590,train,0.6876530258507378,0.00712180882692337,0.05,0.7476530258507379,"['standard_scaler', 'feature_selection', 'knn']",0,3,False
1248,breast-w,breast-w,15,15,train,0.9593365011552377,0.004605285590514541,0.05,0.9793365011552377,['knn'],0,1,True
1249,wall-robot-navigation,wall-robot-navigation,9960,1497,train,0.7745924717030259,0.007353918254375457,0.05,0.854592471703026,"['standard_scaler', 'feature_selection', 'pca', 'knn']",0,4,False
1250,wdbc,wdbc,9946,1510,train,0.917780856257009,0.010761335802574953,0.05,0.957780856257009,"['minmax_scaler', 'svm']",0,2,True
1251,tic-tac-toe,tic-tac-toe,49,50,train,0.8766666666666667,0.004317511028299729,0.05,0.9166666666666667,"['minmax_scaler', 'knn']",0,2,False
1252,isolet,isolet,3481,300,train,0.8835024556674342,0.0058656546752899885,0.05,0.9435024556674343,"['minmax_scaler', 'feature_selection', 'random_forest']",0,3,False
1253,bank-marketing,bank-marketing,14965,1461,train,0.6355401568385629,0.0038899226929061115,0.05,0.695540156838563,"['standard_scaler', 'feature_selection', 'svm']",0,3,False
1254,dna,dna,167140,40670,train,0.8859169340486274,0.011978930095210671,0.05,0.9459169340486274,"['standard_scaler', 'feature_selection', 'svm']",0,3,False
1255,Internet-Advertisements,Internet-Advertisements,167125,40978,train,0.8486925915655197,0.006772252439986914,0.05,0.9086925915655197,"['standard_scaler', 'feature_selection', 'svm']",0,3,False
1256,analcatdata_authorship,analcatdata_authorship,3549,458,train,0.94,0.005603698547929525,0.05,1.0,"['standard_scaler', 'feature_selection', 'svm']",0,3,False
1257,climate-model-simulation-crashes,climate-model-simulation-crashes,146819,40994,train,0.5217816091954023,0.0061877393163740635,0.05,0.5617816091954023,"['standard_scaler', 'random_forest']",0,2,True
1258,har,har,14970,1478,train,0.911223920779813,0.00602534064091742,0.05,0.971223920779813,"['minmax_scaler', 'feature_selection', 'svm']",0,3,True
1259,jungle_chess_2pcs_raw_endgame_complete,jungle_chess_2pcs_raw_endgame_complete,167119,41027,train,0.6274486267116627,0.008409847971051931,0.05,0.6874486267116627,"['minmax_scaler', 'feature_selection', 'knn']",0,3,False
1260,mfeat-karhunen,mfeat-karhunen,16,16,train,0.9555687356619157,0.009833143558353186,0.05,0.9755687356619157,['knn'],0,1,True
1261,numerai28.6,numerai28.6,167120,23517,train,0.44607937567857403,0.006392827839590609,0.05,0.5060793756785741,"['standard_scaler', 'feature_selection', 'knn']",0,3,False
1262,adult,adult,7592,1590,train,0.6943370975654417,0.011953769950196147,0.05,0.7543370975654418,"['feature_selection', 'minmax_scaler', 'knn']",0,3,False
1263,dresses-sales,dresses-sales,125920,23381,train,0.5723630136986301,0.009907460887916386,0.05,0.6323630136986301,"['standard_scaler', 'feature_selection', 'random_forest']",0,3,False
1264,climate-model-simulation-crashes,climate-model-simulation-crashes,146819,40994,train,0.5217816091954023,0.008539911825209856,0.05,0.5617816091954023,"['standard_scaler', 'random_forest']",0,2,True
1265,cmc,cmc,23,23,train,0.41280642063955914,0.007657401108493407,0.05,0.45280642063955917,"['standard_scaler', 'knn']",0,2,False
1266,jungle_chess_2pcs_raw_endgame_complete,jungle_chess_2pcs_raw_endgame_complete,167119,41027,train,0.6274486267116627,0.009734144026879221,0.05,0.6874486267116627,"['minmax_scaler', 'feature_selection', 'knn']",0,3,True
1267,ozone-level-8hr,ozone-level-8hr,9978,1487,train,0.42369565217391303,0.0043863829341717064,0.05,0.483695652173913,"['minmax_scaler', 'feature_selection', 'svm']",0,3,False
1268,credit-g,credit-g,31,31,train,0.5903705474539803,0.008717837044969201,0.05,0.6503705474539804,"['feature_selection', 'minmax_scaler', 'svm']",0,3,False
1269,texture,texture,125922,40499,train,0.965486235133812,0.006554983789101243,0.05,0.9854862351338121,['knn'],0,1,True
1270,mfeat-factors,mfeat-factors,12,12,train,0.924337382248156,0.007794549688696861,0.05,0.964337382248156,"['standard_scaler', 'knn']",0,2,True
1271,Devnagari-Script,Devnagari-Script,167121,40923,train,0.841115350078723,0.008559995156247169,0.05,0.901115350078723,"['standard_scaler', 'feature_selection', 'random_forest']",0,3,False
1272,mnist_784,mnist_784,3573,554,train,0.9065542860803754,0.008818634669296443,0.05,0.9665542860803754,"['standard_scaler', 'feature_selection', 'random_forest']",0,3,False
1273,pc4,pc4,3902,1049,train,0.6171256306140027,0.0096015646122396,0.05,0.6771256306140028,"['standard_scaler', 'feature_selection', 'svm']",0,3,True
1274,kc2,kc2,3913,1063,train,0.5548649052097329,0.007695978041738272,0.05,0.5948649052097329,"['standard_scaler', 'svm']",0,2,False
1275,sick,sick,3021,38,train,0.6203079708693526,0.007942753843963146,0.05,0.6803079708693527,"['standard_scaler', 'feature_selection', 'svm']",0,3,False
1276,mfeat-morphological,mfeat-morphological,18,18,train,0.4148475583431683,0.008560334332287312,0.05,0.4548475583431683,"['pca', 'knn']",0,2,False
1277,PhishingWebsites,PhishingWebsites,14952,4534,train,0.8857059397705829,0.00815374800004065,0.05,0.9457059397705829,"['standard_scaler', 'feature_selection', 'knn']",0,3,False
1278,blood-transfusion-service-center,blood-transfusion-service-center,10101,1464,train,0.6248365182542398,0.01466690469533205,0.05,0.6448365182542398,['random_forest'],0,1,True
1279,kr-vs-kp,kr-vs-kp,3,3,train,0.9316352552468705,0.009722356218844652,0.05,0.9916352552468706,"['standard_scaler', 'feature_selection', 'random_forest']",0,3,True
1280,electricity,electricity,219,151,train,0.7638678612262846,0.006472414941526949,0.05,0.8238678612262846,"['standard_scaler', 'feature_selection', 'knn']",0,3,True
1281,GesturePhaseSegmentationProcessed,GesturePhaseSegmentationProcessed,14969,4538,train,0.2277328584832025,0.00869322451762855,0.05,0.2877328584832025,"['minmax_scaler', 'feature_selection', 'svm']",0,3,False
1282,wall-robot-navigation,wall-robot-navigation,9960,1497,train,0.7719046065270317,0.008025974966585636,0.05,0.8319046065270318,"['minmax_scaler', 'feature_selection', 'knn']",0,3,True
1283,bank-marketing,bank-marketing,14965,1461,train,0.5863141113123548,0.008504914585500956,0.05,0.6463141113123548,"['minmax_scaler', 'feature_selection', 'knn']",0,3,True
1284,semeion,semeion,9964,1501,train,0.8643148073721085,0.006726347026415169,0.05,0.9243148073721086,"['standard_scaler', 'feature_selection', 'random_forest']",0,3,True
1285,balance-scale,balance-scale,11,11,train,0.5489683636873636,0.00504637137055397,0.05,0.5889683636873636,"['standard_scaler', 'random_forest']",0,2,True
1286,isolet,isolet,3481,300,train,0.9260824448043504,0.007567839231342077,0.05,0.9660824448043505,"['standard_scaler', 'svm']",0,2,False
1287,dna,dna,167140,40670,train,0.8859169340486274,0.010542022180743515,0.05,0.9459169340486274,"['standard_scaler', 'feature_selection', 'svm']",0,3,True
1288,mfeat-pixel,mfeat-pixel,146824,40979,train,0.9222922433914129,0.006338320788927376,0.05,0.982292243391413,"['standard_scaler', 'feature_selection', 'knn']",0,3,False
1289,car,car,146821,40975,train,0.6354618787405673,0.007198764767963439,0.05,0.6954618787405673,"['minmax_scaler', 'feature_selection', 'knn']",0,3,True
1290,banknote-authentication,banknote-authentication,10093,1462,train,0.9701421780788413,0.008263037540018559,0.05,0.9901421780788413,['random_forest'],0,1,True
1291,Internet-Advertisements,Internet-Advertisements,167125,40978,train,0.7735870116692034,0.010174057679250836,0.05,0.8335870116692035,"['minmax_scaler', 'feature_selection', 'svm']",0,3,False
1292,wdbc,wdbc,9946,1510,train,0.8866666666666666,0.007873884215950967,0.05,0.9666666666666667,"['standard_scaler', 'pca', 'feature_selection', 'knn']",0,4,False
1293,connect-4,connect-4,146195,40668,train,0.5204683512721392,0.006065559922717512,0.05,0.5804683512721392,"['minmax_scaler', 'feature_selection', 'svm']",0,3,True
1294,credit-approval,credit-approval,29,29,train,0.7568664678455916,0.005986771080642939,0.05,0.7968664678455917,"['standard_scaler', 'knn']",0,2,True
1295,tic-tac-toe,tic-tac-toe,49,50,train,0.8871624266144813,0.008794184599537402,0.05,0.9471624266144814,"['minmax_scaler', 'feature_selection', 'svm']",0,3,False
1296,cnae-9,cnae-9,9981,1468,train,0.7775115645931399,0.007110794889740646,0.05,0.8375115645931399,"['standard_scaler', 'feature_selection', 'svm']",0,3,True
1297,analcatdata_dmft,analcatdata_dmft,3560,469,train,0.12439495039278378,0.006120814429596067,0.05,0.2043949503927838,"['pca', 'minmax_scaler', 'feature_selection', 'svm']",0,4,False
1298,breast-w,breast-w,15,15,train,0.9185084033613446,0.003413732396438718,0.05,0.9585084033613447,"['standard_scaler', 'svm']",0,2,True
1299,first-order-theorem-proving,first-order-theorem-proving,9985,1475,train,0.44303894910382047,0.010422256542369723,0.05,0.5030389491038205,"['minmax_scaler', 'feature_selection', 'random_forest']",0,3,True
1300,Fashion-MNIST,Fashion-MNIST,146825,40996,train,0.816710863982437,0.01221458101645112,0.05,0.876710863982437,"['standard_scaler', 'feature_selection', 'random_forest']",0,3,False
1301,vowel,vowel,3022,307,train,0.7597033567390462,0.007223778346087784,0.05,0.8197033567390463,"['pca', 'feature_selection', 'knn']",0,3,False
1302,satimage,satimage,2074,182,train,0.8177670438549282,0.009221690823324025,0.05,0.8777670438549282,"['standard_scaler', 'feature_selection', 'svm']",0,3,False
1303,ilpd,ilpd,9971,1480,train,0.6430645161290323,0.008850842714309692,0.05,0.6830645161290323,"['standard_scaler', 'random_forest']",0,2,False
1304,wilt,wilt,146820,40983,train,0.7924636291633664,0.004405715153552592,0.05,0.8524636291633665,"['standard_scaler', 'feature_selection', 'svm']",0,3,False
1305,segment,segment,146822,40984,train,0.8686551598792864,0.005393360857851803,0.05,0.8886551598792864,['knn'],0,1,True
1306,jm1,jm1,3904,1053,train,0.5526302789962594,0.006732009933330119,0.05,0.6126302789962594,"['minmax_scaler', 'feature_selection', 'knn']",0,3,True
1307,mfeat-fourier,mfeat-fourier,14,14,train,0.8325923088975548,0.008270357502624393,0.05,0.8525923088975548,['knn'],0,1,True
1308,CIFAR_10,CIFAR_10,167124,40927,train,0.26331317980322244,0.007303685764782131,0.05,0.32331317980322244,"['minmax_scaler', 'feature_selection', 'knn']",0,3,False
1309,pc1,pc1,3918,1068,train,0.47496006127585066,0.004794383072294295,0.05,0.5349600612758507,"['minmax_scaler', 'feature_selection', 'svm']",0,3,False
1310,har,har,14970,1478,train,0.923475619213098,0.0063749254525949555,0.05,0.963475619213098,"['standard_scaler', 'knn']",0,2,True
1311,eucalyptus,eucalyptus,2079,188,train,0.5397096895287311,0.00550083996495232,0.05,0.5997096895287312,"['standard_scaler', 'feature_selection', 'random_forest']",0,3,False
1312,analcatdata_authorship,analcatdata_authorship,3549,458,train,0.94,0.0071963665541261435,0.05,1.0,"['standard_scaler', 'feature_selection', 'svm']",0,3,True
1313,MiceProtein,MiceProtein,146800,40966,train,0.93608514803034,0.00519039889331907,0.05,0.9960851480303401,"['standard_scaler', 'feature_selection', 'svm']",0,3,False
1314,splice,splice,45,46,train,0.7359150556578209,0.010825971141457558,0.05,0.7759150556578209,"['minmax_scaler', 'knn']",0,2,False
1315,cylinder-bands,cylinder-bands,14954,6332,train,0.6957208237986269,0.007038304349407554,0.05,0.7557208237986269,"['standard_scaler', 'feature_selection', 'random_forest']",0,3,False
1316,churn,churn,167141,40701,train,0.6077296563803134,0.004503875505179167,0.05,0.6677296563803135,"['minmax_scaler', 'feature_selection', 'knn']",0,3,False
1317,letter,letter,6,6,train,0.8625431061109469,0.005564953899011016,0.05,0.9225431061109469,"['minmax_scaler', 'feature_selection', 'svm']",0,3,False
1318,mfeat-zernike,mfeat-zernike,22,22,train,0.8019942340973475,0.00520388048607856,0.05,0.8219942340973475,['svm'],0,1,True
1319,nomao,nomao,9977,1486,train,0.8779849520850656,0.007915351365227252,0.05,0.9379849520850656,"['feature_selection', 'standard_scaler', 'knn']",0,3,False
1320,wall-robot-navigation,wall-robot-navigation,9960,1497,train,0.7879867669410877,0.0041122836992144585,0.05,0.8479867669410878,"['standard_scaler', 'feature_selection', 'knn']",0,3,False
1321,Fashion-MNIST,Fashion-MNIST,146825,40996,train,0.7738117102397475,0.007795301219448447,0.05,0.8538117102397476,"['standard_scaler', 'pca', 'feature_selection', 'random_forest']",0,4,False
1322,vowel,vowel,3022,307,train,0.7961924944113231,0.00375032308511436,0.05,0.8161924944113231,['svm'],0,1,True
1323,dresses-sales,dresses-sales,125920,23381,train,0.5467765567765567,0.006907374248839915,0.05,0.6067765567765567,"['minmax_scaler', 'feature_selection', 'svm']",0,3,True
1324,wdbc,wdbc,9946,1510,train,0.897780856257009,0.007980743772350252,0.05,0.957780856257009,"['minmax_scaler', 'feature_selection', 'svm']",0,3,False
1325,kr-vs-kp,kr-vs-kp,3,3,train,0.8953880279833093,0.006796944420784712,0.05,0.9553880279833094,"['minmax_scaler', 'feature_selection', 'svm']",0,3,False
1326,sick,sick,3021,38,train,0.7072831669455826,0.007696037122514099,0.05,0.7672831669455826,"['standard_scaler', 'feature_selection', 'knn']",0,3,False
1327,wilt,wilt,146820,40983,train,0.8117817896389325,0.008826053002849221,0.05,0.8717817896389326,"['standard_scaler', 'feature_selection', 'random_forest']",0,3,True
1328,jm1,jm1,3904,1053,train,0.5517155759403178,0.0090361547190696,0.05,0.6117155759403179,"['standard_scaler', 'feature_selection', 'random_forest']",0,3,False
1329,analcatdata_dmft,analcatdata_dmft,3560,469,train,0.13291243663309396,0.007858613040298223,0.05,0.17291243663309394,"['standard_scaler', 'random_forest']",0,2,False
1330,Devnagari-Script,Devnagari-Script,167121,40923,train,0.841294146777065,0.01097281917463988,0.05,0.9012941467770651,"['minmax_scaler', 'feature_selection', 'random_forest']",0,3,False
1331,breast-w,breast-w,15,15,train,0.9123389355742296,0.00477375544141978,0.05,0.9723389355742297,"['minmax_scaler', 'feature_selection', 'svm']",0,3,False
1332,bank-marketing,bank-marketing,14965,1461,train,0.5651674498800935,0.007457381929270923,0.05,0.6251674498800935,"['feature_selection', 'minmax_scaler', 'svm']",0,3,False
1333,churn,churn,167141,40701,train,0.7551872076890038,0.007578548742458224,0.05,0.8151872076890039,"['standard_scaler', 'feature_selection', 'svm']",0,3,True
1334,electricity,electricity,219,151,train,0.8387292520859664,0.008003810537047684,0.05,0.8987292520859664,"['standard_scaler', 'feature_selection', 'random_forest']",0,3,False
1335,climate-model-simulation-crashes,climate-model-simulation-crashes,146819,40994,train,0.5017816091954023,0.009180506516713649,0.05,0.5617816091954023,"['standard_scaler', 'feature_selection', 'random_forest']",0,3,False
1336,car,car,146821,40975,train,0.8737717724215129,0.0067885827156715095,0.05,0.933771772421513,"['minmax_scaler', 'feature_selection', 'random_forest']",0,3,False
1337,MiceProtein,MiceProtein,146800,40966,train,0.9025325471093071,0.007921094249468297,0.05,0.9625325471093071,"['minmax_scaler', 'feature_selection', 'knn']",0,3,False
1338,texture,texture,125922,40499,train,0.9438383438358365,0.00611539351909111,0.05,0.9838383438358366,"['minmax_scaler', 'knn']",0,2,True
1339,mfeat-fourier,mfeat-fourier,14,14,train,0.8325923088975548,0.00744970771484077,0.05,0.8525923088975548,['knn'],0,1,True
1340,pc4,pc4,3902,1049,train,0.5731096196868009,0.00813445245148614,0.05,0.6331096196868009,"['feature_selection', 'minmax_scaler', 'knn']",0,3,True
1341,har,har,14970,1478,train,0.9034756192130979,0.006469223648309708,0.05,0.963475619213098,"['standard_scaler', 'feature_selection', 'knn']",0,3,True
1342,cnae-9,cnae-9,9981,1468,train,0.853732715831099,0.00632696453249082,0.05,0.913732715831099,"['standard_scaler', 'feature_selection', 'random_forest']",0,3,True
1343,CIFAR_10,CIFAR_10,167124,40927,train,0.3973880250406473,0.005390432168496773,0.05,0.45738802504064735,"['feature_selection', 'minmax_scaler', 'random_forest']",0,3,True
1344,credit-g,credit-g,31,31,train,0.6230628803245436,0.00948485138360411,0.05,0.6830628803245437,"['standard_scaler', 'feature_selection', 'random_forest']",0,3,False
1345,connect-4,connect-4,146195,40668,train,0.5204683512721392,0.005121445981785655,0.05,0.5804683512721392,"['feature_selection', 'minmax_scaler', 'svm']",0,3,False
1346,numerai28.6,numerai28.6,167120,23517,train,0.42035883860952816,0.01086351675912738,0.05,0.5003588386095281,"['pca', 'standard_scaler', 'feature_selection', 'knn']",0,4,False
1347,kc2,kc2,3913,1063,train,0.5794444444444444,0.005535439995583147,0.05,0.6394444444444445,"['standard_scaler', 'feature_selection', 'knn']",0,3,True
1348,ozone-level-8hr,ozone-level-8hr,9978,1487,train,0.5397407227353751,0.008643054985441267,0.05,0.5997407227353752,"['standard_scaler', 'feature_selection', 'knn']",0,3,False
1349,pc1,pc1,3918,1068,train,0.6837644699662747,0.005287890322506428,0.05,0.7037644699662747,['random_forest'],0,1,True
1350,nomao,nomao,9977,1486,train,0.8779849520850656,0.0058699604705907404,0.05,0.9379849520850656,"['standard_scaler', 'feature_selection', 'knn']",0,3,True
1351,jungle_chess_2pcs_raw_endgame_complete,jungle_chess_2pcs_raw_endgame_complete,167119,41027,train,0.6180454663471887,0.006461717945057899,0.05,0.6780454663471888,"['standard_scaler', 'feature_selection', 'knn']",0,3,True
1352,PhishingWebsites,PhishingWebsites,14952,4534,train,0.8857059397705829,0.006633535900618881,0.05,0.9457059397705829,"['standard_scaler', 'feature_selection', 'knn']",0,3,True
1353,Internet-Advertisements,Internet-Advertisements,167125,40978,train,0.8398024316109423,0.004145398503169417,0.05,0.8598024316109423,['knn'],0,1,True
1354,mnist_784,mnist_784,3573,554,train,0.9034425210991933,0.009080483461730182,0.05,0.9634425210991934,"['standard_scaler', 'feature_selection', 'svm']",0,3,False
1355,banknote-authentication,banknote-authentication,10093,1462,train,0.9501421780788413,0.009074875619262457,0.05,0.9901421780788413,"['standard_scaler', 'random_forest']",0,2,False
1356,balance-scale,balance-scale,11,11,train,0.5225698848954662,0.0070878511760383844,0.05,0.5825698848954662,"['standard_scaler', 'feature_selection', 'knn']",0,3,False
1357,isolet,isolet,3481,300,train,0.8835024556674342,0.004433694353792816,0.05,0.9435024556674343,"['minmax_scaler', 'feature_selection', 'random_forest']",0,3,True
1358,dna,dna,167140,40670,train,0.670910710537445,0.008409003145061433,0.05,0.730910710537445,"['standard_scaler', 'feature_selection', 'knn']",0,3,True
1359,ilpd,ilpd,9971,1480,train,0.35517857142857134,0.0028824307082686573,0.05,0.4151785714285714,"['standard_scaler', 'feature_selection', 'svm']",0,3,False
1360,adult,adult,7592,1590,train,0.7096563166404986,0.006175565766170621,0.05,0.7696563166404986,"['standard_scaler', 'feature_selection', 'svm']",0,3,False
1361,mfeat-karhunen,mfeat-karhunen,16,16,train,0.9177886533129698,0.008462926062444845,0.05,0.9577886533129698,"['minmax_scaler', 'random_forest']",0,2,False
1362,eucalyptus,eucalyptus,2079,188,train,0.5516040445746517,0.009007317246869206,0.05,0.6116040445746518,"['minmax_scaler', 'feature_selection', 'random_forest']",0,3,False
1363,segment,segment,146822,40984,train,0.8612041712041711,0.007228952017612755,0.05,0.9212041712041712,"['minmax_scaler', 'feature_selection', 'random_forest']",0,3,False
1364,tic-tac-toe,tic-tac-toe,49,50,train,0.6754527687296417,0.00801819667685777,0.05,0.7354527687296417,"['standard_scaler', 'feature_selection', 'knn']",0,3,True
1365,mfeat-factors,mfeat-factors,12,12,train,0.911045496030045,0.010455223149619997,0.05,0.9710454960300451,"['standard_scaler', 'feature_selection', 'svm']",0,3,False
1366,satimage,satimage,2074,182,train,0.8177670438549282,0.00767846975941211,0.05,0.8777670438549282,"['standard_scaler', 'feature_selection', 'svm']",0,3,True
1367,mfeat-pixel,mfeat-pixel,146824,40979,train,0.911321772746202,0.010525189456529915,0.05,0.971321772746202,"['standard_scaler', 'feature_selection', 'random_forest']",0,3,True
1368,splice,splice,45,46,train,0.8939648601916311,0.007173965102992952,0.05,0.9539648601916312,"['standard_scaler', 'feature_selection', 'random_forest']",0,3,False
1369,blood-transfusion-service-center,blood-transfusion-service-center,10101,1464,train,0.5899999999999999,0.007406909018754959,0.05,0.6499999999999999,"['minmax_scaler', 'feature_selection', 'random_forest']",0,3,True
1370,cylinder-bands,cylinder-bands,14954,6332,train,0.6330388593793681,0.007057070964947343,0.05,0.6930388593793682,"['minmax_scaler', 'feature_selection', 'svm']",0,3,True
1371,first-order-theorem-proving,first-order-theorem-proving,9985,1475,train,0.3549189203024419,0.005413857754319906,0.05,0.4149189203024419,"['standard_scaler', 'feature_selection', 'knn']",0,3,True
1372,mfeat-morphological,mfeat-morphological,18,18,train,0.6633978598736443,0.008704053470864892,0.05,0.7033978598736443,"['minmax_scaler', 'knn']",0,2,True
1373,GesturePhaseSegmentationProcessed,GesturePhaseSegmentationProcessed,14969,4538,train,0.42015452233842,0.005889063514769077,0.05,0.50015452233842,"['pca', 'standard_scaler', 'feature_selection', 'knn']",0,4,False
1374,semeion,semeion,9964,1501,train,0.8643148073721085,0.008370119263418019,0.05,0.9243148073721086,"['standard_scaler', 'feature_selection', 'random_forest']",0,3,True
1375,credit-approval,credit-approval,29,29,train,0.7184090909090908,0.00845579442102462,0.05,0.7784090909090908,"['minmax_scaler', 'feature_selection', 'svm']",0,3,False
1376,analcatdata_authorship,analcatdata_authorship,3549,458,train,0.94,0.006627137656323612,0.05,1.0,"['minmax_scaler', 'feature_selection', 'svm']",0,3,False
1377,cmc,cmc,23,23,train,0.40120016914619616,0.0073419492691755295,0.05,0.46120016914619616,"['minmax_scaler', 'feature_selection', 'knn']",0,3,True
1378,mfeat-zernike,mfeat-zernike,22,22,train,0.8107004958533077,0.004286331823095679,0.05,0.8307004958533077,['knn'],0,1,True
1379,letter,letter,6,6,train,0.9006297974609265,0.008876791689544916,0.05,0.9406297974609266,"['minmax_scaler', 'knn']",0,2,True
1380,tic-tac-toe,tic-tac-toe,49,50,train,0.6754527687296417,0.005821675615152344,0.05,0.7354527687296417,"['standard_scaler', 'feature_selection', 'knn']",0,3,True
1381,isolet,isolet,3481,300,train,0.8835024556674342,0.007269079564139247,0.05,0.9435024556674343,"['minmax_scaler', 'feature_selection', 'random_forest']",0,3,True
1382,mfeat-pixel,mfeat-pixel,146824,40979,train,0.9134723103806105,0.0071514243027195334,0.05,0.9734723103806106,"['minmax_scaler', 'feature_selection', 'random_forest']",0,3,False
1383,kr-vs-kp,kr-vs-kp,3,3,train,0.9316352552468705,0.008894115686416626,0.05,0.9916352552468706,"['minmax_scaler', 'feature_selection', 'random_forest']",0,3,False
1384,satimage,satimage,2074,182,train,0.8255040336388576,0.00626754155382514,0.05,0.8855040336388577,"['minmax_scaler', 'feature_selection', 'knn']",0,3,False
1385,texture,texture,125922,40499,train,0.923068761529488,0.007954207772854716,0.05,0.9830687615294881,"['standard_scaler', 'feature_selection', 'knn']",0,3,True
1386,kc2,kc2,3913,1063,train,0.5794444444444444,0.010908450931310654,0.05,0.6394444444444445,"['standard_scaler', 'feature_selection', 'knn']",0,3,True
1387,balance-scale,balance-scale,11,11,train,0.5132008431195423,0.004698276112321764,0.05,0.5732008431195423,"['minmax_scaler', 'feature_selection', 'random_forest']",0,3,True
1388,semeion,semeion,9964,1501,train,0.8478455551676369,0.005946533405221999,0.05,0.907845555167637,"['standard_scaler', 'feature_selection', 'knn']",0,3,False
1389,har,har,14970,1478,train,0.9119852875587707,0.005540153535548598,0.05,0.9719852875587708,"['minmax_scaler', 'feature_selection', 'random_forest']",0,3,True
1390,splice,splice,45,46,train,0.903573747701567,0.004773836291860789,0.05,0.963573747701567,"['standard_scaler', 'feature_selection', 'svm']",0,3,True
1391,GesturePhaseSegmentationProcessed,GesturePhaseSegmentationProcessed,14969,4538,train,0.45948935265791235,0.007577603042591363,0.05,0.5194893526579124,"['minmax_scaler', 'feature_selection', 'knn']",0,3,True
1392,ilpd,ilpd,9971,1480,train,0.5427895694360219,0.007932134554721415,0.05,0.6027895694360219,"['standard_scaler', 'feature_selection', 'knn']",0,3,True
1393,wall-robot-navigation,wall-robot-navigation,9960,1497,train,0.814416685308687,0.008792715147137642,0.05,0.8344166853086871,['knn'],0,1,True
1394,breast-w,breast-w,15,15,train,0.891395297736761,0.007145351031795144,0.05,0.951395297736761,"['standard_scaler', 'feature_selection', 'knn']",0,3,False
1395,analcatdata_dmft,analcatdata_dmft,3560,469,train,0.12633112918827202,0.005485568020958453,0.05,0.18633112918827202,"['standard_scaler', 'feature_selection', 'svm']",0,3,False
1396,mfeat-factors,mfeat-factors,12,12,train,0.9023404980732777,0.005939405469689518,0.05,0.9623404980732777,"['standard_scaler', 'feature_selection', 'random_forest']",0,3,True
1397,jm1,jm1,3904,1053,train,0.5431437368335764,0.005427777941804379,0.05,0.6031437368335765,"['minmax_scaler', 'feature_selection', 'random_forest']",0,3,False
1398,mfeat-fourier,mfeat-fourier,14,14,train,0.7704409953240678,0.005388994235545397,0.05,0.8304409953240679,"['pca', 'minmax_scaler', 'svm']",0,3,False
1399,Devnagari-Script,Devnagari-Script,167121,40923,train,0.841115350078723,0.006547162542119622,0.05,0.901115350078723,"['standard_scaler', 'feature_selection', 'random_forest']",0,3,True
1400,ozone-level-8hr,ozone-level-8hr,9978,1487,train,0.42369565217391303,0.0050611773622222245,0.05,0.483695652173913,"['minmax_scaler', 'feature_selection', 'svm']",0,3,True
1401,dresses-sales,dresses-sales,125920,23381,train,0.5467765567765567,0.010587148368358612,0.05,0.6067765567765567,"['minmax_scaler', 'feature_selection', 'svm']",0,3,True
1402,segment,segment,146822,40984,train,0.8363658704358558,0.01053754643847545,0.05,0.8763658704358558,"['standard_scaler', 'knn']",0,2,False
1403,sick,sick,3021,38,train,0.7072831669455826,0.010743782622739673,0.05,0.7672831669455826,"['standard_scaler', 'feature_selection', 'knn']",0,3,True
1404,Fashion-MNIST,Fashion-MNIST,146825,40996,train,0.816710863982437,0.00549503939691931,0.05,0.876710863982437,"['standard_scaler', 'feature_selection', 'random_forest']",0,3,True
1405,PhishingWebsites,PhishingWebsites,14952,4534,train,0.9077566624753215,0.009972082218155265,0.05,0.9677566624753215,"['standard_scaler', 'feature_selection', 'random_forest']",0,3,False
1406,credit-g,credit-g,31,31,train,0.6057142857142856,0.010892340331338346,0.05,0.6657142857142857,"['standard_scaler', 'feature_selection', 'svm']",0,3,False
1407,nomao,nomao,9977,1486,train,0.8779849520850656,0.005622156837489456,0.05,0.9379849520850656,"['standard_scaler', 'feature_selection', 'knn']",0,3,True
1408,CIFAR_10,CIFAR_10,167124,40927,train,0.26310074308966713,0.0049152529099956155,0.05,0.3231007430896672,"['standard_scaler', 'feature_selection', 'knn']",0,3,True
1409,bank-marketing,bank-marketing,14965,1461,train,0.6121525016950478,0.007171554083470255,0.05,0.6721525016950478,"['standard_scaler', 'feature_selection', 'knn']",0,3,False
1410,mfeat-karhunen,mfeat-karhunen,16,16,train,0.9177886533129698,0.015607350350668034,0.05,0.9577886533129698,"['minmax_scaler', 'random_forest']",0,2,True
1411,MiceProtein,MiceProtein,146800,40966,train,0.9068910177679521,0.007896347623318433,0.05,0.9868910177679522,"['minmax_scaler', 'feature_selection', 'pca', 'random_forest']",0,4,False
1412,banknote-authentication,banknote-authentication,10093,1462,train,0.9301421780788413,0.0065982252126559615,0.05,0.9901421780788413,"['standard_scaler', 'feature_selection', 'random_forest']",0,3,True
1413,mfeat-morphological,mfeat-morphological,18,18,train,0.4447002914441073,0.005728254793211818,0.05,0.4647002914441073,['knn'],0,1,True
1414,mnist_784,mnist_784,3573,554,train,0.8840581898400406,0.0067083065514452755,0.05,0.9440581898400406,"['standard_scaler', 'feature_selection', 'knn']",0,3,True
1415,letter,letter,6,6,train,0.8759624849758958,0.006919870502315462,0.05,0.9359624849758958,"['standard_scaler', 'feature_selection', 'knn']",0,3,False
1416,cmc,cmc,23,23,train,0.3453478155938126,0.007726961188018322,0.05,0.4253478155938126,"['standard_scaler', 'pca', 'feature_selection', 'random_forest']",0,4,False
1417,blood-transfusion-service-center,blood-transfusion-service-center,10101,1464,train,0.46661064425770304,0.00673494569491595,0.05,0.5266106442577031,"['standard_scaler', 'feature_selection', 'svm']",0,3,True
1418,pc4,pc4,3902,1049,train,0.5578728070175438,0.011597924982197583,0.05,0.6178728070175439,"['minmax_scaler', 'feature_selection', 'svm']",0,3,False
1419,Internet-Advertisements,Internet-Advertisements,167125,40978,train,0.7735870116692034,0.007592392968945205,0.05,0.8335870116692035,"['minmax_scaler', 'feature_selection', 'svm']",0,3,True
1420,dna,dna,167140,40670,train,0.670910710537445,0.0053556981147266924,0.05,0.730910710537445,"['standard_scaler', 'feature_selection', 'knn']",0,3,True
1421,numerai28.6,numerai28.6,167120,23517,train,0.44607937567857403,0.01679527829401195,0.05,0.5060793756785741,"['feature_selection', 'standard_scaler', 'knn']",0,3,True
1422,first-order-theorem-proving,first-order-theorem-proving,9985,1475,train,0.21548152541546695,0.006931229669135064,0.05,0.27548152541546694,"['feature_selection', 'minmax_scaler', 'svm']",0,3,False
1423,churn,churn,167141,40701,train,0.5650486048104875,0.006295322440564632,0.05,0.6250486048104875,"['minmax_scaler', 'feature_selection', 'svm']",0,3,False
1424,cnae-9,cnae-9,9981,1468,train,0.7775115645931399,0.006533457024488598,0.05,0.8375115645931399,"['standard_scaler', 'feature_selection', 'svm']",0,3,True
1425,adult,adult,7592,1590,train,0.6664147262354563,0.0065278830006718636,0.05,0.7464147262354563,"['standard_scaler', 'feature_selection', 'pca', 'knn']",0,4,False
1426,analcatdata_authorship,analcatdata_authorship,3549,458,train,0.926465289096868,0.004867965588346124,0.05,0.986465289096868,"['minmax_scaler', 'feature_selection', 'random_forest']",0,3,False
1427,wdbc,wdbc,9946,1510,train,0.8814187643020595,0.006937595666386187,0.05,0.9414187643020595,"['minmax_scaler', 'feature_selection', 'random_forest']",0,3,True
1428,connect-4,connect-4,146195,40668,train,0.5402427137020359,0.006455457652918994,0.05,0.600242713702036,"['standard_scaler', 'feature_selection', 'svm']",0,3,False
1429,electricity,electricity,219,151,train,0.8387292520859664,0.009401764487847686,0.05,0.8987292520859664,"['standard_scaler', 'feature_selection', 'random_forest']",0,3,True
1430,mfeat-zernike,mfeat-zernike,22,22,train,0.8107004958533077,0.005111388047225773,0.05,0.8307004958533077,['knn'],0,1,True
1431,eucalyptus,eucalyptus,2079,188,train,0.4653910696523793,0.005530571041163057,0.05,0.5253910696523794,"['minmax_scaler', 'feature_selection', 'svm']",0,3,False
1432,vowel,vowel,3022,307,train,0.7961924944113231,0.009447339223697782,0.05,0.8161924944113231,['svm'],0,1,True
1433,jungle_chess_2pcs_raw_endgame_complete,jungle_chess_2pcs_raw_endgame_complete,167119,41027,train,0.6274486267116627,0.006412063899915665,0.05,0.6874486267116627,"['minmax_scaler', 'feature_selection', 'knn']",0,3,True
1434,cylinder-bands,cylinder-bands,14954,6332,train,0.7118760081352127,0.00813384617989262,0.05,0.7518760081352127,"['minmax_scaler', 'random_forest']",0,2,False
1435,credit-approval,credit-approval,29,29,train,0.7237610786743395,0.009789318079128861,0.05,0.7837610786743395,"['minmax_scaler', 'feature_selection', 'random_forest']",0,3,False
1436,pc1,pc1,3918,1068,train,0.6071738303537466,0.007507737493142486,0.05,0.6671738303537467,"['minmax_scaler', 'feature_selection', 'knn']",0,3,True
1437,car,car,146821,40975,train,0.6354618787405673,0.008647591923363507,0.05,0.6954618787405673,"['minmax_scaler', 'feature_selection', 'knn']",0,3,True
1438,wilt,wilt,146820,40983,train,0.8117817896389325,0.0064753369661048055,0.05,0.8717817896389326,"['minmax_scaler', 'feature_selection', 'random_forest']",0,3,False
1439,climate-model-simulation-crashes,climate-model-simulation-crashes,146819,40994,train,0.5017816091954023,0.011166193638928235,0.05,0.5617816091954023,"['minmax_scaler', 'feature_selection', 'random_forest']",0,3,True
1440,electricity,electricity,219,151,train,0.8384228829326491,0.004805476113688201,0.05,0.8984228829326492,"['minmax_scaler', 'feature_selection', 'random_forest']",0,3,True
1441,churn,churn,167141,40701,train,0.6077296563803134,0.011964576551690698,0.05,0.6677296563803135,"['minmax_scaler', 'feature_selection', 'knn']",0,3,True
1442,first-order-theorem-proving,first-order-theorem-proving,9985,1475,train,0.3449287149101802,0.005109707766678184,0.05,0.4049287149101802,"['minmax_scaler', 'feature_selection', 'knn']",0,3,False
1443,mnist_784,mnist_784,3573,554,train,0.9034425210991933,0.005069693725090474,0.05,0.9634425210991934,"['standard_scaler', 'feature_selection', 'svm']",0,3,True
1444,mfeat-karhunen,mfeat-karhunen,16,16,train,0.9177886533129698,0.009301630935321251,0.05,0.9577886533129698,"['minmax_scaler', 'random_forest']",0,2,True
1445,jm1,jm1,3904,1053,train,0.5198074350825589,0.004841629043221473,0.05,0.599807435082559,"['minmax_scaler', 'feature_selection', 'pca', 'knn']",0,4,False
1446,adult,adult,7592,1590,train,0.66037585119189,0.007528575137257576,0.05,0.7403758511918901,"['minmax_scaler', 'feature_selection', 'pca', 'knn']",0,4,False
1447,splice,splice,45,46,train,0.6641296124145871,0.005115746939554811,0.05,0.7441296124145872,"['minmax_scaler', 'feature_selection', 'pca', 'knn']",0,4,False
1448,segment,segment,146822,40984,train,0.8612041712041711,0.006719983764924109,0.05,0.9212041712041712,"['minmax_scaler', 'feature_selection', 'random_forest']",0,3,True
1449,mfeat-morphological,mfeat-morphological,18,18,train,0.37732933715967115,0.00520152561366558,0.05,0.4573293371596711,"['pca', 'minmax_scaler', 'feature_selection', 'svm']",0,4,False
1450,nomao,nomao,9977,1486,train,0.8922601754698092,0.003854637674521655,0.05,0.9522601754698092,"['standard_scaler', 'feature_selection', 'svm']",0,3,False
1451,eucalyptus,eucalyptus,2079,188,train,0.5397096895287311,0.008518407470546663,0.05,0.5997096895287312,"['standard_scaler', 'feature_selection', 'random_forest']",0,3,True
1452,banknote-authentication,banknote-authentication,10093,1462,train,0.94,0.00746576813980937,0.05,1.0,"['standard_scaler', 'feature_selection', 'knn']",0,3,False
1453,Internet-Advertisements,Internet-Advertisements,167125,40978,train,0.8392859065823126,0.006152295041829348,0.05,0.9192859065823127,"['standard_scaler', 'feature_selection', 'pca', 'svm']",0,4,False
1454,dna,dna,167140,40670,train,0.8693697295662234,0.006059865700080991,0.05,0.9493697295662235,"['standard_scaler', 'feature_selection', 'pca', 'svm']",0,4,False
1455,vowel,vowel,3022,307,train,0.7731519961539473,0.004335935181006789,0.05,0.8531519961539473,"['pca', 'minmax_scaler', 'feature_selection', 'svm']",0,4,False
1456,mfeat-pixel,mfeat-pixel,146824,40979,train,0.9134723103806105,0.005208097689319402,0.05,0.9734723103806106,"['minmax_scaler', 'feature_selection', 'random_forest']",0,3,True
1457,Fashion-MNIST,Fashion-MNIST,146825,40996,train,0.816710863982437,0.009821437182836235,0.05,0.876710863982437,"['standard_scaler', 'feature_selection', 'random_forest']",0,3,True
1458,isolet,isolet,3481,300,train,0.8835024556674342,0.0046649203286506236,0.05,0.9435024556674343,"['standard_scaler', 'feature_selection', 'random_forest']",0,3,True
1459,pc4,pc4,3902,1049,train,0.5940765976776538,0.008238903945311904,0.05,0.6740765976776538,"['standard_scaler', 'feature_selection', 'pca', 'knn']",0,4,False
1460,semeion,semeion,9964,1501,train,0.8643148073721085,0.006391447997884825,0.05,0.9243148073721086,"['minmax_scaler', 'feature_selection', 'random_forest']",0,3,True
1461,mfeat-factors,mfeat-factors,12,12,train,0.9045847245627411,0.01171003608033061,0.05,0.9645847245627411,"['minmax_scaler', 'feature_selection', 'random_forest']",0,3,False
1462,MiceProtein,MiceProtein,146800,40966,train,0.9025325471093071,0.009964967030100524,0.05,0.9625325471093071,"['minmax_scaler', 'feature_selection', 'knn']",0,3,True
1463,Devnagari-Script,Devnagari-Script,167121,40923,train,0.8427855012260914,0.008558385539799929,0.05,0.9027855012260915,"['standard_scaler', 'feature_selection', 'knn']",0,3,False
1464,ilpd,ilpd,9971,1480,train,0.5370409982174688,0.005873404024168849,0.05,0.6170409982174688,"['minmax_scaler', 'feature_selection', 'pca', 'knn']",0,4,False
1465,cylinder-bands,cylinder-bands,14954,6332,train,0.5044761695585328,0.0058812118756274385,0.05,0.5444761695585328,"['minmax_scaler', 'knn']",0,2,False
1466,analcatdata_authorship,analcatdata_authorship,3549,458,train,0.9149557437898543,0.007119386550039053,0.05,0.9949557437898544,"['minmax_scaler', 'feature_selection', 'pca', 'knn']",0,4,False
1467,tic-tac-toe,tic-tac-toe,49,50,train,0.8926211888572055,0.005254083662293851,0.05,0.9526211888572056,"['minmax_scaler', 'feature_selection', 'random_forest']",0,3,False
1468,texture,texture,125922,40499,train,0.9150832992800269,0.005859863944351673,0.05,0.9750832992800269,"['standard_scaler', 'feature_selection', 'random_forest']",0,3,False
1469,climate-model-simulation-crashes,climate-model-simulation-crashes,146819,40994,train,0.5017816091954023,0.005009049200452864,0.05,0.5617816091954023,"['feature_selection', 'minmax_scaler', 'svm']",0,3,True
1470,dresses-sales,dresses-sales,125920,23381,train,0.5582432432432431,0.007158024935051799,0.05,0.6182432432432432,"['standard_scaler', 'feature_selection', 'svm']",0,3,True
1471,satimage,satimage,2074,182,train,0.8255040336388576,0.005186833557672799,0.05,0.8855040336388577,"['minmax_scaler', 'feature_selection', 'knn']",0,3,True
1472,cmc,cmc,23,23,train,0.44065854690671424,0.006999318255111575,0.05,0.5006585469067143,"['standard_scaler', 'feature_selection', 'svm']",0,3,False
1473,wdbc,wdbc,9946,1510,train,0.8869336088865926,0.005866771517321468,0.05,0.9669336088865926,"['standard_scaler', 'feature_selection', 'pca', 'svm']",0,4,False
1474,numerai28.6,numerai28.6,167120,23517,train,0.44607937567857403,0.005776262725703418,0.05,0.5060793756785741,"['standard_scaler', 'feature_selection', 'knn']",0,3,True
1475,GesturePhaseSegmentationProcessed,GesturePhaseSegmentationProcessed,14969,4538,train,0.4368659410268866,0.006480160355567932,0.05,0.5168659410268865,"['feature_selection', 'minmax_scaler', 'pca', 'knn']",0,4,False
1476,analcatdata_dmft,analcatdata_dmft,3560,469,train,0.10013667556780656,0.006992894923314452,0.05,0.18013667556780658,"['standard_scaler', 'feature_selection', 'pca', 'svm']",0,4,False
1477,ozone-level-8hr,ozone-level-8hr,9978,1487,train,0.4572050816696914,0.007725492585450411,0.05,0.5372050816696914,"['minmax_scaler', 'feature_selection', 'pca', 'random_forest']",0,4,False
1478,blood-transfusion-service-center,blood-transfusion-service-center,10101,1464,train,0.5784037418520176,0.00647441012552008,0.05,0.6384037418520176,"['feature_selection', 'standard_scaler', 'random_forest']",0,3,True
1479,mfeat-zernike,mfeat-zernike,22,22,train,0.8097160269958383,0.0047149919749548035,0.05,0.8497160269958384,"['minmax_scaler', 'svm']",0,2,False
1480,credit-approval,credit-approval,29,29,train,0.7184090909090908,0.009627331630326807,0.05,0.7784090909090908,"['minmax_scaler', 'feature_selection', 'svm']",0,3,True
1481,credit-g,credit-g,31,31,train,0.5638746438746438,0.011723749712109566,0.05,0.6438746438746439,"['standard_scaler', 'feature_selection', 'pca', 'svm']",0,4,False
1482,wall-robot-navigation,wall-robot-navigation,9960,1497,train,0.7745924717030259,0.01002250388264656,0.05,0.854592471703026,"['standard_scaler', 'feature_selection', 'pca', 'knn']",0,4,True
1483,kr-vs-kp,kr-vs-kp,3,3,train,0.9316352552468705,0.009489611955359578,0.05,0.9916352552468706,"['minmax_scaler', 'feature_selection', 'random_forest']",0,3,True
1484,bank-marketing,bank-marketing,14965,1461,train,0.5484194446433491,0.006807244569063187,0.05,0.6284194446433492,"['minmax_scaler', 'feature_selection', 'pca', 'random_forest']",0,4,False
1485,balance-scale,balance-scale,11,11,train,0.5132008431195423,0.00800553907174617,0.05,0.5732008431195423,"['feature_selection', 'minmax_scaler', 'random_forest']",0,3,False
1486,kc2,kc2,3913,1063,train,0.48617647058823527,0.008476265892386436,0.05,0.5661764705882353,"['feature_selection', 'standard_scaler', 'pca', 'svm']",0,4,False
1487,sick,sick,3021,38,train,0.4642041312272175,0.006225529592484236,0.05,0.4842041312272175,['svm'],0,1,True
1488,cnae-9,cnae-9,9981,1468,train,0.846546584854992,0.006804299890063703,0.05,0.9065465848549921,"['minmax_scaler', 'feature_selection', 'svm']",0,3,False
1489,letter,letter,6,6,train,0.8806297974609265,0.005268073990009725,0.05,0.9406297974609266,"['minmax_scaler', 'feature_selection', 'knn']",0,3,False
1490,PhishingWebsites,PhishingWebsites,14952,4534,train,0.8848889965349773,0.006763884518295527,0.05,0.9648889965349774,"['minmax_scaler', 'feature_selection', 'pca', 'random_forest']",0,4,False
1491,CIFAR_10,CIFAR_10,167124,40927,train,0.39754513601110497,0.00436179235111922,0.05,0.45754513601110497,"['standard_scaler', 'feature_selection', 'random_forest']",0,3,False
1492,wilt,wilt,146820,40983,train,0.46350918424144966,0.00845444854348898,0.05,0.5435091842414497,"['standard_scaler', 'feature_selection', 'pca', 'knn']",0,4,False
1493,pc1,pc1,3918,1068,train,0.5781897730380092,0.006181783555075526,0.05,0.6581897730380093,"['standard_scaler', 'feature_selection', 'pca', 'knn']",0,4,False
1494,har,har,14970,1478,train,0.84858917776054,0.00606329976581037,0.05,0.9285891777605401,"['standard_scaler', 'feature_selection', 'pca', 'random_forest']",0,4,False
1495,connect-4,connect-4,146195,40668,train,0.4581240472688909,0.006472969148308039,0.05,0.5381240472688908,"['minmax_scaler', 'feature_selection', 'pca', 'random_forest']",0,4,False
1496,jungle_chess_2pcs_raw_endgame_complete,jungle_chess_2pcs_raw_endgame_complete,167119,41027,train,0.6474486267116627,0.0054480882827192545,0.05,0.6874486267116627,"['minmax_scaler', 'knn']",0,2,False
1497,breast-w,breast-w,15,15,train,0.8855608352587296,0.007592660374939442,0.05,0.9655608352587297,"['minmax_scaler', 'feature_selection', 'pca', 'svm']",0,4,False
1498,car,car,146821,40975,train,0.6354618787405673,0.010241619311273098,0.05,0.6954618787405673,"['feature_selection', 'minmax_scaler', 'knn']",0,3,False
1499,mfeat-fourier,mfeat-fourier,14,14,train,0.7561232235721728,0.004052504897117615,0.05,0.8161232235721728,"['minmax_scaler', 'feature_selection', 'knn']",0,3,False
1500,wdbc,wdbc,9946,1510,train,0.897780856257009,0.008173318230547011,0.05,0.957780856257009,"['minmax_scaler', 'feature_selection', 'svm']",0,3,True
1501,cnae-9,cnae-9,9981,1468,train,0.853732715831099,0.007451936660800129,0.05,0.913732715831099,"['minmax_scaler', 'feature_selection', 'random_forest']",0,3,False
1502,numerai28.6,numerai28.6,167120,23517,train,0.4197887523599131,0.008310295175760984,0.05,0.49978875235991305,"['feature_selection', 'minmax_scaler', 'pca', 'knn']",0,4,False
1503,wilt,wilt,146820,40983,train,0.46350918424144966,0.006753499526530505,0.05,0.5435091842414497,"['standard_scaler', 'feature_selection', 'pca', 'knn']",0,4,True
1504,satimage,satimage,2074,182,train,0.803654287271737,0.00796473240479827,0.05,0.8836542872717371,"['standard_scaler', 'feature_selection', 'pca', 'knn']",0,4,False
1505,adult,adult,7592,1590,train,0.6570245238494785,0.008108321484178305,0.05,0.7370245238494786,"['feature_selection', 'minmax_scaler', 'pca', 'random_forest']",0,4,False
1506,first-order-theorem-proving,first-order-theorem-proving,9985,1475,train,0.3428522557498767,0.006780509953387082,0.05,0.36285225574987673,['svm'],0,1,True
1507,CIFAR_10,CIFAR_10,167124,40927,train,0.3973880250406473,0.008437314187176526,0.05,0.45738802504064735,"['feature_selection', 'minmax_scaler', 'random_forest']",0,3,True
1508,credit-g,credit-g,31,31,train,0.5137428186861889,0.008463606797158718,0.05,0.593742818686189,"['minmax_scaler', 'feature_selection', 'pca', 'random_forest']",0,4,False
1509,cylinder-bands,cylinder-bands,14954,6332,train,0.6407215007215008,0.008812878018943593,0.05,0.7007215007215009,"['standard_scaler', 'feature_selection', 'svm']",0,3,True
1510,isolet,isolet,3481,300,train,0.9060824448043504,0.007987302145920694,0.05,0.9660824448043505,"['standard_scaler', 'feature_selection', 'svm']",0,3,True
1511,letter,letter,6,6,train,0.9196450989680648,0.008541979671766361,0.05,0.9596450989680648,"['feature_selection', 'random_forest']",0,2,False
1512,splice,splice,45,46,train,0.809834808254414,0.007298924680799246,0.05,0.8898348082544141,"['minmax_scaler', 'feature_selection', 'pca', 'random_forest']",0,4,False
1513,kc2,kc2,3913,1063,train,0.5006680881307746,0.007047881372272968,0.05,0.5806680881307746,"['minmax_scaler', 'feature_selection', 'pca', 'svm']",0,4,False
1514,dresses-sales,dresses-sales,125920,23381,train,0.5723630136986301,0.008189806947484612,0.05,0.6323630136986301,"['standard_scaler', 'feature_selection', 'random_forest']",0,3,True
1515,jungle_chess_2pcs_raw_endgame_complete,jungle_chess_2pcs_raw_endgame_complete,167119,41027,train,0.6077667756464779,0.007245591469109058,0.05,0.6877667756464779,"['feature_selection', 'minmax_scaler', 'pca', 'knn']",0,4,False
1516,GesturePhaseSegmentationProcessed,GesturePhaseSegmentationProcessed,14969,4538,train,0.4368659410268866,0.007273262646049261,0.05,0.5168659410268865,"['feature_selection', 'minmax_scaler', 'pca', 'knn']",0,4,True
1517,har,har,14970,1478,train,0.8774349824334845,0.008395878318697213,0.05,0.9574349824334846,"['feature_selection', 'minmax_scaler', 'pca', 'knn']",0,4,False
1518,bank-marketing,bank-marketing,14965,1461,train,0.6997413385114349,0.00554614095017314,0.05,0.719741338511435,['random_forest'],0,1,True
1519,tic-tac-toe,tic-tac-toe,49,50,train,0.7277084206116462,0.006780671980232,0.05,0.8077084206116463,"['standard_scaler', 'feature_selection', 'pca', 'random_forest']",0,4,False
1520,car,car,146821,40975,train,0.634185679943388,0.004799555521458387,0.05,0.7141856799433881,"['feature_selection', 'minmax_scaler', 'pca', 'random_forest']",0,4,False
1521,MiceProtein,MiceProtein,146800,40966,train,0.932156862745098,0.011274115415289998,0.05,0.9921568627450981,"['minmax_scaler', 'feature_selection', 'random_forest']",0,3,False
1522,mfeat-karhunen,mfeat-karhunen,16,16,train,0.8977886533129698,0.008001206326298416,0.05,0.9577886533129698,"['minmax_scaler', 'feature_selection', 'random_forest']",0,3,False
1523,pc1,pc1,3918,1068,train,0.5871738303537466,0.007301269797608256,0.05,0.6671738303537467,"['feature_selection', 'minmax_scaler', 'pca', 'random_forest']",0,4,False
1524,mfeat-zernike,mfeat-zernike,22,22,train,0.8019942340973475,0.008819710463285446,0.05,0.8219942340973475,['svm'],0,1,True
1525,churn,churn,167141,40701,train,0.7521406109231841,0.009200533293187619,0.05,0.8321406109231841,"['minmax_scaler', 'feature_selection', 'pca', 'random_forest']",0,4,False
1526,electricity,electricity,219,151,train,0.6113895604059039,0.007183836866170168,0.05,0.6913895604059039,"['minmax_scaler', 'feature_selection', 'pca', 'knn']",0,4,False
1527,balance-scale,balance-scale,11,11,train,0.5074339401056958,0.00648438734933734,0.05,0.5874339401056958,"['feature_selection', 'standard_scaler', 'pca', 'knn']",0,4,False
1528,climate-model-simulation-crashes,climate-model-simulation-crashes,146819,40994,train,0.47311355311355313,0.005439862795174122,0.05,0.5531135531135531,"['feature_selection', 'standard_scaler', 'pca', 'svm']",0,4,False
1529,analcatdata_dmft,analcatdata_dmft,3560,469,train,0.1881655225019069,0.00824655732139945,0.05,0.20816552250190692,['knn'],0,1,False
1530,nomao,nomao,9977,1486,train,0.8590459225627097,0.007569147646427155,0.05,0.9390459225627098,"['feature_selection', 'standard_scaler', 'pca', 'knn']",0,4,False
1531,breast-w,breast-w,15,15,train,0.8852823555262579,0.006190740922465921,0.05,0.965282355526258,"['standard_scaler', 'feature_selection', 'pca', 'knn']",0,4,False
1532,analcatdata_authorship,analcatdata_authorship,3549,458,train,0.911299312501844,0.007164748385548592,0.05,0.9912993125018441,"['standard_scaler', 'feature_selection', 'pca', 'random_forest']",0,4,False
1533,kr-vs-kp,kr-vs-kp,3,3,train,0.9316352552468705,0.005147309391759336,0.05,0.9916352552468706,"['standard_scaler', 'feature_selection', 'random_forest']",0,3,True
1534,jm1,jm1,3904,1053,train,0.5198074350825589,0.006320138135924936,0.05,0.599807435082559,"['minmax_scaler', 'feature_selection', 'pca', 'knn']",0,4,True
1535,PhishingWebsites,PhishingWebsites,14952,4534,train,0.8657059397705829,0.005400222586467862,0.05,0.9457059397705829,"['standard_scaler', 'feature_selection', 'pca', 'knn']",0,4,False
1536,segment,segment,146822,40984,train,0.8095384956909195,0.006889849028084427,0.05,0.8695384956909196,"['standard_scaler', 'feature_selection', 'svm']",0,3,False
1537,ilpd,ilpd,9971,1480,train,0.33517857142857144,0.00573899750597775,0.05,0.4151785714285714,"['feature_selection', 'standard_scaler', 'pca', 'svm']",0,4,False
1538,Devnagari-Script,Devnagari-Script,167121,40923,train,0.841294146777065,0.0075203055748716,0.05,0.9012941467770651,"['feature_selection', 'minmax_scaler', 'random_forest']",0,3,False
1539,wall-robot-navigation,wall-robot-navigation,9960,1497,train,0.7522526634526184,0.004936061101034284,0.05,0.8322526634526185,"['minmax_scaler', 'feature_selection', 'pca', 'knn']",0,4,False
1540,texture,texture,125922,40499,train,0.9150832992800269,0.006149252527393401,0.05,0.9750832992800269,"['feature_selection', 'minmax_scaler', 'random_forest']",0,3,True
1541,mfeat-pixel,mfeat-pixel,146824,40979,train,0.9200884269925628,0.008466862374916673,0.05,0.9800884269925628,"['standard_scaler', 'feature_selection', 'svm']",0,3,False
1542,mfeat-fourier,mfeat-fourier,14,14,train,0.7761232235721728,0.007112489392360051,0.05,0.8161232235721728,"['minmax_scaler', 'knn']",0,2,False
1543,ozone-level-8hr,ozone-level-8hr,9978,1487,train,0.40369565217391307,0.006010846560820937,0.05,0.483695652173913,"['minmax_scaler', 'feature_selection', 'pca', 'svm']",0,4,False
1544,mfeat-morphological,mfeat-morphological,18,18,train,0.37619566871878,0.004207390709780157,0.05,0.39619566871878004,['svm'],0,1,True
1545,Internet-Advertisements,Internet-Advertisements,167125,40978,train,0.8502179302179302,0.009573854506015778,0.05,0.9302179302179303,"['minmax_scaler', 'feature_selection', 'pca', 'random_forest']",0,4,False
1546,credit-approval,credit-approval,29,29,train,0.7368664678455916,0.006705275969579816,0.05,0.7968664678455917,"['standard_scaler', 'feature_selection', 'knn']",0,3,False
1547,blood-transfusion-service-center,blood-transfusion-service-center,10101,1464,train,0.44661064425770314,0.008909817691892386,0.05,0.5266106442577031,"['feature_selection', 'standard_scaler', 'pca', 'svm']",0,4,True
1548,Fashion-MNIST,Fashion-MNIST,146825,40996,train,0.7738117102397475,0.008329773880541324,0.05,0.8538117102397476,"['standard_scaler', 'feature_selection', 'pca', 'random_forest']",0,4,False
1549,cmc,cmc,23,23,train,0.32623589515503854,0.006004343228414655,0.05,0.4062358951550385,"['minmax_scaler', 'feature_selection', 'pca', 'knn']",0,4,False
1550,sick,sick,3021,38,train,0.4716763766372049,0.0070764936041086916,0.05,0.5516763766372049,"['minmax_scaler', 'feature_selection', 'pca', 'knn']",0,4,False
1551,vowel,vowel,3022,307,train,0.9308934570440405,0.00521886209025979,0.05,0.9508934570440405,['random_forest'],0,1,True
1552,pc4,pc4,3902,1049,train,0.4960053104147015,0.006593155581504107,0.05,0.5760053104147015,"['minmax_scaler', 'feature_selection', 'pca', 'svm']",0,4,False
1553,dna,dna,167140,40670,train,0.8693697295662234,0.008537166751921177,0.05,0.9493697295662235,"['standard_scaler', 'feature_selection', 'pca', 'svm']",0,4,True
1554,semeion,semeion,9964,1501,train,0.8643148073721085,0.007540794555097818,0.05,0.9243148073721086,"['standard_scaler', 'feature_selection', 'random_forest']",0,3,True
1555,mnist_784,mnist_784,3573,554,train,0.8538045465511915,0.006752433208748698,0.05,0.9338045465511916,"['feature_selection', 'standard_scaler', 'pca', 'random_forest']",0,4,False
1556,mfeat-factors,mfeat-factors,12,12,train,0.9045847245627411,0.005526955297682434,0.05,0.9645847245627411,"['feature_selection', 'minmax_scaler', 'random_forest']",0,3,False
1557,banknote-authentication,banknote-authentication,10093,1462,train,0.843879398061372,0.007088716793805361,0.05,0.9238793980613721,"['minmax_scaler', 'feature_selection', 'pca', 'svm']",0,4,False
1558,connect-4,connect-4,146195,40668,train,0.5501899942853489,0.005227771028876305,0.05,0.6301899942853489,"['feature_selection', 'minmax_scaler', 'pca', 'svm']",0,4,False
1559,eucalyptus,eucalyptus,2079,188,train,0.5347112275409488,0.00801957342773676,0.05,0.6147112275409489,"['minmax_scaler', 'feature_selection', 'pca', 'random_forest']",0,4,False
1560,numerai28.6,numerai28.6,167120,23517,train,0.421333917691626,0.0056136613711714745,0.05,0.5013339176916259,"['feature_selection', 'standard_scaler', 'pca', 'knn']",0,4,False
1561,kr-vs-kp,kr-vs-kp,3,3,train,0.8795758086873915,0.006567808147519827,0.05,0.9595758086873916,"['minmax_scaler', 'feature_selection', 'pca', 'svm']",0,4,False
1562,mfeat-factors,mfeat-factors,12,12,train,0.9045847245627411,0.006642264954280108,0.05,0.9645847245627411,"['minmax_scaler', 'feature_selection', 'random_forest']",0,3,True
1563,Fashion-MNIST,Fashion-MNIST,146825,40996,train,0.816710863982437,0.005974452535156161,0.05,0.876710863982437,"['standard_scaler', 'feature_selection', 'random_forest']",0,3,True
1564,balance-scale,balance-scale,11,11,train,0.5424760649495669,0.009994273073971272,0.05,0.622476064949567,"['feature_selection', 'standard_scaler', 'pca', 'svm']",0,4,False
1565,ilpd,ilpd,9971,1480,train,0.5427895694360219,0.006914040772244334,0.05,0.6027895694360219,"['feature_selection', 'standard_scaler', 'knn']",0,3,False
1566,CIFAR_10,CIFAR_10,167124,40927,train,0.3569186274263862,0.006885309237986803,0.05,0.43691862742638615,"['feature_selection', 'standard_scaler', 'pca', 'random_forest']",0,4,False
1567,blood-transfusion-service-center,blood-transfusion-service-center,10101,1464,train,0.44661064425770314,0.005832934193313122,0.05,0.5266106442577031,"['standard_scaler', 'feature_selection', 'pca', 'svm']",0,4,False
1568,wilt,wilt,146820,40983,train,0.43424588792863117,0.006604543281719088,0.05,0.5142458879286311,"['minmax_scaler', 'feature_selection', 'pca', 'knn']",0,4,False
1569,Internet-Advertisements,Internet-Advertisements,167125,40978,train,0.820659577332077,0.005375359673053026,0.05,0.900659577332077,"['standard_scaler', 'feature_selection', 'pca', 'knn']",0,4,False
1570,breast-w,breast-w,15,15,train,0.8852823555262579,0.00805095387622714,0.05,0.965282355526258,"['standard_scaler', 'feature_selection', 'pca', 'svm']",0,4,False
1571,mfeat-pixel,mfeat-pixel,146824,40979,train,0.9134723103806105,0.005186753754969686,0.05,0.9734723103806106,"['minmax_scaler', 'feature_selection', 'random_forest']",0,3,True
1572,tic-tac-toe,tic-tac-toe,49,50,train,0.8871624266144813,0.008515418390743434,0.05,0.9471624266144814,"['minmax_scaler', 'feature_selection', 'svm']",0,3,True
1573,mfeat-morphological,mfeat-morphological,18,18,train,0.35223043153940325,0.008874985913280398,0.05,0.4122304315394033,"['pca', 'feature_selection', 'random_forest']",0,3,False
1574,cylinder-bands,cylinder-bands,14954,6332,train,0.5587499999999999,0.008536465931683779,0.05,0.6187499999999999,"['standard_scaler', 'feature_selection', 'knn']",0,3,False
1575,first-order-theorem-proving,first-order-theorem-proving,9985,1475,train,0.3306019283272838,0.005430932436138391,0.05,0.41060192832728376,"['standard_scaler', 'feature_selection', 'pca', 'knn']",0,4,False
1576,pc4,pc4,3902,1049,train,0.5382040144223943,0.006454320484772324,0.05,0.6182040144223944,"['minmax_scaler', 'feature_selection', 'pca', 'knn']",0,4,False
1577,segment,segment,146822,40984,train,0.8486551598792864,0.006206904537975788,0.05,0.8886551598792864,"['feature_selection', 'knn']",0,2,True
1578,sick,sick,3021,38,train,0.4716763766372049,0.005038929777219892,0.05,0.5516763766372049,"['minmax_scaler', 'feature_selection', 'pca', 'knn']",0,4,True
1579,dresses-sales,dresses-sales,125920,23381,train,0.44044753086419763,0.004565500188618898,0.05,0.5204475308641976,"['minmax_scaler', 'feature_selection', 'pca', 'random_forest']",0,4,True
1580,mfeat-zernike,mfeat-zernike,22,22,train,0.7660314682126085,0.0032575016375631094,0.05,0.7860314682126085,['random_forest'],0,1,True
1581,letter,letter,6,6,train,0.9196450989680648,0.006168414993832509,0.05,0.9596450989680648,"['feature_selection', 'random_forest']",0,2,True
1582,mnist_784,mnist_784,3573,554,train,0.9066139167876736,0.0057245054631493986,0.05,0.9666139167876736,"['feature_selection', 'minmax_scaler', 'random_forest']",0,3,True
1583,pc1,pc1,3918,1068,train,0.5033333333333332,0.00800772150978446,0.05,0.5833333333333333,"['feature_selection', 'minmax_scaler', 'pca', 'svm']",0,4,False
1584,mfeat-karhunen,mfeat-karhunen,16,16,train,0.9555687356619157,0.007885605795308948,0.05,0.9755687356619157,['knn'],0,1,True
1585,cnae-9,cnae-9,9981,1468,train,0.8404852112229929,0.007568425312638283,0.05,0.920485211222993,"['minmax_scaler', 'pca', 'feature_selection', 'svm']",0,4,False
1586,wall-robot-navigation,wall-robot-navigation,9960,1497,train,0.7522526634526184,0.0033627476077526808,0.05,0.8322526634526185,"['minmax_scaler', 'feature_selection', 'pca', 'knn']",0,4,True
1587,vowel,vowel,3022,307,train,0.7511816957073604,0.008305828087031841,0.05,0.7711816957073604,['knn'],0,1,True
1588,car,car,146821,40975,train,0.7111361961994872,0.006297599617391824,0.05,0.7911361961994873,"['feature_selection', 'standard_scaler', 'pca', 'random_forest']",0,4,False
1589,GesturePhaseSegmentationProcessed,GesturePhaseSegmentationProcessed,14969,4538,train,0.42884764790150753,0.008225373923778534,0.05,0.5088476479015075,"['standard_scaler', 'feature_selection', 'pca', 'random_forest']",0,4,False
1590,credit-g,credit-g,31,31,train,0.5449999999999999,0.006892150733619928,0.05,0.625,"['standard_scaler', 'feature_selection', 'pca', 'random_forest']",0,4,False
1591,jm1,jm1,3904,1053,train,0.5198074350825589,0.005567589774727821,0.05,0.599807435082559,"['minmax_scaler', 'feature_selection', 'pca', 'knn']",0,4,True
1592,har,har,14970,1478,train,0.89370282895986,0.00714777554385364,0.05,0.97370282895986,"['feature_selection', 'minmax_scaler', 'pca', 'svm']",0,4,False
1593,isolet,isolet,3481,300,train,0.9060824448043504,0.009907103376463056,0.05,0.9660824448043505,"['feature_selection', 'standard_scaler', 'svm']",0,3,False
1594,jungle_chess_2pcs_raw_endgame_complete,jungle_chess_2pcs_raw_endgame_complete,167119,41027,train,0.5988141037374256,0.005102825164794922,0.05,0.6788141037374257,"['standard_scaler', 'feature_selection', 'pca', 'knn']",0,4,False
1595,ozone-level-8hr,ozone-level-8hr,9978,1487,train,0.4032275611967362,0.006194895226508379,0.05,0.48322756119673616,"['standard_scaler', 'feature_selection', 'pca', 'random_forest']",0,4,False
1596,cmc,cmc,23,23,train,0.3435884037059786,0.004515382158569991,0.05,0.42358840370597856,"['minmax_scaler', 'feature_selection', 'pca', 'random_forest']",0,4,False
1597,satimage,satimage,2074,182,train,0.8032603083013382,0.005433560721576214,0.05,0.8832603083013383,"['minmax_scaler', 'feature_selection', 'pca', 'knn']",0,4,False
1598,bank-marketing,bank-marketing,14965,1461,train,0.5484194446433491,0.006421779515221715,0.05,0.6284194446433492,"['minmax_scaler', 'feature_selection', 'pca', 'random_forest']",0,4,True
1599,splice,splice,45,46,train,0.8771944105277436,0.0050531939137727026,0.05,0.9571944105277437,"['minmax_scaler', 'feature_selection', 'pca', 'svm']",0,4,False
1600,eucalyptus,eucalyptus,2079,188,train,0.43585661908242557,0.009988406673073769,0.05,0.5158566190824255,"['standard_scaler', 'feature_selection', 'pca', 'knn']",0,4,False
1601,connect-4,connect-4,146195,40668,train,0.5602427137020359,0.01014009149124225,0.05,0.600242713702036,"['standard_scaler', 'svm']",0,2,False
1602,kc2,kc2,3913,1063,train,0.48617647058823527,0.007271885871887207,0.05,0.5661764705882353,"['feature_selection', 'standard_scaler', 'pca', 'svm']",0,4,True
1603,MiceProtein,MiceProtein,146800,40966,train,0.932156862745098,0.008138971403241158,0.05,0.9921568627450981,"['minmax_scaler', 'feature_selection', 'random_forest']",0,3,True
1604,banknote-authentication,banknote-authentication,10093,1462,train,0.8904265342365238,0.006358414329588414,0.05,0.9704265342365239,"['standard_scaler', 'feature_selection', 'pca', 'random_forest']",0,4,False
1605,semeion,semeion,9964,1501,train,0.8590727982453661,0.003347602478849391,0.05,0.8990727982453661,"['minmax_scaler', 'knn']",0,2,True
1606,climate-model-simulation-crashes,climate-model-simulation-crashes,146819,40994,train,0.47311355311355313,0.006056373938918114,0.05,0.5531135531135531,"['feature_selection', 'standard_scaler', 'pca', 'svm']",0,4,True
1607,churn,churn,167141,40701,train,0.5993454223794781,0.006459601130336523,0.05,0.6793454223794781,"['minmax_scaler', 'feature_selection', 'pca', 'knn']",0,4,False
1608,dna,dna,167140,40670,train,0.780125397104802,0.006063723657280207,0.05,0.8601253971048021,"['minmax_scaler', 'feature_selection', 'pca', 'random_forest']",0,4,False
1609,analcatdata_dmft,analcatdata_dmft,3560,469,train,0.15291243663309392,0.008884972659870982,0.05,0.17291243663309394,['random_forest'],0,1,True
1610,nomao,nomao,9977,1486,train,0.8590459225627097,0.006987363193184137,0.05,0.9390459225627098,"['standard_scaler', 'feature_selection', 'pca', 'knn']",0,4,False
1611,electricity,electricity,219,151,train,0.7353124027185338,0.005976365553215146,0.05,0.8153124027185339,"['standard_scaler', 'feature_selection', 'pca', 'knn']",0,4,True
1612,PhishingWebsites,PhishingWebsites,14952,4534,train,0.890086528348476,0.010422827792353928,0.05,0.9500865283484761,"['minmax_scaler', 'feature_selection', 'knn']",0,3,False
1613,wdbc,wdbc,9946,1510,train,0.8863777252429734,0.008194734901189804,0.05,0.9663777252429735,"['minmax_scaler', 'feature_selection', 'pca', 'svm']",0,4,False
1614,Devnagari-Script,Devnagari-Script,167121,40923,train,0.8616935307276262,0.003510290834431847,0.05,0.9016935307276263,"['feature_selection', 'random_forest']",0,2,False
1615,credit-approval,credit-approval,29,29,train,0.7151455076883974,0.007088955491781235,0.05,0.7951455076883974,"['standard_scaler', 'feature_selection', 'pca', 'random_forest']",0,4,False
1616,mfeat-fourier,mfeat-fourier,14,14,train,0.7870056981911784,0.007464890057841937,0.05,0.8270056981911784,"['feature_selection', 'random_forest']",0,2,False
1617,texture,texture,125922,40499,train,0.945486235133812,0.006805019608388345,0.05,0.9854862351338121,"['feature_selection', 'knn']",0,2,True
1618,analcatdata_authorship,analcatdata_authorship,3549,458,train,0.9199999999999999,0.005377976875752211,0.05,1.0,"['minmax_scaler', 'feature_selection', 'pca', 'svm']",0,4,False
1619,adult,adult,7592,1590,train,0.6664147262354563,0.0056514725089073185,0.05,0.7464147262354563,"['standard_scaler', 'feature_selection', 'pca', 'knn']",0,4,True
1620,wall-robot-navigation,wall-robot-navigation,9960,1497,train,0.7522526634526184,0.006220547808334231,0.05,0.8322526634526185,"['minmax_scaler', 'feature_selection', 'pca', 'knn']",0,4,True
1621,kc2,kc2,3913,1063,train,0.6261702127659574,0.005743457120843232,0.05,0.6861702127659575,"['feature_selection', 'standard_scaler', 'random_forest']",0,3,True
1622,MiceProtein,MiceProtein,146800,40966,train,0.93608514803034,0.0074726443272084,0.05,0.9960851480303401,"['feature_selection', 'minmax_scaler', 'svm']",0,3,False
1623,electricity,electricity,219,151,train,0.7638678612262846,0.005777312908321619,0.05,0.8238678612262846,"['standard_scaler', 'feature_selection', 'knn']",0,3,True
1624,jm1,jm1,3904,1053,train,0.5198074350825589,0.009073549974709749,0.05,0.599807435082559,"['minmax_scaler', 'feature_selection', 'pca', 'knn']",0,4,True
1625,bank-marketing,bank-marketing,14965,1461,train,0.5484194446433491,0.006829299731180072,0.05,0.6284194446433492,"['minmax_scaler', 'feature_selection', 'pca', 'random_forest']",0,4,True
1626,kr-vs-kp,kr-vs-kp,3,3,train,0.8655895964188209,0.006268547940999269,0.05,0.945589596418821,"['minmax_scaler', 'feature_selection', 'pca', 'random_forest']",0,4,False
1627,mfeat-fourier,mfeat-fourier,14,14,train,0.8070056981911784,0.007353354478254914,0.05,0.8270056981911784,['random_forest'],0,1,True
1628,ozone-level-8hr,ozone-level-8hr,9978,1487,train,0.537152149321267,0.004429014865309,0.05,0.617152149321267,"['minmax_scaler', 'feature_selection', 'pca', 'knn']",0,4,False
1629,semeion,semeion,9964,1501,train,0.8590727982453661,0.004883348165700833,0.05,0.8990727982453661,"['feature_selection', 'knn']",0,2,False
1630,mfeat-zernike,mfeat-zernike,22,22,train,0.8107004958533077,0.007771568605676293,0.05,0.8307004958533077,['knn'],0,1,True
1631,texture,texture,125922,40499,train,0.9519431646206551,0.006764462838570277,0.05,0.9919431646206551,"['feature_selection', 'svm']",0,2,False
1632,mfeat-pixel,mfeat-pixel,146824,40979,train,0.9200884269925628,0.006389858084730804,0.05,0.9800884269925628,"['feature_selection', 'standard_scaler', 'svm']",0,3,False
1633,breast-w,breast-w,15,15,train,0.8855608352587296,0.00531529700383544,0.05,0.9655608352587297,"['minmax_scaler', 'feature_selection', 'pca', 'svm']",0,4,True
1634,cmc,cmc,23,23,train,0.32540979242551155,0.004571610130369663,0.05,0.4054097924255115,"['minmax_scaler', 'feature_selection', 'pca', 'svm']",0,4,False
1635,blood-transfusion-service-center,blood-transfusion-service-center,10101,1464,train,0.44661064425770314,0.006720742350444198,0.05,0.5266106442577031,"['feature_selection', 'standard_scaler', 'pca', 'svm']",0,4,True
1636,pc1,pc1,3918,1068,train,0.45496006127585076,0.005671344138681889,0.05,0.5349600612758507,"['feature_selection', 'standard_scaler', 'pca', 'svm']",0,4,False
1637,mfeat-karhunen,mfeat-karhunen,16,16,train,0.962266485276634,0.008666920010000467,0.05,0.9822664852766341,['svm'],0,1,True
1638,satimage,satimage,2074,182,train,0.803654287271737,0.004453720804303884,0.05,0.8836542872717371,"['standard_scaler', 'feature_selection', 'pca', 'knn']",0,4,True
1639,analcatdata_dmft,analcatdata_dmft,3560,469,train,0.07858008101981645,0.006688439566642046,0.05,0.15858008101981647,"['feature_selection', 'pca', 'minmax_scaler', 'random_forest']",0,4,False
1640,churn,churn,167141,40701,train,0.5993454223794781,0.005365237081423402,0.05,0.6793454223794781,"['minmax_scaler', 'feature_selection', 'pca', 'knn']",0,4,True
1641,PhishingWebsites,PhishingWebsites,14952,4534,train,0.8657059397705829,0.005908876564353705,0.05,0.9457059397705829,"['standard_scaler', 'feature_selection', 'pca', 'knn']",0,4,True
1642,Devnagari-Script,Devnagari-Script,167121,40923,train,0.8616935307276262,0.007221625962605079,0.05,0.9016935307276263,"['feature_selection', 'random_forest']",0,2,True
1643,sick,sick,3021,38,train,0.6275158031357907,0.0063041199930012224,0.05,0.7075158031357908,"['standard_scaler', 'feature_selection', 'pca', 'random_forest']",0,4,False
1644,jungle_chess_2pcs_raw_endgame_complete,jungle_chess_2pcs_raw_endgame_complete,167119,41027,train,0.6907359034596774,0.004974527633748949,0.05,0.7507359034596774,"['minmax_scaler', 'feature_selection', 'svm']",0,3,False
1645,letter,letter,6,6,train,0.9195495070567066,0.009485714137554169,0.05,0.9395495070567066,['knn'],0,1,False
1646,dna,dna,167140,40670,train,0.8675677922072896,0.005028977384790778,0.05,0.9475677922072897,"['minmax_scaler', 'feature_selection', 'pca', 'svm']",0,4,False
1647,GesturePhaseSegmentationProcessed,GesturePhaseSegmentationProcessed,14969,4538,train,0.42884764790150753,0.007198555674403906,0.05,0.5088476479015075,"['standard_scaler', 'feature_selection', 'pca', 'random_forest']",0,4,True
1648,CIFAR_10,CIFAR_10,167124,40927,train,0.3569186274263862,0.006751758698374033,0.05,0.43691862742638615,"['feature_selection', 'standard_scaler', 'pca', 'random_forest']",0,4,True
1649,credit-g,credit-g,31,31,train,0.4868449197860962,0.005486801639199257,0.05,0.5668449197860962,"['minmax_scaler', 'feature_selection', 'pca', 'knn']",0,4,False
1650,segment,segment,146822,40984,train,0.5660193261517243,0.005869000032544136,0.05,0.6460193261517244,"['feature_selection', 'pca', 'minmax_scaler', 'knn']",0,4,False
1651,ilpd,ilpd,9971,1480,train,0.5227895694360218,0.006406260002404451,0.05,0.6027895694360219,"['feature_selection', 'standard_scaler', 'pca', 'knn']",0,4,False
1652,banknote-authentication,banknote-authentication,10093,1462,train,0.9167192228061791,0.0059838542714715,0.05,0.9967192228061792,"['pca', 'feature_selection', 'minmax_scaler', 'knn']",0,4,False
1653,cylinder-bands,cylinder-bands,14954,6332,train,0.4823398491836884,0.005894833616912365,0.05,0.5623398491836884,"['minmax_scaler', 'feature_selection', 'pca', 'knn']",0,4,False
1654,first-order-theorem-proving,first-order-theorem-proving,9985,1475,train,0.328681085722115,0.004935928480699658,0.05,0.408681085722115,"['minmax_scaler', 'feature_selection', 'pca', 'knn']",0,4,False
1655,mfeat-morphological,mfeat-morphological,18,18,train,0.35223043153940325,0.0048641698667779565,0.05,0.4122304315394033,"['pca', 'feature_selection', 'random_forest']",0,3,True
1656,adult,adult,7592,1590,train,0.6570245238494785,0.0064817039296030995,0.05,0.7370245238494786,"['minmax_scaler', 'feature_selection', 'pca', 'random_forest']",0,4,False
1657,vowel,vowel,3022,307,train,0.8688111439266767,0.00625573709839955,0.05,0.9288111439266767,"['feature_selection', 'pca', 'random_forest']",0,3,False
1658,connect-4,connect-4,146195,40668,train,0.5610277463585364,0.005022708233445883,0.05,0.6410277463585364,"['pca', 'minmax_scaler', 'feature_selection', 'svm']",0,4,False
1659,numerai28.6,numerai28.6,167120,23517,train,0.421333917691626,0.0067648299038410185,0.05,0.5013339176916259,"['standard_scaler', 'feature_selection', 'pca', 'knn']",0,4,False
1660,mnist_784,mnist_784,3573,554,train,0.8927323309517121,0.0036265905480831863,0.05,0.9727323309517122,"['minmax_scaler', 'feature_selection', 'pca', 'knn']",0,4,False
1661,isolet,isolet,3481,300,train,0.9035024556674343,0.006502118272085984,0.05,0.9435024556674343,"['feature_selection', 'random_forest']",0,2,False
1662,mfeat-factors,mfeat-factors,12,12,train,0.9245847245627411,0.009456950317447385,0.05,0.9645847245627411,"['feature_selection', 'random_forest']",0,2,False
1663,Internet-Advertisements,Internet-Advertisements,167125,40978,train,0.8574119110407521,0.0062083321623504165,0.05,0.9374119110407522,"['standard_scaler', 'feature_selection', 'pca', 'random_forest']",0,4,False
1664,tic-tac-toe,tic-tac-toe,49,50,train,0.8159194542365144,0.005685044452548027,0.05,0.8959194542365144,"['standard_scaler', 'feature_selection', 'pca', 'svm']",0,4,False
1665,cnae-9,cnae-9,9981,1468,train,0.8373106048885199,0.00673137535341084,0.05,0.85731060488852,['knn'],0,1,True
1666,climate-model-simulation-crashes,climate-model-simulation-crashes,146819,40994,train,0.47311355311355313,0.004939428670331836,0.05,0.5531135531135531,"['feature_selection', 'minmax_scaler', 'pca', 'svm']",0,4,True
1667,balance-scale,balance-scale,11,11,train,0.5424760649495669,0.0075051897205412384,0.05,0.622476064949567,"['feature_selection', 'minmax_scaler', 'pca', 'svm']",0,4,False
1668,eucalyptus,eucalyptus,2079,188,train,0.436114554711046,0.006390674225986004,0.05,0.516114554711046,"['minmax_scaler', 'feature_selection', 'pca', 'knn']",0,4,False
1669,Fashion-MNIST,Fashion-MNIST,146825,40996,train,0.8062780264264611,0.006213026307523251,0.05,0.8862780264264611,"['feature_selection', 'standard_scaler', 'pca', 'svm']",0,4,False
1670,car,car,146821,40975,train,0.5966392406065076,0.011156444787047803,0.05,0.6566392406065077,"['pca', 'feature_selection', 'knn']",0,3,False
1671,analcatdata_authorship,analcatdata_authorship,3549,458,train,0.9149557437898543,0.01018828945234418,0.05,0.9949557437898544,"['minmax_scaler', 'feature_selection', 'pca', 'knn']",0,4,True
1672,dresses-sales,dresses-sales,125920,23381,train,0.44044753086419763,0.0071267041377723215,0.05,0.5204475308641976,"['minmax_scaler', 'feature_selection', 'pca', 'random_forest']",0,4,True
1673,pc4,pc4,3902,1049,train,0.5382040144223943,0.005143523495644331,0.05,0.6182040144223944,"['minmax_scaler', 'feature_selection', 'pca', 'knn']",0,4,True
1674,splice,splice,45,46,train,0.8771944105277436,0.0067409475333988665,0.05,0.9571944105277437,"['minmax_scaler', 'pca', 'feature_selection', 'svm']",0,4,False
1675,wdbc,wdbc,9946,1510,train,0.8863777252429734,0.00634339484386146,0.05,0.9663777252429735,"['minmax_scaler', 'feature_selection', 'pca', 'svm']",0,4,True
1676,credit-approval,credit-approval,29,29,train,0.6967676767676767,0.005800668941810727,0.05,0.7767676767676768,"['minmax_scaler', 'feature_selection', 'pca', 'svm']",0,4,False
1677,har,har,14970,1478,train,0.917391045190841,0.006548253004439175,0.05,0.9773910451908411,"['feature_selection', 'standard_scaler', 'svm']",0,3,False
1678,nomao,nomao,9977,1486,train,0.8590459225627097,0.0054403900168836115,0.05,0.9390459225627098,"['standard_scaler', 'feature_selection', 'pca', 'knn']",0,4,True
1679,wilt,wilt,146820,40983,train,0.43424588792863117,0.005372038437053561,0.05,0.5142458879286311,"['minmax_scaler', 'feature_selection', 'pca', 'knn']",0,4,True
1680,GesturePhaseSegmentationProcessed,GesturePhaseSegmentationProcessed,14969,4538,train,0.2277328584832025,0.005821441009175032,0.05,0.2877328584832025,"['minmax_scaler', 'feature_selection', 'svm']",0,3,True
1681,cmc,cmc,23,23,train,0.32540979242551155,0.006213315390050411,0.05,0.4054097924255115,"['minmax_scaler', 'feature_selection', 'pca', 'svm']",0,4,True
1682,credit-approval,credit-approval,29,29,train,0.5100729927007299,0.004394926130771637,0.05,0.59007299270073,"['feature_selection', 'pca', 'minmax_scaler', 'knn']",0,4,False
1683,banknote-authentication,banknote-authentication,10093,1462,train,0.9101860105656541,0.004859612137079239,0.05,0.9901860105656541,"['pca', 'feature_selection', 'minmax_scaler', 'svm']",0,4,False
1684,cylinder-bands,cylinder-bands,14954,6332,train,0.5782633053221289,0.0065381240099668505,0.05,0.658263305322129,"['standard_scaler', 'feature_selection', 'pca', 'svm']",0,4,False
1685,churn,churn,167141,40701,train,0.5993454223794781,0.007831406407058239,0.05,0.6793454223794781,"['minmax_scaler', 'feature_selection', 'pca', 'knn']",0,4,True
1686,ilpd,ilpd,9971,1480,train,0.5619367434595861,0.0069149899762123825,0.05,0.6419367434595862,"['feature_selection', 'minmax_scaler', 'pca', 'random_forest']",0,4,False
1687,balance-scale,balance-scale,11,11,train,0.5074339401056958,0.0057662674225866795,0.05,0.5874339401056958,"['feature_selection', 'standard_scaler', 'pca', 'knn']",0,4,True
1688,mfeat-fourier,mfeat-fourier,14,14,train,0.8325923088975548,0.005753730016294867,0.05,0.8525923088975548,['knn'],0,1,True
1689,Internet-Advertisements,Internet-Advertisements,167125,40978,train,0.820659577332077,0.006026231031864881,0.05,0.900659577332077,"['standard_scaler', 'feature_selection', 'pca', 'knn']",0,4,True
1690,first-order-theorem-proving,first-order-theorem-proving,9985,1475,train,0.3972976358892343,0.0038790460210293533,0.05,0.47729763588923424,"['standard_scaler', 'feature_selection', 'pca', 'random_forest']",0,4,False
1691,connect-4,connect-4,146195,40668,train,0.5501899942853489,0.005733619816601277,0.05,0.6301899942853489,"['minmax_scaler', 'feature_selection', 'pca', 'svm']",0,4,False
1692,bank-marketing,bank-marketing,14965,1461,train,0.5484194446433491,0.004983969731256366,0.05,0.6284194446433492,"['minmax_scaler', 'feature_selection', 'pca', 'random_forest']",0,4,True
1693,numerai28.6,numerai28.6,167120,23517,train,0.44607937567857403,0.004357722064014524,0.05,0.5060793756785741,"['standard_scaler', 'feature_selection', 'knn']",0,3,True
1694,pc4,pc4,3902,1049,train,0.6418423605244219,0.004307236910487215,0.05,0.6818423605244219,"['standard_scaler', 'random_forest']",0,2,False
1695,analcatdata_authorship,analcatdata_authorship,3549,458,train,0.9199999999999999,0.0047209511511027815,0.05,1.0,"['minmax_scaler', 'feature_selection', 'pca', 'svm']",0,4,True
1696,cnae-9,cnae-9,9981,1468,train,0.8373106048885199,0.007233601529151201,0.05,0.85731060488852,['knn'],0,1,True
1697,car,car,146821,40975,train,0.5766392406065076,0.008563107158988715,0.05,0.6566392406065077,"['feature_selection', 'minmax_scaler', 'pca', 'knn']",0,4,False
1698,splice,splice,45,46,train,0.8763031194938685,0.006038925517350436,0.05,0.9563031194938686,"['standard_scaler', 'feature_selection', 'pca', 'svm']",0,4,False
1699,dresses-sales,dresses-sales,125920,23381,train,0.5582432432432431,0.0058291786117479205,0.05,0.6182432432432432,"['standard_scaler', 'feature_selection', 'svm']",0,3,True
1700,kc2,kc2,3913,1063,train,0.5006680881307746,0.0034680783748626707,0.05,0.5806680881307746,"['feature_selection', 'minmax_scaler', 'pca', 'svm']",0,4,False
1701,mfeat-karhunen,mfeat-karhunen,16,16,train,0.9555687356619157,0.006671105744317174,0.05,0.9755687356619157,['knn'],0,1,True
1702,mfeat-zernike,mfeat-zernike,22,22,train,0.8107004958533077,0.005623876815661788,0.05,0.8307004958533077,['knn'],0,1,True
1703,wall-robot-navigation,wall-robot-navigation,9960,1497,train,0.7522526634526184,0.007849997468292713,0.05,0.8322526634526185,"['minmax_scaler', 'feature_selection', 'pca', 'knn']",0,4,True
1704,Devnagari-Script,Devnagari-Script,167121,40923,train,0.8818164242003736,0.0057099678087979555,0.05,0.9018164242003737,['knn'],0,1,True
1705,credit-g,credit-g,31,31,train,0.5130318754633061,0.005927526950836181,0.05,0.5930318754633062,"['minmax_scaler', 'feature_selection', 'pca', 'svm']",0,4,False
1706,MiceProtein,MiceProtein,146800,40966,train,0.952156862745098,0.0055845264966289205,0.05,0.9921568627450981,"['feature_selection', 'random_forest']",0,2,False
1707,electricity,electricity,219,151,train,0.7353124027185338,0.007360606081783771,0.05,0.8153124027185339,"['standard_scaler', 'feature_selection', 'pca', 'knn']",0,4,True
1708,semeion,semeion,9964,1501,train,0.8790727982453661,0.00858770520426333,0.05,0.8990727982453661,['knn'],0,1,True
1709,isolet,isolet,3481,300,train,0.869801282532608,0.0052293522749096155,0.05,0.889801282532608,['knn'],0,1,True
1710,vowel,vowel,3022,307,train,0.7597033567390462,0.004563490336295217,0.05,0.8197033567390463,"['pca', 'feature_selection', 'knn']",0,3,True
1711,climate-model-simulation-crashes,climate-model-simulation-crashes,146819,40994,train,0.6003493449781658,0.006198540655896067,0.05,0.6803493449781659,"['feature_selection', 'standard_scaler', 'pca', 'knn']",0,4,False
1712,letter,letter,6,6,train,0.9195495070567066,0.004136307397857308,0.05,0.9395495070567066,['knn'],0,1,True
1713,eucalyptus,eucalyptus,2079,188,train,0.43626109896215537,0.00512137352488935,0.05,0.5162610989621553,"['minmax_scaler', 'feature_selection', 'pca', 'svm']",0,4,False
1714,jungle_chess_2pcs_raw_endgame_complete,jungle_chess_2pcs_raw_endgame_complete,167119,41027,train,0.717654460471166,0.004210983961820602,0.05,0.7976544604711661,"['minmax_scaler', 'feature_selection', 'pca', 'random_forest']",0,4,False
1715,sick,sick,3021,38,train,0.40420413122721754,0.005576846934854984,0.05,0.4842041312272175,"['minmax_scaler', 'feature_selection', 'pca', 'svm']",0,4,False
1716,har,har,14970,1478,train,0.8927947373218016,0.004573860811069608,0.05,0.9727947373218017,"['standard_scaler', 'feature_selection', 'pca', 'svm']",0,4,False
1717,jm1,jm1,3904,1053,train,0.512693747344966,0.008158045820891857,0.05,0.592693747344966,"['standard_scaler', 'feature_selection', 'pca', 'knn']",0,4,False
1718,mfeat-pixel,mfeat-pixel,146824,40979,train,0.9577970195141666,0.00785946031101048,0.05,0.9777970195141666,['knn'],0,1,True
1719,mfeat-morphological,mfeat-morphological,18,18,train,0.35223043153940325,0.0043813890079036355,0.05,0.4122304315394033,"['pca', 'feature_selection', 'random_forest']",0,3,True
1720,segment,segment,146822,40984,train,0.6628534186172338,0.005074032535776496,0.05,0.7428534186172339,"['pca', 'feature_selection', 'minmax_scaler', 'random_forest']",0,4,False
1721,analcatdata_dmft,analcatdata_dmft,3560,469,train,0.11375308476624607,0.0047502020373940464,0.05,0.1937530847662461,"['pca', 'feature_selection', 'minmax_scaler', 'knn']",0,4,False
1722,ozone-level-8hr,ozone-level-8hr,9978,1487,train,0.40369565217391307,0.007211335701867938,0.05,0.483695652173913,"['minmax_scaler', 'feature_selection', 'pca', 'svm']",0,4,True
1723,kr-vs-kp,kr-vs-kp,3,3,train,0.8976998945474846,0.005789407761767507,0.05,0.9776998945474846,"['standard_scaler', 'feature_selection', 'pca', 'svm']",0,4,False
1724,blood-transfusion-service-center,blood-transfusion-service-center,10101,1464,train,0.6013210495124185,0.006333059817552567,0.05,0.6813210495124186,"['standard_scaler', 'feature_selection', 'pca', 'knn']",0,4,False
1725,wilt,wilt,146820,40983,train,0.46350918424144966,0.006502202711999416,0.05,0.5435091842414497,"['standard_scaler', 'feature_selection', 'pca', 'knn']",0,4,True
1726,pc1,pc1,3918,1068,train,0.5781897730380092,0.006079442705959082,0.05,0.6581897730380093,"['standard_scaler', 'feature_selection', 'pca', 'knn']",0,4,True
1727,adult,adult,7592,1590,train,0.6570245238494785,0.006485983310267329,0.05,0.7370245238494786,"['minmax_scaler', 'feature_selection', 'pca', 'random_forest']",0,4,True
1728,dna,dna,167140,40670,train,0.7825541598883922,0.009164805617183447,0.05,0.8625541598883922,"['standard_scaler', 'feature_selection', 'pca', 'random_forest']",0,4,False
1729,mfeat-factors,mfeat-factors,12,12,train,0.8357700906395882,0.005777363820622365,0.05,0.8757700906395882,"['feature_selection', 'svm']",0,2,True
1730,satimage,satimage,2074,182,train,0.8101812216636612,0.00735510466620326,0.05,0.8901812216636613,"['minmax_scaler', 'feature_selection', 'pca', 'random_forest']",0,4,False
1731,texture,texture,125922,40499,train,0.9719431646206551,0.005910552805289626,0.05,0.9919431646206551,['svm'],0,1,True
1732,CIFAR_10,CIFAR_10,167124,40927,train,0.45343419511218663,0.0067229258827865125,0.05,0.5334341951121866,"['feature_selection', 'minmax_scaler', 'pca', 'svm']",0,4,False
1733,breast-w,breast-w,15,15,train,0.8921094439541041,0.006039701728150248,0.05,0.9721094439541041,"['pca', 'feature_selection', 'minmax_scaler', 'knn']",0,4,False
1734,PhishingWebsites,PhishingWebsites,14952,4534,train,0.8657059397705829,0.006635745754465461,0.05,0.9457059397705829,"['standard_scaler', 'feature_selection', 'pca', 'knn']",0,4,True
1735,nomao,nomao,9977,1486,train,0.8999563281918574,0.007799268700182438,0.05,0.9599563281918575,"['standard_scaler', 'feature_selection', 'random_forest']",0,3,False
1736,wdbc,wdbc,9946,1510,train,0.8458830341632888,0.008873771410435438,0.05,0.9258830341632889,"['standard_scaler', 'feature_selection', 'pca', 'random_forest']",0,4,False
1737,tic-tac-toe,tic-tac-toe,49,50,train,0.8159194542365144,0.004609448998235166,0.05,0.8959194542365144,"['standard_scaler', 'feature_selection', 'pca', 'svm']",0,4,True
1738,mnist_784,mnist_784,3573,554,train,0.8671844329115537,0.004953331872820854,0.05,0.9471844329115537,"['standard_scaler', 'pca', 'feature_selection', 'knn']",0,4,False
1739,Fashion-MNIST,Fashion-MNIST,146825,40996,train,0.8167713542185824,0.004436462419107556,0.05,0.8767713542185824,"['minmax_scaler', 'feature_selection', 'random_forest']",0,3,False
1740,mfeat-karhunen,mfeat-karhunen,16,16,train,0.9555687356619157,0.008402676321566105,0.05,0.9755687356619157,['knn'],0,1,True
1741,mfeat-pixel,mfeat-pixel,146824,40979,train,0.9577970195141666,0.005010930355638266,0.05,0.9777970195141666,['knn'],0,1,True
1742,isolet,isolet,3481,300,train,0.869801282532608,0.004373283823952079,0.05,0.889801282532608,['knn'],0,1,True
1743,climate-model-simulation-crashes,climate-model-simulation-crashes,146819,40994,train,0.6003493449781658,0.004678974486887455,0.05,0.6803493449781659,"['feature_selection', 'standard_scaler', 'pca', 'knn']",0,4,True
1744,first-order-theorem-proving,first-order-theorem-proving,9985,1475,train,0.3972976358892343,0.00829851725138724,0.05,0.47729763588923424,"['standard_scaler', 'feature_selection', 'pca', 'random_forest']",0,4,True
1745,har,har,14970,1478,train,0.8927947373218016,0.004997554700821638,0.05,0.9727947373218017,"['standard_scaler', 'feature_selection', 'pca', 'svm']",0,4,True
1746,connect-4,connect-4,146195,40668,train,0.461407511304656,0.004063978022895753,0.05,0.541407511304656,"['standard_scaler', 'feature_selection', 'pca', 'random_forest']",0,4,False
1747,segment,segment,146822,40984,train,0.9031466907479032,0.005002120742574334,0.05,0.9231466907479032,['random_forest'],0,1,True
1748,electricity,electricity,219,151,train,0.7353124027185338,0.004669261979870498,0.05,0.8153124027185339,"['standard_scaler', 'feature_selection', 'pca', 'knn']",0,4,True
1749,eucalyptus,eucalyptus,2079,188,train,0.436114554711046,0.005025840946473181,0.05,0.516114554711046,"['minmax_scaler', 'feature_selection', 'pca', 'knn']",0,4,True
1750,breast-w,breast-w,15,15,train,0.8921094439541041,0.004302643053233623,0.05,0.9721094439541041,"['pca', 'feature_selection', 'minmax_scaler', 'knn']",0,4,True
1751,balance-scale,balance-scale,11,11,train,0.5824760649495669,0.004511592521642645,0.05,0.622476064949567,"['standard_scaler', 'svm']",0,2,True
1752,tic-tac-toe,tic-tac-toe,49,50,train,0.8334528698787939,0.005004117963835597,0.05,0.9134528698787939,"['minmax_scaler', 'feature_selection', 'pca', 'svm']",0,4,False
1753,banknote-authentication,banknote-authentication,10093,1462,train,0.9101860105656541,0.005606821365654468,0.05,0.9901860105656541,"['pca', 'feature_selection', 'standard_scaler', 'svm']",0,4,False
1754,cmc,cmc,23,23,train,0.3435884037059786,0.006553854141384363,0.05,0.42358840370597856,"['feature_selection', 'minmax_scaler', 'pca', 'random_forest']",0,4,False
1755,nomao,nomao,9977,1486,train,0.8590459225627097,0.004442784190177918,0.05,0.9390459225627098,"['standard_scaler', 'feature_selection', 'pca', 'knn']",0,4,True
1756,jungle_chess_2pcs_raw_endgame_complete,jungle_chess_2pcs_raw_endgame_complete,167119,41027,train,0.717654460471166,0.004548623785376548,0.05,0.7976544604711661,"['minmax_scaler', 'feature_selection', 'pca', 'random_forest']",0,4,True
1757,MiceProtein,MiceProtein,146800,40966,train,0.952156862745098,0.0058028918380538625,0.05,0.9921568627450981,"['feature_selection', 'random_forest']",0,2,True
1758,credit-approval,credit-approval,29,29,train,0.5037982051903953,0.005468303011730314,0.05,0.5837982051903954,"['pca', 'feature_selection', 'minmax_scaler', 'svm']",0,4,False
1759,PhishingWebsites,PhishingWebsites,14952,4534,train,0.8657059397705829,0.004842388397082687,0.05,0.9457059397705829,"['standard_scaler', 'feature_selection', 'pca', 'knn']",0,4,True
1760,churn,churn,167141,40701,train,0.6882724096964603,0.005315215419977903,0.05,0.7682724096964604,"['standard_scaler', 'feature_selection', 'pca', 'random_forest']",0,4,False
1761,adult,adult,7592,1590,train,0.66037585119189,0.005832381453365088,0.05,0.7403758511918901,"['minmax_scaler', 'feature_selection', 'pca', 'knn']",0,4,True
1762,numerai28.6,numerai28.6,167120,23517,train,0.421333917691626,0.005487359315156937,0.05,0.5013339176916259,"['standard_scaler', 'feature_selection', 'pca', 'knn']",0,4,True
1763,dna,dna,167140,40670,train,0.8675677922072896,0.00721526462584734,0.05,0.9475677922072897,"['minmax_scaler', 'feature_selection', 'pca', 'svm']",0,4,True
1764,pc4,pc4,3902,1049,train,0.4960053104147015,0.00687360311858356,0.05,0.5760053104147015,"['minmax_scaler', 'feature_selection', 'pca', 'svm']",0,4,True
1765,ilpd,ilpd,9971,1480,train,0.33517857142857144,0.00597958592697978,0.05,0.4151785714285714,"['pca', 'feature_selection', 'minmax_scaler', 'svm']",0,4,False
1766,mnist_784,mnist_784,3573,554,train,0.8671844329115537,0.006726821046322584,0.05,0.9471844329115537,"['standard_scaler', 'feature_selection', 'pca', 'knn']",0,4,False
1767,semeion,semeion,9964,1501,train,0.8790727982453661,0.004085213877260685,0.05,0.8990727982453661,['knn'],0,1,True
1768,kc2,kc2,3913,1063,train,0.43905015062909813,0.008876255201175808,0.05,0.5190501506290981,"['feature_selection', 'pca', 'standard_scaler', 'svm']",0,4,False
1769,kr-vs-kp,kr-vs-kp,3,3,train,0.8655895964188209,0.007296623941510916,0.05,0.945589596418821,"['feature_selection', 'pca', 'minmax_scaler', 'random_forest']",0,4,False
1770,Devnagari-Script,Devnagari-Script,167121,40923,train,0.8818164242003736,0.004859722917899489,0.05,0.9018164242003737,['knn'],0,1,True
1771,car,car,146821,40975,train,0.634185679943388,0.005935921333730221,0.05,0.7141856799433881,"['feature_selection', 'minmax_scaler', 'pca', 'random_forest']",0,4,True
1772,mfeat-zernike,mfeat-zernike,22,22,train,0.8107004958533077,0.007907453225925565,0.05,0.8307004958533077,['knn'],0,1,True
1773,wdbc,wdbc,9946,1510,train,0.816103896103896,0.006395979644730687,0.05,0.8961038961038961,"['pca', 'feature_selection', 'minmax_scaler', 'svm']",0,4,False
1774,Fashion-MNIST,Fashion-MNIST,146825,40996,train,0.8062780264264611,0.004788649408146739,0.05,0.8862780264264611,"['standard_scaler', 'pca', 'feature_selection', 'svm']",0,4,False
1775,pc1,pc1,3918,1068,train,0.45496006127585076,0.006239903112873435,0.05,0.5349600612758507,"['feature_selection', 'standard_scaler', 'pca', 'svm']",0,4,True
1776,mfeat-morphological,mfeat-morphological,18,18,train,0.35223043153940325,0.003478713217191398,0.05,0.4122304315394033,"['pca', 'feature_selection', 'random_forest']",0,3,True
1777,letter,letter,6,6,train,0.9195495070567066,0.005580775672569871,0.05,0.9395495070567066,['knn'],0,1,True
1778,cylinder-bands,cylinder-bands,14954,6332,train,0.573900709219858,0.005507451063022017,0.05,0.6539007092198581,"['feature_selection', 'pca', 'minmax_scaler', 'knn']",0,4,False
1779,mfeat-fourier,mfeat-fourier,14,14,train,0.7780415409974837,0.006876707775518298,0.05,0.8380415409974837,"['feature_selection', 'pca', 'knn']",0,3,False
1780,dresses-sales,dresses-sales,125920,23381,train,0.5796662596662596,0.00536955981515348,0.05,0.6596662596662597,"['feature_selection', 'minmax_scaler', 'pca', 'knn']",0,4,True
1781,satimage,satimage,2074,182,train,0.806703283244394,0.008182552363723516,0.05,0.8867032832443941,"['standard_scaler', 'feature_selection', 'pca', 'random_forest']",0,4,False
1782,splice,splice,45,46,train,0.688895548224428,0.0062718640081584455,0.05,0.7688955482244281,"['standard_scaler', 'feature_selection', 'pca', 'knn']",0,4,False
1783,Internet-Advertisements,Internet-Advertisements,167125,40978,train,0.8502179302179302,0.005034285690635442,0.05,0.9302179302179303,"['feature_selection', 'minmax_scaler', 'pca', 'random_forest']",0,4,False
1784,analcatdata_authorship,analcatdata_authorship,3549,458,train,0.9199999999999999,0.005740580009296536,0.05,1.0,"['standard_scaler', 'feature_selection', 'pca', 'svm']",0,4,False
1785,wilt,wilt,146820,40983,train,0.8117817896389325,0.00719989970093593,0.05,0.8717817896389326,"['minmax_scaler', 'feature_selection', 'random_forest']",0,3,True
1786,analcatdata_dmft,analcatdata_dmft,3560,469,train,0.12439495039278378,0.006414526049047709,0.05,0.2043949503927838,"['pca', 'feature_selection', 'minmax_scaler', 'svm']",0,4,False
1787,mfeat-factors,mfeat-factors,12,12,train,0.8557700906395882,0.00819723354652524,0.05,0.8757700906395882,['svm'],0,1,True
1788,sick,sick,3021,38,train,0.49607989071553066,0.005215186579152942,0.05,0.5760798907155307,"['standard_scaler', 'feature_selection', 'pca', 'svm']",0,4,False
1789,cnae-9,cnae-9,9981,1468,train,0.785370181824896,0.0057461640099063516,0.05,0.8453701818248961,"['feature_selection', 'pca', 'knn']",0,3,False
1790,credit-g,credit-g,31,31,train,0.5179532163742689,0.005486921267583966,0.05,0.597953216374269,"['standard_scaler', 'feature_selection', 'pca', 'knn']",0,4,False
1791,ozone-level-8hr,ozone-level-8hr,9978,1487,train,0.40369565217391307,0.00786796323955059,0.05,0.483695652173913,"['minmax_scaler', 'feature_selection', 'pca', 'svm']",0,4,True
1792,blood-transfusion-service-center,blood-transfusion-service-center,10101,1464,train,0.4869563279857397,0.006459970586001873,0.05,0.5669563279857397,"['pca', 'feature_selection', 'minmax_scaler', 'knn']",0,4,False
1793,texture,texture,125922,40499,train,0.9719431646206551,0.0027290883008390665,0.05,0.9919431646206551,['svm'],0,1,True
1794,vowel,vowel,3022,307,train,0.7597033567390462,0.004685139749199152,0.05,0.8197033567390463,"['pca', 'feature_selection', 'knn']",0,3,True
1795,jm1,jm1,3904,1053,train,0.512693747344966,0.006771745253354311,0.05,0.592693747344966,"['standard_scaler', 'feature_selection', 'pca', 'knn']",0,4,True
1796,GesturePhaseSegmentationProcessed,GesturePhaseSegmentationProcessed,14969,4538,train,0.42884764790150753,0.005786702642217279,0.05,0.5088476479015075,"['standard_scaler', 'feature_selection', 'pca', 'random_forest']",0,4,True
1797,CIFAR_10,CIFAR_10,167124,40927,train,0.4580427782579436,0.0048950949218124155,0.05,0.5380427782579436,"['feature_selection', 'standard_scaler', 'pca', 'svm']",0,4,False
1798,wall-robot-navigation,wall-robot-navigation,9960,1497,train,0.7832327123651053,0.0067531778011471035,0.05,0.8632327123651053,"['minmax_scaler', 'feature_selection', 'pca', 'svm']",0,4,False
1799,bank-marketing,bank-marketing,14965,1461,train,0.5345316523049468,0.003810315113514662,0.05,0.6145316523049469,"['minmax_scaler', 'feature_selection', 'pca', 'svm']",0,4,False
1800,PhishingWebsites,PhishingWebsites,14952,4534,train,0.8783136215977543,0.0053527126088738445,0.05,0.9583136215977544,"['standard_scaler', 'pca', 'feature_selection', 'svm']",0,4,False
1801,analcatdata_dmft,analcatdata_dmft,3560,469,train,0.0863483629294477,0.0046358557883650064,0.05,0.1463483629294477,"['pca', 'feature_selection', 'random_forest']",0,3,False
1802,ilpd,ilpd,9971,1480,train,0.5064898989898988,0.0057553770951926705,0.05,0.5864898989898989,"['pca', 'feature_selection', 'minmax_scaler', 'random_forest']",0,4,False
1803,letter,letter,6,6,train,0.9396450989680648,0.009126473916694522,0.05,0.9596450989680648,['random_forest'],0,1,True
1804,dna,dna,167140,40670,train,0.7012876420349013,0.005893296794965863,0.05,0.7612876420349014,"['minmax_scaler', 'feature_selection', 'knn']",0,3,False
1805,churn,churn,167141,40701,train,0.5993454223794781,0.0063856268301606175,0.05,0.6793454223794781,"['minmax_scaler', 'feature_selection', 'pca', 'knn']",0,4,True
1806,electricity,electricity,219,151,train,0.7353124027185338,0.0040829047095030544,0.05,0.8153124027185339,"['standard_scaler', 'feature_selection', 'pca', 'knn']",0,4,True
1807,banknote-authentication,banknote-authentication,10093,1462,train,0.9101860105656541,0.005328912334516644,0.05,0.9901860105656541,"['pca', 'feature_selection', 'standard_scaler', 'svm']",0,4,True
1808,mfeat-pixel,mfeat-pixel,146824,40979,train,0.9400170983936368,0.005273300999154647,0.05,0.9800170983936368,"['feature_selection', 'svm']",0,2,False
1809,wdbc,wdbc,9946,1510,train,0.846285953060798,0.0038372331764549017,0.05,0.866285953060798,['svm'],0,1,True
1810,mfeat-morphological,mfeat-morphological,18,18,train,0.35223043153940325,0.006936572142876685,0.05,0.4122304315394033,"['pca', 'feature_selection', 'random_forest']",0,3,True
1811,texture,texture,125922,40499,train,0.9550832992800269,0.0040869832737371325,0.05,0.9750832992800269,['random_forest'],0,1,True
1812,tic-tac-toe,tic-tac-toe,49,50,train,0.731266447368421,0.0053668909706175326,0.05,0.811266447368421,"['pca', 'standard_scaler', 'feature_selection', 'random_forest']",0,4,False
1813,MiceProtein,MiceProtein,146800,40966,train,0.8991461379116288,0.004362777713686228,0.05,0.9791461379116289,"['feature_selection', 'pca', 'minmax_scaler', 'random_forest']",0,4,False
1814,mfeat-zernike,mfeat-zernike,22,22,train,0.7772077101672421,0.0046245007154842215,0.05,0.8172077101672421,"['minmax_scaler', 'knn']",0,2,True
1815,splice,splice,45,46,train,0.8247983755010534,0.007055945275351405,0.05,0.9047983755010535,"['standard_scaler', 'pca', 'feature_selection', 'random_forest']",0,4,False
1816,connect-4,connect-4,146195,40668,train,0.4581240472688909,0.004898840235546232,0.05,0.5381240472688908,"['minmax_scaler', 'feature_selection', 'pca', 'random_forest']",0,4,True
1817,Internet-Advertisements,Internet-Advertisements,167125,40978,train,0.8495810291109884,0.007531649991869926,0.05,0.9295810291109885,"['minmax_scaler', 'feature_selection', 'pca', 'svm']",0,4,False
1818,vowel,vowel,3022,307,train,0.7761924944113231,0.004163988943522175,0.05,0.8161924944113231,"['feature_selection', 'svm']",0,2,False
1819,adult,adult,7592,1590,train,0.6912593185570619,0.004260553559288382,0.05,0.771259318557062,"['standard_scaler', 'feature_selection', 'pca', 'svm']",0,4,False
1820,analcatdata_authorship,analcatdata_authorship,3549,458,train,0.911299312501844,0.003708046907559037,0.05,0.9912993125018441,"['standard_scaler', 'feature_selection', 'pca', 'random_forest']",0,4,True
1821,jm1,jm1,3904,1053,train,0.4501331579812593,0.0059850980062037705,0.05,0.5301331579812593,"['minmax_scaler', 'feature_selection', 'pca', 'svm']",0,4,False
1822,balance-scale,balance-scale,11,11,train,0.5495149638802889,0.0056167678907513615,0.05,0.6295149638802889,"['feature_selection', 'pca', 'minmax_scaler', 'svm']",0,4,False
1823,mfeat-factors,mfeat-factors,12,12,train,0.8357700906395882,0.0059163969320555525,0.05,0.8757700906395882,"['feature_selection', 'svm']",0,2,True
1824,cylinder-bands,cylinder-bands,14954,6332,train,0.5893889085128929,0.0036739541683346033,0.05,0.629388908512893,"['feature_selection', 'knn']",0,2,True
1825,breast-w,breast-w,15,15,train,0.8921094439541041,0.0073252923786640166,0.05,0.9721094439541041,"['pca', 'feature_selection', 'minmax_scaler', 'knn']",0,4,True
1826,satimage,satimage,2074,182,train,0.8101812216636612,0.005938414018601179,0.05,0.8901812216636613,"['minmax_scaler', 'feature_selection', 'pca', 'random_forest']",0,4,True
1827,cnae-9,cnae-9,9981,1468,train,0.8740038781928745,0.00732737189779679,0.05,0.9140038781928745,"['feature_selection', 'svm']",0,2,False
1828,isolet,isolet,3481,300,train,0.9235024556674343,0.005988277727738023,0.05,0.9435024556674343,['random_forest'],0,1,True
1829,credit-approval,credit-approval,29,29,train,0.4968181818181818,0.0038447162369266152,0.05,0.5568181818181819,"['feature_selection', 'pca', 'random_forest']",0,3,False
1830,climate-model-simulation-crashes,climate-model-simulation-crashes,146819,40994,train,0.6368944099378882,0.004693904658779502,0.05,0.6968944099378882,"['feature_selection', 'standard_scaler', 'knn']",0,3,False
1831,jungle_chess_2pcs_raw_endgame_complete,jungle_chess_2pcs_raw_endgame_complete,167119,41027,train,0.5988141037374256,0.006296309502795338,0.05,0.6788141037374257,"['standard_scaler', 'feature_selection', 'pca', 'knn']",0,4,True
1832,segment,segment,146822,40984,train,0.6197207175570898,0.005638524948153645,0.05,0.6797207175570898,"['pca', 'feature_selection', 'knn']",0,3,True
1833,credit-g,credit-g,31,31,train,0.4868449197860962,0.008394127897918224,0.05,0.5668449197860962,"['minmax_scaler', 'pca', 'feature_selection', 'knn']",0,4,False
1834,Fashion-MNIST,Fashion-MNIST,146825,40996,train,0.8131519096989888,0.004822936793789268,0.05,0.8931519096989888,"['feature_selection', 'pca', 'standard_scaler', 'svm']",0,4,False
1835,Devnagari-Script,Devnagari-Script,167121,40923,train,0.9154353510216617,0.005698906956240535,0.05,0.9354353510216618,['svm'],0,1,True
1836,kr-vs-kp,kr-vs-kp,3,3,train,0.8516970560580062,0.005999660189263523,0.05,0.9316970560580062,"['feature_selection', 'pca', 'standard_scaler', 'knn']",0,4,False
1837,car,car,146821,40975,train,0.7111361961994872,0.00584742221981287,0.05,0.7911361961994873,"['standard_scaler', 'feature_selection', 'pca', 'random_forest']",0,4,False
1838,mfeat-fourier,mfeat-fourier,14,14,train,0.8070056981911784,0.003575852490030229,0.05,0.8270056981911784,['random_forest'],0,1,True
1839,numerai28.6,numerai28.6,167120,23517,train,0.421333917691626,0.003774729836732149,0.05,0.5013339176916259,"['standard_scaler', 'feature_selection', 'pca', 'knn']",0,4,True
1840,GesturePhaseSegmentationProcessed,GesturePhaseSegmentationProcessed,14969,4538,train,0.30948738408132254,0.0037397254258394242,0.05,0.3894873840813225,"['standard_scaler', 'feature_selection', 'pca', 'svm']",0,4,False
1841,bank-marketing,bank-marketing,14965,1461,train,0.5345316523049468,0.00511228539980948,0.05,0.6145316523049469,"['minmax_scaler', 'feature_selection', 'pca', 'svm']",0,4,True
1842,semeion,semeion,9964,1501,train,0.9156931871239985,0.005686459286759297,0.05,0.9556931871239985,"['feature_selection', 'svm']",0,2,False
1843,blood-transfusion-service-center,blood-transfusion-service-center,10101,1464,train,0.4869563279857397,0.008012459613382816,0.05,0.5669563279857397,"['feature_selection', 'pca', 'minmax_scaler', 'knn']",0,4,False
1844,CIFAR_10,CIFAR_10,167124,40927,train,0.3569186274263862,0.005328950588591397,0.05,0.43691862742638615,"['standard_scaler', 'pca', 'feature_selection', 'random_forest']",0,4,False
1845,sick,sick,3021,38,train,0.5160798907155306,0.004733089648652822,0.05,0.5760798907155307,"['standard_scaler', 'pca', 'svm']",0,3,False
1846,mfeat-karhunen,mfeat-karhunen,16,16,train,0.942266485276634,0.005309747687230508,0.05,0.9822664852766341,"['feature_selection', 'svm']",0,2,False
1847,eucalyptus,eucalyptus,2079,188,train,0.43903238881539075,0.0050237014889717106,0.05,0.5190323888153907,"['standard_scaler', 'feature_selection', 'pca', 'svm']",0,4,False
1848,nomao,nomao,9977,1486,train,0.8667306925634329,0.004960239166393876,0.05,0.946730692563433,"['standard_scaler', 'feature_selection', 'pca', 'random_forest']",0,4,False
1849,pc1,pc1,3918,1068,train,0.5781897730380092,0.004658776661381125,0.05,0.6581897730380093,"['feature_selection', 'minmax_scaler', 'pca', 'knn']",0,4,False
1850,dresses-sales,dresses-sales,125920,23381,train,0.4983582089552239,0.003918272396549583,0.05,0.5783582089552239,"['feature_selection', 'pca', 'minmax_scaler', 'knn']",0,4,False
1851,pc4,pc4,3902,1049,train,0.5813160612034168,0.0026346106082201005,0.05,0.6613160612034169,"['standard_scaler', 'feature_selection', 'pca', 'svm']",0,4,False
1852,wilt,wilt,146820,40983,train,0.45032799055409833,0.004732976551167667,0.05,0.5303279905540983,"['standard_scaler', 'feature_selection', 'pca', 'random_forest']",0,4,False
1853,wall-robot-navigation,wall-robot-navigation,9960,1497,train,0.9678933336618712,0.011514182668179274,0.05,0.9878933336618713,['random_forest'],0,1,True
1854,har,har,14970,1478,train,0.89370282895986,0.006164505332708359,0.05,0.97370282895986,"['minmax_scaler', 'pca', 'feature_selection', 'svm']",0,4,False
1855,ozone-level-8hr,ozone-level-8hr,9978,1487,train,0.4572050816696914,0.006407783785834909,0.05,0.5372050816696914,"['minmax_scaler', 'feature_selection', 'pca', 'random_forest']",0,4,True
1856,kc2,kc2,3913,1063,train,0.43905015062909813,0.004848068905994296,0.05,0.5190501506290981,"['feature_selection', 'pca', 'minmax_scaler', 'svm']",0,4,False
1857,cmc,cmc,23,23,train,0.32540979242551155,0.0051307466346770525,0.05,0.4054097924255115,"['minmax_scaler', 'feature_selection', 'pca', 'svm']",0,4,True
1858,first-order-theorem-proving,first-order-theorem-proving,9985,1475,train,0.40721610622876653,0.007904304098337889,0.05,0.4872161062287665,"['minmax_scaler', 'feature_selection', 'pca', 'random_forest']",0,4,False
1859,mnist_784,mnist_784,3573,554,train,0.9007814793236634,0.00654973522759974,0.05,0.9807814793236634,"['minmax_scaler', 'pca', 'feature_selection', 'svm']",0,4,False
1860,dna,dna,167140,40670,train,0.8675677922072896,0.0066370482090860605,0.05,0.9475677922072897,"['minmax_scaler', 'pca', 'feature_selection', 'svm']",0,4,False
1861,jungle_chess_2pcs_raw_endgame_complete,jungle_chess_2pcs_raw_endgame_complete,167119,41027,train,0.6709401096447679,0.00482169627211988,0.05,0.750940109644768,"['minmax_scaler', 'feature_selection', 'pca', 'svm']",0,4,False
1862,isolet,isolet,3481,300,train,0.946933827324566,0.010608321987092495,0.05,0.966933827324566,['svm'],0,1,True
1863,blood-transfusion-service-center,blood-transfusion-service-center,10101,1464,train,0.4869563279857397,0.0063920835964381695,0.05,0.5669563279857397,"['pca', 'feature_selection', 'standard_scaler', 'knn']",0,4,False
1864,mfeat-morphological,mfeat-morphological,18,18,train,0.37619566871878,0.006830707425251603,0.05,0.39619566871878004,['svm'],0,1,True
1865,ilpd,ilpd,9971,1480,train,0.37920070267896355,0.007098654797300696,0.05,0.4592007026789635,"['pca', 'feature_selection', 'minmax_scaler', 'knn']",0,4,False
1866,wdbc,wdbc,9946,1510,train,0.8112062765609676,0.006087525514885783,0.05,0.8912062765609676,"['feature_selection', 'pca', 'standard_scaler', 'knn']",0,4,False
1867,numerai28.6,numerai28.6,167120,23517,train,0.421333917691626,0.005537874670699239,0.05,0.5013339176916259,"['standard_scaler', 'feature_selection', 'pca', 'knn']",0,4,True
1868,mnist_784,mnist_784,3573,554,train,0.9007814793236634,0.005880163749679923,0.05,0.9807814793236634,"['minmax_scaler', 'pca', 'feature_selection', 'svm']",0,4,True
1869,letter,letter,6,6,train,0.9025431061109469,0.007975360844284296,0.05,0.9225431061109469,['svm'],0,1,True
1870,PhishingWebsites,PhishingWebsites,14952,4534,train,0.8657059397705829,0.006859182985499502,0.05,0.9457059397705829,"['standard_scaler', 'feature_selection', 'pca', 'knn']",0,4,True
1871,cmc,cmc,23,23,train,0.3992731221388779,0.007610362333556016,0.05,0.4392731221388779,"['pca', 'svm']",0,2,False
1872,credit-g,credit-g,31,31,train,0.5137428186861889,0.004382543778046965,0.05,0.593742818686189,"['minmax_scaler', 'pca', 'feature_selection', 'random_forest']",0,4,False
1873,eucalyptus,eucalyptus,2079,188,train,0.43626109896215537,0.004659050749614835,0.05,0.5162610989621553,"['minmax_scaler', 'pca', 'feature_selection', 'svm']",0,4,False
1874,electricity,electricity,219,151,train,0.7353124027185338,0.003954628761857748,0.05,0.8153124027185339,"['standard_scaler', 'feature_selection', 'pca', 'knn']",0,4,True
1875,dresses-sales,dresses-sales,125920,23381,train,0.47796586059743956,0.004584130411967635,0.05,0.5579658605974396,"['feature_selection', 'pca', 'minmax_scaler', 'svm']",0,4,False
1876,connect-4,connect-4,146195,40668,train,0.4581240472688909,0.005006908997893333,0.05,0.5381240472688908,"['minmax_scaler', 'feature_selection', 'pca', 'random_forest']",0,4,True
1877,kr-vs-kp,kr-vs-kp,3,3,train,0.8976998945474846,0.004117150325328112,0.05,0.9776998945474846,"['standard_scaler', 'pca', 'feature_selection', 'svm']",0,4,False
1878,balance-scale,balance-scale,11,11,train,0.5495149638802889,0.00643733786419034,0.05,0.6295149638802889,"['feature_selection', 'pca', 'minmax_scaler', 'svm']",0,4,True
1879,climate-model-simulation-crashes,climate-model-simulation-crashes,146819,40994,train,0.47311355311355313,0.0076062620151788,0.05,0.5531135531135531,"['feature_selection', 'pca', 'minmax_scaler', 'svm']",0,4,False
1880,jm1,jm1,3904,1053,train,0.512693747344966,0.004347788216546178,0.05,0.592693747344966,"['standard_scaler', 'feature_selection', 'pca', 'knn']",0,4,True
1881,texture,texture,125922,40499,train,0.818538837083793,0.0099340412998572,0.05,0.8785388370837931,"['pca', 'feature_selection', 'random_forest']",0,3,False
1882,nomao,nomao,9977,1486,train,0.8590459225627097,0.005828274367377162,0.05,0.9390459225627098,"['standard_scaler', 'feature_selection', 'pca', 'knn']",0,4,True
1883,wall-robot-navigation,wall-robot-navigation,9960,1497,train,0.7849627177251062,0.003440124890767038,0.05,0.8649627177251062,"['standard_scaler', 'feature_selection', 'pca', 'svm']",0,4,False
1884,analcatdata_dmft,analcatdata_dmft,3560,469,train,0.07817725638067566,0.004700357187539339,0.05,0.15817725638067567,"['pca', 'feature_selection', 'standard_scaler', 'svm']",0,4,False
1885,adult,adult,7592,1590,train,0.6570245238494785,0.005248778522945941,0.05,0.7370245238494786,"['minmax_scaler', 'feature_selection', 'pca', 'random_forest']",0,4,True
1886,pc4,pc4,3902,1049,train,0.6173052787006275,0.004945105267688632,0.05,0.6973052787006275,"['standard_scaler', 'feature_selection', 'pca', 'random_forest']",0,4,False
1887,mfeat-zernike,mfeat-zernike,22,22,train,0.7660314682126085,0.004896431928500533,0.05,0.7860314682126085,['random_forest'],0,1,True
1888,banknote-authentication,banknote-authentication,10093,1462,train,0.9367192228061791,0.005178404855541885,0.05,0.9967192228061792,"['feature_selection', 'pca', 'random_forest']",0,3,False
1889,satimage,satimage,2074,182,train,0.8032603083013382,0.004176294757053256,0.05,0.8832603083013383,"['minmax_scaler', 'feature_selection', 'pca', 'knn']",0,4,True
1890,sick,sick,3021,38,train,0.4716763766372049,0.00490733734332025,0.05,0.5516763766372049,"['minmax_scaler', 'feature_selection', 'pca', 'knn']",0,4,True
1891,ozone-level-8hr,ozone-level-8hr,9978,1487,train,0.40369565217391307,0.005278689367696643,0.05,0.483695652173913,"['minmax_scaler', 'feature_selection', 'pca', 'svm']",0,4,True
1892,bank-marketing,bank-marketing,14965,1461,train,0.5345316523049468,0.0030301294289529325,0.05,0.6145316523049469,"['minmax_scaler', 'feature_selection', 'pca', 'svm']",0,4,True
1893,car,car,146821,40975,train,0.9151110581357987,0.004102460807189345,0.05,0.9351110581357988,['svm'],0,1,True
1894,segment,segment,146822,40984,train,0.6197207175570898,0.0025171222805511206,0.05,0.6797207175570898,"['feature_selection', 'pca', 'knn']",0,3,False
1895,credit-approval,credit-approval,29,29,train,0.4968181818181818,0.0042956064571626484,0.05,0.5568181818181819,"['feature_selection', 'pca', 'random_forest']",0,3,True
1896,mfeat-factors,mfeat-factors,12,12,train,0.9445847245627411,0.005854477058164775,0.05,0.9645847245627411,['random_forest'],0,1,True
1897,churn,churn,167141,40701,train,0.824628078216103,0.009371257852762938,0.05,0.884628078216103,"['minmax_scaler', 'feature_selection', 'random_forest']",0,3,True
1898,har,har,14970,1478,train,0.8927947373218016,0.003757117968052626,0.05,0.9727947373218017,"['standard_scaler', 'pca', 'feature_selection', 'svm']",0,4,False
1899,GesturePhaseSegmentationProcessed,GesturePhaseSegmentationProcessed,14969,4538,train,0.30948738408132254,0.005593005381524563,0.05,0.3894873840813225,"['standard_scaler', 'feature_selection', 'pca', 'svm']",0,4,True
1900,Internet-Advertisements,Internet-Advertisements,167125,40978,train,0.8065488086087624,0.003842640947550535,0.05,0.8865488086087625,"['minmax_scaler', 'feature_selection', 'pca', 'knn']",0,4,False
1901,wilt,wilt,146820,40983,train,0.43424588792863117,0.005212958762422204,0.05,0.5142458879286311,"['minmax_scaler', 'feature_selection', 'pca', 'knn']",0,4,True
1902,cylinder-bands,cylinder-bands,14954,6332,train,0.573900709219858,0.005470388103276491,0.05,0.6539007092198581,"['feature_selection', 'pca', 'minmax_scaler', 'knn']",0,4,True
1903,splice,splice,45,46,train,0.809834808254414,0.006226938776671886,0.05,0.8898348082544141,"['minmax_scaler', 'pca', 'feature_selection', 'random_forest']",0,4,False
1904,mfeat-fourier,mfeat-fourier,14,14,train,0.7423181776311791,0.00789035321213305,0.05,0.8223181776311792,"['feature_selection', 'standard_scaler', 'pca', 'svm']",0,4,False
1905,kc2,kc2,3913,1063,train,0.43905015062909813,0.005234635528177023,0.05,0.5190501506290981,"['pca', 'feature_selection', 'standard_scaler', 'svm']",0,4,False
1906,mfeat-pixel,mfeat-pixel,146824,40979,train,0.8910955719276559,0.0053500577341765165,0.05,0.9510955719276559,"['feature_selection', 'pca', 'random_forest']",0,3,False
1907,MiceProtein,MiceProtein,146800,40966,train,0.9068910177679521,0.0064376072026789185,0.05,0.9868910177679522,"['feature_selection', 'minmax_scaler', 'pca', 'random_forest']",0,4,False
1908,tic-tac-toe,tic-tac-toe,49,50,train,0.7136749709564991,0.004860358405858278,0.05,0.7936749709564992,"['feature_selection', 'pca', 'minmax_scaler', 'knn']",0,4,False
1909,vowel,vowel,3022,307,train,0.7761924944113231,0.0068946764804422855,0.05,0.8161924944113231,"['feature_selection', 'svm']",0,2,True
1910,semeion,semeion,9964,1501,train,0.9156931871239985,0.006586714492489894,0.05,0.9556931871239985,"['feature_selection', 'svm']",0,2,True
1911,cnae-9,cnae-9,9981,1468,train,0.8740038781928745,0.004666051206489404,0.05,0.9140038781928745,"['feature_selection', 'svm']",0,2,True
1912,Devnagari-Script,Devnagari-Script,167121,40923,train,0.7507168306193378,0.005267454776912928,0.05,0.8307168306193379,"['minmax_scaler', 'pca', 'feature_selection', 'random_forest']",0,4,False
1913,CIFAR_10,CIFAR_10,167124,40927,train,0.4375106165575646,0.004678956116549671,0.05,0.45751061655756464,['random_forest'],0,1,True
1914,analcatdata_authorship,analcatdata_authorship,3549,458,train,0.911299312501844,0.004314744705334305,0.05,0.9912993125018441,"['minmax_scaler', 'feature_selection', 'pca', 'random_forest']",0,4,False
1915,first-order-theorem-proving,first-order-theorem-proving,9985,1475,train,0.328681085722115,0.005266815098002553,0.05,0.408681085722115,"['minmax_scaler', 'feature_selection', 'pca', 'knn']",0,4,True
1916,breast-w,breast-w,15,15,train,0.8921094439541041,0.004930291650816798,0.05,0.9721094439541041,"['pca', 'feature_selection', 'minmax_scaler', 'knn']",0,4,True
1917,Fashion-MNIST,Fashion-MNIST,146825,40996,train,0.7784821982135333,0.00597770675085485,0.05,0.8584821982135333,"['minmax_scaler', 'pca', 'feature_selection', 'knn']",0,4,False
1918,pc1,pc1,3918,1068,train,0.5033333333333332,0.005755718611180782,0.05,0.5833333333333333,"['feature_selection', 'minmax_scaler', 'pca', 'svm']",0,4,True
1919,mfeat-karhunen,mfeat-karhunen,16,16,train,0.942266485276634,0.005439648404717445,0.05,0.9822664852766341,"['feature_selection', 'svm']",0,2,True
1920,dna,dna,167140,40670,train,0.7375017659658013,0.004013449233025312,0.05,0.8175017659658014,"['minmax_scaler', 'pca', 'feature_selection', 'knn']",0,4,False
1921,isolet,isolet,3481,300,train,0.83482344261069,0.006732407142408192,0.05,0.89482344261069,"['minmax_scaler', 'pca', 'knn']",0,3,False
1922,wdbc,wdbc,9946,1510,train,0.7955106010503793,0.005854611610993743,0.05,0.8755106010503794,"['pca', 'feature_selection', 'standard_scaler', 'random_forest']",0,4,False
1923,har,har,14970,1478,train,0.8927947373218016,0.005337574705481529,0.05,0.9727947373218017,"['standard_scaler', 'pca', 'feature_selection', 'svm']",0,4,True
1924,first-order-theorem-proving,first-order-theorem-proving,9985,1475,train,0.26500692174444956,0.0063481837511062626,0.05,0.3450069217444495,"['minmax_scaler', 'feature_selection', 'pca', 'svm']",0,4,False
1925,ilpd,ilpd,9971,1480,train,0.33517857142857144,0.004765263386070728,0.05,0.4151785714285714,"['feature_selection', 'pca', 'minmax_scaler', 'svm']",0,4,False
1926,breast-w,breast-w,15,15,train,0.8921094439541041,0.005846260441467166,0.05,0.9721094439541041,"['pca', 'feature_selection', 'minmax_scaler', 'knn']",0,4,True
1927,balance-scale,balance-scale,11,11,train,0.5052369852369852,0.006839405931532383,0.05,0.5852369852369853,"['pca', 'feature_selection', 'minmax_scaler', 'knn']",0,4,False
1928,credit-approval,credit-approval,29,29,train,0.5037982051903953,0.0049101084936410185,0.05,0.5837982051903954,"['feature_selection', 'pca', 'standard_scaler', 'svm']",0,4,False
1929,mfeat-karhunen,mfeat-karhunen,16,16,train,0.942266485276634,0.004030447841311495,0.05,0.9822664852766341,"['feature_selection', 'svm']",0,2,True
1930,tic-tac-toe,tic-tac-toe,49,50,train,0.6160626295187657,0.008345805620774627,0.05,0.6960626295187657,"['feature_selection', 'pca', 'standard_scaler', 'knn']",0,4,False
1931,PhishingWebsites,PhishingWebsites,14952,4534,train,0.8657059397705829,0.004043487505987287,0.05,0.9457059397705829,"['standard_scaler', 'pca', 'feature_selection', 'knn']",0,4,False
1932,mfeat-factors,mfeat-factors,12,12,train,0.851410737540298,0.003550156601704657,0.05,0.911410737540298,"['feature_selection', 'pca', 'random_forest']",0,3,False
1933,cmc,cmc,23,23,train,0.32393845086947987,0.0043312609428539876,0.05,0.4039384508694798,"['feature_selection', 'pca', 'standard_scaler', 'random_forest']",0,4,False
1934,churn,churn,167141,40701,train,0.6882724096964603,0.004195436812005937,0.05,0.7682724096964604,"['standard_scaler', 'feature_selection', 'pca', 'random_forest']",0,4,True
1935,texture,texture,125922,40499,train,0.814125462040514,0.005611390341073275,0.05,0.874125462040514,"['pca', 'feature_selection', 'knn']",0,3,False
1936,jungle_chess_2pcs_raw_endgame_complete,jungle_chess_2pcs_raw_endgame_complete,167119,41027,train,0.6077667756464779,0.003549255896359682,0.05,0.6877667756464779,"['minmax_scaler', 'feature_selection', 'pca', 'knn']",0,4,False
1937,analcatdata_dmft,analcatdata_dmft,3560,469,train,0.10462140600438222,0.004361827071988955,0.05,0.16462140600438221,"['feature_selection', 'pca', 'knn']",0,3,False
1938,analcatdata_authorship,analcatdata_authorship,3549,458,train,0.9199999999999999,0.005293032340705395,0.05,1.0,"['standard_scaler', 'feature_selection', 'pca', 'svm']",0,4,True
1939,jm1,jm1,3904,1053,train,0.5238797325056228,0.005755198793485761,0.05,0.6038797325056229,"['standard_scaler', 'feature_selection', 'pca', 'random_forest']",0,4,False
1940,vowel,vowel,3022,307,train,0.7597033567390462,0.004182087606750429,0.05,0.8197033567390463,"['feature_selection', 'pca', 'knn']",0,3,False
1941,segment,segment,146822,40984,train,0.6197207175570898,0.00893456768244505,0.05,0.6797207175570898,"['feature_selection', 'pca', 'knn']",0,3,True
1942,dresses-sales,dresses-sales,125920,23381,train,0.44044753086419763,0.007406661659479142,0.05,0.5204475308641976,"['feature_selection', 'minmax_scaler', 'pca', 'random_forest']",0,4,False
1943,Devnagari-Script,Devnagari-Script,167121,40923,train,0.8850867049381075,0.005414907063823193,0.05,0.9450867049381075,"['minmax_scaler', 'pca', 'svm']",0,3,False
1944,sick,sick,3021,38,train,0.4716763766372049,0.004811591608449817,0.05,0.5516763766372049,"['minmax_scaler', 'feature_selection', 'pca', 'knn']",0,4,True
1945,adult,adult,7592,1590,train,0.6684639074281948,0.005269301822409034,0.05,0.7484639074281949,"['minmax_scaler', 'pca', 'feature_selection', 'svm']",0,4,False
1946,mnist_784,mnist_784,3573,554,train,0.9007814793236634,0.004931255942210555,0.05,0.9807814793236634,"['minmax_scaler', 'pca', 'feature_selection', 'svm']",0,4,True
1947,bank-marketing,bank-marketing,14965,1461,train,0.6239731498536673,0.005293554998934269,0.05,0.7039731498536673,"['standard_scaler', 'feature_selection', 'pca', 'random_forest']",0,4,False
1948,GesturePhaseSegmentationProcessed,GesturePhaseSegmentationProcessed,14969,4538,train,0.41936242244136973,0.005217491509392857,0.05,0.4993624224413697,"['standard_scaler', 'feature_selection', 'pca', 'knn']",0,4,False
1949,electricity,electricity,219,151,train,0.7353124027185338,0.0038463255157694222,0.05,0.8153124027185339,"['standard_scaler', 'feature_selection', 'pca', 'knn']",0,4,True
1950,mfeat-pixel,mfeat-pixel,146824,40979,train,0.9200205957533754,0.003900495677953586,0.05,0.9800205957533754,"['feature_selection', 'pca', 'knn']",0,3,False
1951,connect-4,connect-4,146195,40668,train,0.461407511304656,0.0064226610120385885,0.05,0.541407511304656,"['standard_scaler', 'feature_selection', 'pca', 'random_forest']",0,4,True
1952,eucalyptus,eucalyptus,2079,188,train,0.5347112275409488,0.004475501016713679,0.05,0.6147112275409489,"['minmax_scaler', 'pca', 'feature_selection', 'random_forest']",0,4,False
1953,kr-vs-kp,kr-vs-kp,3,3,train,0.8488015144895877,0.005519248684868217,0.05,0.9288015144895878,"['feature_selection', 'minmax_scaler', 'pca', 'knn']",0,4,False
1954,mfeat-zernike,mfeat-zernike,22,22,train,0.7819942340973475,0.004499191418290138,0.05,0.8219942340973475,"['feature_selection', 'svm']",0,2,False
1955,satimage,satimage,2074,182,train,0.803654287271737,0.00365064344368875,0.05,0.8836542872717371,"['standard_scaler', 'feature_selection', 'pca', 'knn']",0,4,True
1956,letter,letter,6,6,train,0.8499961982930582,0.004328679107129574,0.05,0.9299961982930582,"['pca', 'standard_scaler', 'feature_selection', 'knn']",0,4,False
1957,banknote-authentication,banknote-authentication,10093,1462,train,0.9167192228061791,0.003967396402731538,0.05,0.9967192228061792,"['feature_selection', 'pca', 'standard_scaler', 'knn']",0,4,False
1958,numerai28.6,numerai28.6,167120,23517,train,0.43454403857451096,0.005953905452042818,0.05,0.5145440385745109,"['standard_scaler', 'feature_selection', 'pca', 'svm']",0,4,False
1959,wall-robot-navigation,wall-robot-navigation,9960,1497,train,0.7746067221540691,0.0037527065491303802,0.05,0.8546067221540692,"['minmax_scaler', 'feature_selection', 'pca', 'random_forest']",0,4,False
1960,Internet-Advertisements,Internet-Advertisements,167125,40978,train,0.8541413551401869,0.005123243434354663,0.05,0.9341413551401869,"['standard_scaler', 'pca', 'feature_selection', 'random_forest']",0,4,False
1961,climate-model-simulation-crashes,climate-model-simulation-crashes,146819,40994,train,0.47311355311355313,0.00619672667235136,0.05,0.5531135531135531,"['feature_selection', 'pca', 'standard_scaler', 'svm']",0,4,False
1962,wilt,wilt,146820,40983,train,0.40607833883907507,0.007173819467425346,0.05,0.48607833883907503,"['minmax_scaler', 'feature_selection', 'pca', 'svm']",0,4,False
1963,MiceProtein,MiceProtein,146800,40966,train,0.848731455820879,0.003829239355400205,0.05,0.9287314558208791,"['feature_selection', 'pca', 'minmax_scaler', 'knn']",0,4,False
1964,pc4,pc4,3902,1049,train,0.5940765976776538,0.005582574475556612,0.05,0.6740765976776538,"['standard_scaler', 'feature_selection', 'pca', 'knn']",0,4,True
1965,blood-transfusion-service-center,blood-transfusion-service-center,10101,1464,train,0.37376428852975957,0.005456164944916964,0.05,0.45376428852975953,"['pca', 'feature_selection', 'minmax_scaler', 'svm']",0,4,False
1966,pc1,pc1,3918,1068,train,0.5033333333333332,0.005039608059450984,0.05,0.5833333333333333,"['feature_selection', 'minmax_scaler', 'pca', 'svm']",0,4,True
1967,splice,splice,45,46,train,0.9139648601916311,0.007658750129242738,0.05,0.9539648601916312,"['standard_scaler', 'random_forest']",0,2,False
1968,CIFAR_10,CIFAR_10,167124,40927,train,0.2651775284729758,0.006405796855688095,0.05,0.3451775284729758,"['standard_scaler', 'pca', 'feature_selection', 'knn']",0,4,False
1969,mfeat-morphological,mfeat-morphological,18,18,train,0.3948475583431683,0.00419169245287776,0.05,0.4548475583431683,"['feature_selection', 'pca', 'knn']",0,3,True
1970,nomao,nomao,9977,1486,train,0.8590459225627097,0.004664062010124326,0.05,0.9390459225627098,"['standard_scaler', 'pca', 'feature_selection', 'knn']",0,4,False
1971,cnae-9,cnae-9,9981,1468,train,0.8591466831761778,0.0036864422261714937,0.05,0.9391466831761779,"['pca', 'feature_selection', 'minmax_scaler', 'svm']",0,4,False
1972,kc2,kc2,3913,1063,train,0.4938888888888889,0.005525886360555887,0.05,0.5738888888888889,"['pca', 'feature_selection', 'minmax_scaler', 'knn']",0,4,False
1973,mfeat-fourier,mfeat-fourier,14,14,train,0.7780415409974837,0.003347733523696661,0.05,0.8380415409974837,"['feature_selection', 'pca', 'knn']",0,3,True
1974,cylinder-bands,cylinder-bands,14954,6332,train,0.34923976608187135,0.0036358026787638663,0.05,0.4292397660818713,"['feature_selection', 'pca', 'minmax_scaler', 'svm']",0,4,False
1975,Fashion-MNIST,Fashion-MNIST,146825,40996,train,0.8062780264264611,0.00526528786867857,0.05,0.8862780264264611,"['standard_scaler', 'pca', 'feature_selection', 'svm']",0,4,True
1976,car,car,146821,40975,train,0.865047086019488,0.006146684614941477,0.05,0.9450470860194881,"['standard_scaler', 'feature_selection', 'pca', 'svm']",0,4,False
1977,semeion,semeion,9964,1501,train,0.6209262096722904,0.002867754315957427,0.05,0.7009262096722905,"['feature_selection', 'pca', 'minmax_scaler', 'knn']",0,4,False
1978,credit-g,credit-g,31,31,train,0.4868449197860962,0.004134490061551333,0.05,0.5668449197860962,"['minmax_scaler', 'feature_selection', 'pca', 'knn']",0,4,True
1979,ozone-level-8hr,ozone-level-8hr,9978,1487,train,0.4992146059525739,0.00489876214414835,0.05,0.5792146059525739,"['standard_scaler', 'feature_selection', 'pca', 'knn']",0,4,False
1980,PhishingWebsites,PhishingWebsites,14952,4534,train,0.8657059397705829,0.005086771631613374,0.05,0.9457059397705829,"['standard_scaler', 'pca', 'feature_selection', 'knn']",0,4,True
1981,cylinder-bands,cylinder-bands,14954,6332,train,0.6308381814264167,0.01076270965859294,0.05,0.7108381814264167,"['feature_selection', 'pca', 'minmax_scaler', 'random_forest']",0,4,False
1982,connect-4,connect-4,146195,40668,train,0.461407511304656,0.005157180782407522,0.05,0.541407511304656,"['standard_scaler', 'feature_selection', 'pca', 'random_forest']",0,4,True
1983,electricity,electricity,219,151,train,0.6113895604059039,0.006258033961057663,0.05,0.6913895604059039,"['feature_selection', 'minmax_scaler', 'pca', 'knn']",0,4,False
1984,segment,segment,146822,40984,train,0.6197207175570898,0.007955863024108112,0.05,0.6797207175570898,"['feature_selection', 'pca', 'knn']",0,3,True
1985,ilpd,ilpd,9971,1480,train,0.33517857142857144,0.005392192304134369,0.05,0.4151785714285714,"['pca', 'feature_selection', 'standard_scaler', 'svm']",0,4,False
1986,blood-transfusion-service-center,blood-transfusion-service-center,10101,1464,train,0.37376428852975957,0.006783140916377306,0.05,0.45376428852975953,"['pca', 'feature_selection', 'minmax_scaler', 'svm']",0,4,True
1987,jm1,jm1,3904,1053,train,0.4463277243108773,0.0038315100595355035,0.05,0.5263277243108773,"['standard_scaler', 'feature_selection', 'pca', 'svm']",0,4,False
1988,cmc,cmc,23,23,train,0.32393845086947987,0.005612208507955074,0.05,0.4039384508694798,"['pca', 'feature_selection', 'standard_scaler', 'random_forest']",0,4,False
1989,kc2,kc2,3913,1063,train,0.4938888888888889,0.004567192960530519,0.05,0.5738888888888889,"['pca', 'feature_selection', 'standard_scaler', 'knn']",0,4,False
1990,vowel,vowel,3022,307,train,0.8688111439266767,0.00674484227783978,0.05,0.9288111439266767,"['feature_selection', 'pca', 'random_forest']",0,3,True
1991,isolet,isolet,3481,300,train,0.826863172823164,0.00508476635441184,0.05,0.9068631728231641,"['minmax_scaler', 'pca', 'feature_selection', 'random_forest']",0,4,False
1992,mnist_784,mnist_784,3573,554,train,0.9007814793236634,0.00792295546270907,0.05,0.9807814793236634,"['minmax_scaler', 'pca', 'feature_selection', 'svm']",0,4,True
1993,analcatdata_dmft,analcatdata_dmft,3560,469,train,0.07817725638067566,0.006077589374035597,0.05,0.15817725638067567,"['feature_selection', 'pca', 'standard_scaler', 'svm']",0,4,False
1994,Devnagari-Script,Devnagari-Script,167121,40923,train,0.8618164242003736,0.003861659982552131,0.05,0.9018164242003737,"['minmax_scaler', 'knn']",0,2,False
1995,letter,letter,6,6,train,0.8543653218996853,0.004459412093274296,0.05,0.9343653218996854,"['pca', 'minmax_scaler', 'feature_selection', 'random_forest']",0,4,False
1996,car,car,146821,40975,train,0.634185679943388,0.004367494629696012,0.05,0.7141856799433881,"['minmax_scaler', 'feature_selection', 'pca', 'random_forest']",0,4,False
1997,wilt,wilt,146820,40983,train,0.40607833883907507,0.005516308359801769,0.05,0.48607833883907503,"['minmax_scaler', 'feature_selection', 'pca', 'svm']",0,4,True
1998,har,har,14970,1478,train,0.8774349824334845,0.007935087755322456,0.05,0.9574349824334846,"['minmax_scaler', 'pca', 'feature_selection', 'knn']",0,4,False
1999,wall-robot-navigation,wall-robot-navigation,9960,1497,train,0.7849627177251062,0.005596296675503254,0.05,0.8649627177251062,"['standard_scaler', 'feature_selection', 'pca', 'svm']",0,4,True
2000,tic-tac-toe,tic-tac-toe,49,50,train,0.7697615262321145,0.0054189776303246616,0.05,0.8497615262321145,"['pca', 'feature_selection', 'standard_scaler', 'svm']",0,4,False
2001,sick,sick,3021,38,train,0.6275158031357907,0.008484829822555185,0.05,0.7075158031357908,"['standard_scaler', 'feature_selection', 'pca', 'random_forest']",0,4,True
2002,mfeat-pixel,mfeat-pixel,146824,40979,train,0.8910955719276559,0.006578409695066512,0.05,0.9510955719276559,"['feature_selection', 'pca', 'random_forest']",0,3,True
2003,kr-vs-kp,kr-vs-kp,3,3,train,0.8712121828985759,0.007168834283947945,0.05,0.951212182898576,"['standard_scaler', 'feature_selection', 'pca', 'random_forest']",0,4,False
2004,pc4,pc4,3902,1049,train,0.4960053104147015,0.006350568495690823,0.05,0.5760053104147015,"['minmax_scaler', 'feature_selection', 'pca', 'svm']",0,4,True
2005,adult,adult,7592,1590,train,0.6684639074281948,0.004951021913439035,0.05,0.7484639074281949,"['minmax_scaler', 'pca', 'feature_selection', 'svm']",0,4,True
2006,numerai28.6,numerai28.6,167120,23517,train,0.421333917691626,0.006791374180465937,0.05,0.5013339176916259,"['standard_scaler', 'pca', 'feature_selection', 'knn']",0,4,False
2007,MiceProtein,MiceProtein,146800,40966,train,0.9068910177679521,0.004678924009203911,0.05,0.9868910177679522,"['minmax_scaler', 'feature_selection', 'pca', 'random_forest']",0,4,True
2008,nomao,nomao,9977,1486,train,0.8674103386332028,0.0058613701723515986,0.05,0.9474103386332029,"['standard_scaler', 'pca', 'feature_selection', 'random_forest']",0,4,False
2009,bank-marketing,bank-marketing,14965,1461,train,0.6073066972455914,0.00680177747271955,0.05,0.6873066972455915,"['standard_scaler', 'pca', 'feature_selection', 'svm']",0,4,False
2010,climate-model-simulation-crashes,climate-model-simulation-crashes,146819,40994,train,0.6003493449781658,0.003590100584551692,0.05,0.6803493449781659,"['feature_selection', 'standard_scaler', 'pca', 'knn']",0,4,True
2011,analcatdata_authorship,analcatdata_authorship,3549,458,train,0.9149557437898543,0.0051054244861006735,0.05,0.9949557437898544,"['minmax_scaler', 'feature_selection', 'pca', 'knn']",0,4,True
2012,breast-w,breast-w,15,15,train,0.8921094439541041,0.005244932882487774,0.05,0.9721094439541041,"['feature_selection', 'pca', 'minmax_scaler', 'knn']",0,4,False
2013,semeion,semeion,9964,1501,train,0.6209262096722904,0.003654624707996845,0.05,0.7009262096722905,"['feature_selection', 'pca', 'minmax_scaler', 'knn']",0,4,True
2014,churn,churn,167141,40701,train,0.6507214838615452,0.005292811337858439,0.05,0.7307214838615452,"['standard_scaler', 'feature_selection', 'pca', 'knn']",0,4,False
2015,balance-scale,balance-scale,11,11,train,0.5024524312896405,0.004344372497871518,0.05,0.5824524312896405,"['pca', 'feature_selection', 'standard_scaler', 'knn']",0,4,False
2016,banknote-authentication,banknote-authentication,10093,1462,train,0.94,0.004851640202105045,0.05,1.0,"['pca', 'feature_selection', 'knn']",0,3,False
2017,Fashion-MNIST,Fashion-MNIST,146825,40996,train,0.8087748944534431,0.004934372287243605,0.05,0.8887748944534432,"['minmax_scaler', 'pca', 'feature_selection', 'svm']",0,4,False
2018,pc1,pc1,3918,1068,train,0.5033333333333332,0.006963573861867189,0.05,0.5833333333333333,"['minmax_scaler', 'feature_selection', 'pca', 'svm']",0,4,False
2019,mfeat-zernike,mfeat-zernike,22,22,train,0.747151823296064,0.004208824306260794,0.05,0.807151823296064,"['feature_selection', 'pca', 'random_forest']",0,3,False
2020,wdbc,wdbc,9946,1510,train,0.8112062765609676,0.003997254557907582,0.05,0.8912062765609676,"['pca', 'feature_selection', 'standard_scaler', 'knn']",0,4,False
2021,mfeat-karhunen,mfeat-karhunen,16,16,train,0.9045126153610641,0.008842691965401172,0.05,0.9845126153610642,"['feature_selection', 'pca', 'standard_scaler', 'svm']",0,4,False
2022,mfeat-fourier,mfeat-fourier,14,14,train,0.7439633081187182,0.006715526711195708,0.05,0.8239633081187183,"['feature_selection', 'pca', 'standard_scaler', 'svm']",0,4,False
2023,cnae-9,cnae-9,9981,1468,train,0.7413428952452172,0.008972285594791175,0.05,0.8213428952452173,"['feature_selection', 'pca', 'minmax_scaler', 'knn']",0,4,False
2024,eucalyptus,eucalyptus,2079,188,train,0.5347112275409488,0.008369728922843933,0.05,0.6147112275409489,"['minmax_scaler', 'pca', 'feature_selection', 'random_forest']",0,4,True
2025,first-order-theorem-proving,first-order-theorem-proving,9985,1475,train,0.40721610622876653,0.00647402685135603,0.05,0.4872161062287665,"['minmax_scaler', 'pca', 'feature_selection', 'random_forest']",0,4,True
2026,Internet-Advertisements,Internet-Advertisements,167125,40978,train,0.8495810291109884,0.007633666414767504,0.05,0.9295810291109885,"['minmax_scaler', 'feature_selection', 'pca', 'svm']",0,4,True
2027,mfeat-factors,mfeat-factors,12,12,train,0.83147726156414,0.004598246980458498,0.05,0.9114772615641401,"['feature_selection', 'pca', 'standard_scaler', 'knn']",0,4,False
2028,mfeat-morphological,mfeat-morphological,18,18,train,0.3948475583431683,0.004666685592383146,0.05,0.4548475583431683,"['feature_selection', 'pca', 'knn']",0,3,True
2029,ozone-level-8hr,ozone-level-8hr,9978,1487,train,0.537152149321267,0.0062519763596355915,0.05,0.617152149321267,"['minmax_scaler', 'pca', 'feature_selection', 'knn']",0,4,False
2030,dna,dna,167140,40670,train,0.690910710537445,0.004339105527227123,0.05,0.730910710537445,"['standard_scaler', 'knn']",0,2,True
2031,dresses-sales,dresses-sales,125920,23381,train,0.4561950856291883,0.006751011766027659,0.05,0.5161950856291884,"['feature_selection', 'pca', 'random_forest']",0,3,False
2032,jungle_chess_2pcs_raw_endgame_complete,jungle_chess_2pcs_raw_endgame_complete,167119,41027,train,0.6654985591413459,0.006408579740673303,0.05,0.745498559141346,"['standard_scaler', 'pca', 'feature_selection', 'svm']",0,4,False
2033,credit-g,credit-g,31,31,train,0.5179532163742689,0.0050469028763473036,0.05,0.597953216374269,"['standard_scaler', 'pca', 'feature_selection', 'knn']",0,4,False
2034,GesturePhaseSegmentationProcessed,GesturePhaseSegmentationProcessed,14969,4538,train,0.30948738408132254,0.006914466293528676,0.05,0.3894873840813225,"['standard_scaler', 'feature_selection', 'pca', 'svm']",0,4,True
2035,splice,splice,45,46,train,0.6641296124145871,0.005130344396457076,0.05,0.7441296124145872,"['minmax_scaler', 'pca', 'feature_selection', 'knn']",0,4,False
2036,credit-approval,credit-approval,29,29,train,0.49979797979797974,0.005810728343203664,0.05,0.5797979797979798,"['feature_selection', 'pca', 'minmax_scaler', 'random_forest']",0,4,False
2037,texture,texture,125922,40499,train,0.8568819377226514,0.004672912554815412,0.05,0.9368819377226515,"['minmax_scaler', 'pca', 'feature_selection', 'random_forest']",0,4,False
2038,CIFAR_10,CIFAR_10,167124,40927,train,0.4580427782579436,0.003943979367613792,0.05,0.5380427782579436,"['standard_scaler', 'pca', 'feature_selection', 'svm']",0,4,False
2039,satimage,satimage,2074,182,train,0.803654287271737,0.0031670380383729936,0.05,0.8836542872717371,"['standard_scaler', 'feature_selection', 'pca', 'knn']",0,4,True
2040,ozone-level-8hr,ozone-level-8hr,9978,1487,train,0.537152149321267,0.005735774524509907,0.05,0.617152149321267,"['minmax_scaler', 'feature_selection', 'pca', 'knn']",0,4,True
2041,mfeat-pixel,mfeat-pixel,146824,40979,train,0.8572347995096872,0.008646510355174542,0.05,0.9372347995096872,"['feature_selection', 'pca', 'minmax_scaler', 'knn']",0,4,False
2042,dna,dna,167140,40670,train,0.7375017659658013,0.006830841675400734,0.05,0.8175017659658014,"['minmax_scaler', 'pca', 'feature_selection', 'knn']",0,4,True
2043,MiceProtein,MiceProtein,146800,40966,train,0.886459424231296,0.007859391812235116,0.05,0.966459424231296,"['feature_selection', 'minmax_scaler', 'pca', 'knn']",0,4,True
2044,bank-marketing,bank-marketing,14965,1461,train,0.6073066972455914,0.007700063567608595,0.05,0.6873066972455915,"['standard_scaler', 'feature_selection', 'pca', 'svm']",0,4,False
2045,adult,adult,7592,1590,train,0.6664147262354563,0.005715791508555413,0.05,0.7464147262354563,"['standard_scaler', 'pca', 'feature_selection', 'knn']",0,4,False
2046,mfeat-factors,mfeat-factors,12,12,train,0.8380947061386743,0.00605210387147963,0.05,0.9180947061386744,"['feature_selection', 'pca', 'minmax_scaler', 'knn']",0,4,False
2047,churn,churn,167141,40701,train,0.6882724096964603,0.00557629163376987,0.05,0.7682724096964604,"['standard_scaler', 'feature_selection', 'pca', 'random_forest']",0,4,True
2048,mfeat-fourier,mfeat-fourier,14,14,train,0.7504409953240678,0.004336720518767834,0.05,0.8304409953240679,"['feature_selection', 'pca', 'minmax_scaler', 'svm']",0,4,False
2049,mfeat-morphological,mfeat-morphological,18,18,train,0.42470029144410726,0.00533594594647487,0.05,0.4647002914441073,"['feature_selection', 'knn']",0,2,True
2050,segment,segment,146822,40984,train,0.8486551598792864,0.004035496696208914,0.05,0.8886551598792864,"['feature_selection', 'knn']",0,2,True
2051,first-order-theorem-proving,first-order-theorem-proving,9985,1475,train,0.3306019283272838,0.004638176737353205,0.05,0.41060192832728376,"['standard_scaler', 'feature_selection', 'pca', 'knn']",0,4,True
2052,sick,sick,3021,38,train,0.49607989071553066,0.004727780725806952,0.05,0.5760798907155307,"['standard_scaler', 'feature_selection', 'pca', 'svm']",0,4,True
2053,mfeat-karhunen,mfeat-karhunen,16,16,train,0.9045126153610641,0.005626959213986993,0.05,0.9845126153610642,"['feature_selection', 'pca', 'standard_scaler', 'svm']",0,4,True
2054,mnist_784,mnist_784,3573,554,train,0.9007814793236634,0.004028704483062029,0.05,0.9807814793236634,"['minmax_scaler', 'pca', 'feature_selection', 'svm']",0,4,True
2055,PhishingWebsites,PhishingWebsites,14952,4534,train,0.8657059397705829,0.0037122106878086925,0.05,0.9457059397705829,"['standard_scaler', 'feature_selection', 'pca', 'knn']",0,4,True
2056,Devnagari-Script,Devnagari-Script,167121,40923,train,0.7707168306193378,0.0032934907358139753,0.05,0.8307168306193379,"['minmax_scaler', 'pca', 'random_forest']",0,3,False
2057,cmc,cmc,23,23,train,0.32393845086947987,0.00446335282176733,0.05,0.4039384508694798,"['feature_selection', 'pca', 'standard_scaler', 'random_forest']",0,4,True
2058,climate-model-simulation-crashes,climate-model-simulation-crashes,146819,40994,train,0.47311355311355313,0.004868666408583522,0.05,0.5531135531135531,"['standard_scaler', 'feature_selection', 'pca', 'svm']",0,4,False
2059,cylinder-bands,cylinder-bands,14954,6332,train,0.5782633053221289,0.005453700013458729,0.05,0.658263305322129,"['feature_selection', 'standard_scaler', 'pca', 'svm']",0,4,False
2060,pc1,pc1,3918,1068,train,0.5781897730380092,0.004557611374184489,0.05,0.6581897730380093,"['minmax_scaler', 'feature_selection', 'pca', 'knn']",0,4,True
2061,breast-w,breast-w,15,15,train,0.8925551502518672,0.0076732384506613014,0.05,0.9725551502518672,"['pca', 'feature_selection', 'standard_scaler', 'random_forest']",0,4,False
2062,wall-robot-navigation,wall-robot-navigation,9960,1497,train,0.7914473033085992,0.007700647227466106,0.05,0.8714473033085993,"['standard_scaler', 'feature_selection', 'pca', 'random_forest']",0,4,False
2063,kr-vs-kp,kr-vs-kp,3,3,train,0.8488015144895877,0.007186571415513754,0.05,0.9288015144895878,"['feature_selection', 'minmax_scaler', 'pca', 'knn']",0,4,True
2064,credit-g,credit-g,31,31,train,0.566526944496758,0.004710729389141004,0.05,0.606526944496758,"['minmax_scaler', 'knn']",0,2,False
2065,balance-scale,balance-scale,11,11,train,0.5424760649495669,0.004353513987734914,0.05,0.622476064949567,"['standard_scaler', 'feature_selection', 'pca', 'svm']",0,4,False
2066,CIFAR_10,CIFAR_10,167124,40927,train,0.3569186274263862,0.008779179118573666,0.05,0.43691862742638615,"['standard_scaler', 'pca', 'feature_selection', 'random_forest']",0,4,True
2067,semeion,semeion,9964,1501,train,0.7996536020677043,0.0031529407482594253,0.05,0.8796536020677044,"['feature_selection', 'standard_scaler', 'pca', 'random_forest']",0,4,False
2068,ilpd,ilpd,9971,1480,train,0.4155070603337613,0.0039091629441827536,0.05,0.49550706033376124,"['feature_selection', 'pca', 'standard_scaler', 'knn']",0,4,False
2069,tic-tac-toe,tic-tac-toe,49,50,train,0.7830519134690979,0.004060872551053763,0.05,0.8630519134690979,"['feature_selection', 'pca', 'minmax_scaler', 'svm']",0,4,False
2070,dresses-sales,dresses-sales,125920,23381,train,0.5123520923520923,0.007120399130508303,0.05,0.5923520923520924,"['feature_selection', 'minmax_scaler', 'pca', 'svm']",0,4,False
2071,car,car,146821,40975,train,0.634185679943388,0.0035479196812957525,0.05,0.7141856799433881,"['minmax_scaler', 'feature_selection', 'pca', 'random_forest']",0,4,True
2072,eucalyptus,eucalyptus,2079,188,train,0.5347112275409488,0.0039138943189755086,0.05,0.6147112275409489,"['minmax_scaler', 'feature_selection', 'pca', 'random_forest']",0,4,True
2073,kc2,kc2,3913,1063,train,0.5667525706104385,0.003727614274248481,0.05,0.6467525706104386,"['feature_selection', 'minmax_scaler', 'pca', 'random_forest']",0,4,False
2074,texture,texture,125922,40499,train,0.8568819377226514,0.004624196467921138,0.05,0.9368819377226515,"['minmax_scaler', 'pca', 'feature_selection', 'random_forest']",0,4,True
2075,pc4,pc4,3902,1049,train,0.4960053104147015,0.004251756612211466,0.05,0.5760053104147015,"['minmax_scaler', 'feature_selection', 'pca', 'svm']",0,4,True
2076,analcatdata_dmft,analcatdata_dmft,3560,469,train,0.07858008101981645,0.007118885545060039,0.05,0.15858008101981647,"['pca', 'feature_selection', 'minmax_scaler', 'random_forest']",0,4,False
2077,wdbc,wdbc,9946,1510,train,0.7955106010503793,0.00512482519261539,0.05,0.8755106010503794,"['feature_selection', 'pca', 'standard_scaler', 'random_forest']",0,4,False
2078,connect-4,connect-4,146195,40668,train,0.5501899942853489,0.004095895681530237,0.05,0.6301899942853489,"['minmax_scaler', 'feature_selection', 'pca', 'svm']",0,4,True
2079,wilt,wilt,146820,40983,train,0.43424588792863117,0.004168987087905407,0.05,0.5142458879286311,"['minmax_scaler', 'feature_selection', 'pca', 'knn']",0,4,True
2080,banknote-authentication,banknote-authentication,10093,1462,train,0.9767240922342963,0.002839460619725287,0.05,0.9967240922342964,['svm'],0,1,True
2081,satimage,satimage,2074,182,train,0.803654287271737,0.00857222843915224,0.05,0.8836542872717371,"['standard_scaler', 'feature_selection', 'pca', 'knn']",0,4,True
2082,har,har,14970,1478,train,0.931223920779813,0.006651399269079168,0.05,0.971223920779813,"['minmax_scaler', 'svm']",0,2,False
2083,isolet,isolet,3481,300,train,0.826863172823164,0.006633381731808186,0.05,0.9068631728231641,"['minmax_scaler', 'pca', 'feature_selection', 'random_forest']",0,4,True
2084,electricity,electricity,219,151,train,0.757936705384404,0.0042629726231098175,0.05,0.8379367053844041,"['standard_scaler', 'feature_selection', 'pca', 'random_forest']",0,4,False
2085,Internet-Advertisements,Internet-Advertisements,167125,40978,train,0.8592859065823126,0.005157352134119719,0.05,0.9192859065823127,"['standard_scaler', 'pca', 'svm']",0,3,False
2086,GesturePhaseSegmentationProcessed,GesturePhaseSegmentationProcessed,14969,4538,train,0.4630928247908257,0.004688047512900084,0.05,0.5230928247908258,"['standard_scaler', 'feature_selection', 'knn']",0,3,False
2087,cnae-9,cnae-9,9981,1468,train,0.7243126097061874,0.006596500566229224,0.05,0.8043126097061875,"['feature_selection', 'minmax_scaler', 'pca', 'knn']",0,4,False
2088,jungle_chess_2pcs_raw_endgame_complete,jungle_chess_2pcs_raw_endgame_complete,167119,41027,train,0.6616244266648449,0.007939498405903578,0.05,0.7216244266648449,"['standard_scaler', 'feature_selection', 'random_forest']",0,3,False
2089,vowel,vowel,3022,307,train,0.7311816957073604,0.003965200623497367,0.05,0.7711816957073604,"['feature_selection', 'knn']",0,2,True
2090,nomao,nomao,9977,1486,train,0.8590459225627097,0.007260107155889273,0.05,0.9390459225627098,"['standard_scaler', 'feature_selection', 'pca', 'knn']",0,4,True
2091,analcatdata_authorship,analcatdata_authorship,3549,458,train,0.96,0.005509550062318643,0.05,1.0,"['standard_scaler', 'svm']",0,2,False
2092,letter,letter,6,6,train,0.8393302611285839,0.0058313065208494665,0.05,0.919330261128584,"['standard_scaler', 'pca', 'feature_selection', 'svm']",0,4,False
2093,numerai28.6,numerai28.6,167120,23517,train,0.421333917691626,0.0066484595648944374,0.05,0.5013339176916259,"['standard_scaler', 'feature_selection', 'pca', 'knn']",0,4,True
2094,blood-transfusion-service-center,blood-transfusion-service-center,10101,1464,train,0.5784037418520176,0.004682569531723857,0.05,0.6384037418520176,"['feature_selection', 'standard_scaler', 'random_forest']",0,3,True
2095,mfeat-zernike,mfeat-zernike,22,22,train,0.7907004958533077,0.005861272569745779,0.05,0.8307004958533077,"['feature_selection', 'knn']",0,2,False
2096,credit-approval,credit-approval,29,29,train,0.5037982051903953,0.006481926795095206,0.05,0.5837982051903954,"['feature_selection', 'pca', 'standard_scaler', 'svm']",0,4,True
2097,jm1,jm1,3904,1053,train,0.5198074350825589,0.004942592699080706,0.05,0.599807435082559,"['minmax_scaler', 'feature_selection', 'pca', 'knn']",0,4,True
2098,splice,splice,45,46,train,0.6641296124145871,0.004866864299401641,0.05,0.7441296124145872,"['minmax_scaler', 'feature_selection', 'pca', 'knn']",0,4,True
2099,Fashion-MNIST,Fashion-MNIST,146825,40996,train,0.7788386540142296,0.005105418618768454,0.05,0.8588386540142297,"['standard_scaler', 'pca', 'feature_selection', 'knn']",0,4,False
2100,pc1,pc1,3918,1068,train,0.5781897730380092,0.005705351615324617,0.05,0.6581897730380093,"['standard_scaler', 'feature_selection', 'pca', 'knn']",0,4,True
2101,blood-transfusion-service-center,blood-transfusion-service-center,10101,1464,train,0.6013210495124185,0.008959465380758046,0.05,0.6813210495124186,"['feature_selection', 'standard_scaler', 'pca', 'knn']",0,4,False
2102,adult,adult,7592,1590,train,0.6943370975654417,0.007547169923782349,0.05,0.7543370975654418,"['minmax_scaler', 'feature_selection', 'knn']",0,3,True
2103,bank-marketing,bank-marketing,14965,1461,train,0.5345316523049468,0.009709838218986988,0.05,0.6145316523049469,"['minmax_scaler', 'feature_selection', 'pca', 'svm']",0,4,True
2104,wilt,wilt,146820,40983,train,0.46350918424144966,0.006799094192683697,0.05,0.5435091842414497,"['standard_scaler', 'feature_selection', 'pca', 'knn']",0,4,True
2105,mfeat-morphological,mfeat-morphological,18,18,train,0.35619566871878,0.004608976266657312,0.05,0.39619566871878004,"['feature_selection', 'svm']",0,2,True
2106,banknote-authentication,banknote-authentication,10093,1462,train,0.9167192228061791,0.004247898887842894,0.05,0.9967192228061792,"['feature_selection', 'pca', 'standard_scaler', 'knn']",0,4,True
2107,cmc,cmc,23,23,train,0.32393845086947987,0.005451205838471651,0.05,0.4039384508694798,"['feature_selection', 'pca', 'standard_scaler', 'random_forest']",0,4,True
2108,analcatdata_authorship,analcatdata_authorship,3549,458,train,0.9199999999999999,0.003921520663425326,0.05,1.0,"['minmax_scaler', 'feature_selection', 'pca', 'svm']",0,4,True
2109,splice,splice,45,46,train,0.6641296124145871,0.004993840306997299,0.05,0.7441296124145872,"['minmax_scaler', 'feature_selection', 'pca', 'knn']",0,4,True
2110,mnist_784,mnist_784,3573,554,train,0.9007814793236634,0.0036949328146874904,0.05,0.9807814793236634,"['minmax_scaler', 'pca', 'feature_selection', 'svm']",0,4,True
2111,car,car,146821,40975,train,0.7111361961994872,0.005479316180571914,0.05,0.7911361961994873,"['standard_scaler', 'feature_selection', 'pca', 'random_forest']",0,4,True
2112,Devnagari-Script,Devnagari-Script,167121,40923,train,0.8650867049381075,0.004323338810354471,0.05,0.9450867049381075,"['minmax_scaler', 'pca', 'feature_selection', 'svm']",0,4,False
2113,mfeat-zernike,mfeat-zernike,22,22,train,0.7819942340973475,0.004295453506832321,0.05,0.8219942340973475,"['feature_selection', 'svm']",0,2,True
2114,dresses-sales,dresses-sales,125920,23381,train,0.5796662596662596,0.005830976786091924,0.05,0.6596662596662597,"['feature_selection', 'minmax_scaler', 'pca', 'knn']",0,4,True
2115,segment,segment,146822,40984,train,0.8486551598792864,0.004489555023610592,0.05,0.8886551598792864,"['feature_selection', 'knn']",0,2,True
2116,nomao,nomao,9977,1486,train,0.8590459225627097,0.003300589323043823,0.05,0.9390459225627098,"['standard_scaler', 'feature_selection', 'pca', 'knn']",0,4,True
2117,ozone-level-8hr,ozone-level-8hr,9978,1487,train,0.42369565217391303,0.006007006915751845,0.05,0.483695652173913,"['minmax_scaler', 'feature_selection', 'svm']",0,3,True
2118,analcatdata_dmft,analcatdata_dmft,3560,469,train,0.0863483629294477,0.004075194243341684,0.05,0.1463483629294477,"['feature_selection', 'pca', 'random_forest']",0,3,False
2119,dna,dna,167140,40670,train,0.7125879158077301,0.004042732669040561,0.05,0.7925879158077301,"['standard_scaler', 'feature_selection', 'pca', 'knn']",0,4,False
2120,CIFAR_10,CIFAR_10,167124,40927,train,0.4580427782579436,0.004587486898526549,0.05,0.5380427782579436,"['standard_scaler', 'pca', 'feature_selection', 'svm']",0,4,True
2121,cylinder-bands,cylinder-bands,14954,6332,train,0.6133132227249873,0.007658007461577654,0.05,0.6933132227249874,"['feature_selection', 'minmax_scaler', 'pca', 'random_forest']",0,4,False
2122,connect-4,connect-4,146195,40668,train,0.4581240472688909,0.00664846682921052,0.05,0.5381240472688908,"['minmax_scaler', 'feature_selection', 'pca', 'random_forest']",0,4,True
2123,eucalyptus,eucalyptus,2079,188,train,0.5347112275409488,0.009338868502527475,0.05,0.6147112275409489,"['minmax_scaler', 'feature_selection', 'pca', 'random_forest']",0,4,True
2124,mfeat-fourier,mfeat-fourier,14,14,train,0.7780415409974837,0.005250656744465232,0.05,0.8380415409974837,"['feature_selection', 'pca', 'knn']",0,3,True
2125,wdbc,wdbc,9946,1510,train,0.816103896103896,0.00618843287229538,0.05,0.8961038961038961,"['feature_selection', 'pca', 'standard_scaler', 'svm']",0,4,False
2126,satimage,satimage,2074,182,train,0.7929281211878365,0.004844339657574892,0.05,0.8729281211878366,"['minmax_scaler', 'feature_selection', 'pca', 'svm']",0,4,False
2127,texture,texture,125922,40499,train,0.9719431646206551,0.004925168817862868,0.05,0.9919431646206551,['svm'],0,1,True
2128,cnae-9,cnae-9,9981,1468,train,0.8404852112229929,0.005357229616492987,0.05,0.920485211222993,"['feature_selection', 'minmax_scaler', 'pca', 'svm']",0,4,True
2129,GesturePhaseSegmentationProcessed,GesturePhaseSegmentationProcessed,14969,4538,train,0.42884764790150753,0.0053731273394078015,0.05,0.5088476479015075,"['standard_scaler', 'feature_selection', 'pca', 'random_forest']",0,4,True
2130,wall-robot-navigation,wall-robot-navigation,9960,1497,train,0.7849627177251062,0.004913352895528078,0.05,0.8649627177251062,"['standard_scaler', 'feature_selection', 'pca', 'svm']",0,4,True
2131,churn,churn,167141,40701,train,0.6507214838615452,0.0048262534197419885,0.05,0.7307214838615452,"['standard_scaler', 'feature_selection', 'pca', 'knn']",0,4,True
2132,mfeat-pixel,mfeat-pixel,146824,40979,train,0.9134723103806105,0.0043704467243514955,0.05,0.9734723103806106,"['feature_selection', 'minmax_scaler', 'random_forest']",0,3,True
2133,credit-approval,credit-approval,29,29,train,0.47164835164835167,0.005288794240914285,0.05,0.5516483516483517,"['feature_selection', 'pca', 'standard_scaler', 'random_forest']",0,4,False
2134,Internet-Advertisements,Internet-Advertisements,167125,40978,train,0.8502179302179302,0.005170055525377392,0.05,0.9302179302179303,"['minmax_scaler', 'pca', 'feature_selection', 'random_forest']",0,4,False
2135,jm1,jm1,3904,1053,train,0.4463277243108773,0.005286255199462175,0.05,0.5263277243108773,"['standard_scaler', 'feature_selection', 'pca', 'svm']",0,4,True
2136,kr-vs-kp,kr-vs-kp,3,3,train,0.8349698044803753,0.0041767539456486705,0.05,0.9149698044803753,"['standard_scaler', 'feature_selection', 'pca', 'knn']",0,4,False
2137,climate-model-simulation-crashes,climate-model-simulation-crashes,146819,40994,train,0.47311355311355313,0.004610506072640419,0.05,0.5531135531135531,"['standard_scaler', 'feature_selection', 'pca', 'svm']",0,4,True
2138,breast-w,breast-w,15,15,train,0.8925551502518672,0.004405764443799853,0.05,0.9725551502518672,"['feature_selection', 'pca', 'standard_scaler', 'random_forest']",0,4,False
2139,letter,letter,6,6,train,0.8825431061109469,0.0035475771874189377,0.05,0.9225431061109469,"['minmax_scaler', 'svm']",0,2,False
2140,ilpd,ilpd,9971,1480,train,0.5064898989898988,0.0041100836358964445,0.05,0.5864898989898989,"['feature_selection', 'pca', 'minmax_scaler', 'random_forest']",0,4,False
2141,har,har,14970,1478,train,0.8749743830883062,0.009403840638697147,0.05,0.9549743830883063,"['standard_scaler', 'pca', 'feature_selection', 'knn']",0,4,False
2142,numerai28.6,numerai28.6,167120,23517,train,0.4261987337363685,0.0065457844641059635,0.05,0.5061987337363685,"['standard_scaler', 'feature_selection', 'pca', 'random_forest']",0,4,False
2143,jungle_chess_2pcs_raw_endgame_complete,jungle_chess_2pcs_raw_endgame_complete,167119,41027,train,0.661091931379837,0.007278272649273276,0.05,0.7210919313798371,"['minmax_scaler', 'feature_selection', 'random_forest']",0,3,True
2144,credit-g,credit-g,31,31,train,0.5903705474539803,0.004898188286460936,0.05,0.6503705474539804,"['minmax_scaler', 'feature_selection', 'svm']",0,3,True
2145,pc4,pc4,3902,1049,train,0.6418423605244219,0.0049265529960393906,0.05,0.6818423605244219,"['standard_scaler', 'random_forest']",0,2,True
2146,mfeat-karhunen,mfeat-karhunen,16,16,train,0.9355687356619157,0.007188094158967336,0.05,0.9755687356619157,"['feature_selection', 'knn']",0,2,True
2147,Fashion-MNIST,Fashion-MNIST,146825,40996,train,0.7788386540142296,0.00463052554987371,0.05,0.8588386540142297,"['standard_scaler', 'pca', 'feature_selection', 'knn']",0,4,True
2148,semeion,semeion,9964,1501,train,0.8785202099203756,0.005807949136942625,0.05,0.9585202099203757,"['feature_selection', 'minmax_scaler', 'pca', 'svm']",0,4,True
2149,balance-scale,balance-scale,11,11,train,0.5824760649495669,0.0058538455826540785,0.05,0.622476064949567,"['standard_scaler', 'svm']",0,2,True
2150,isolet,isolet,3481,300,train,0.9258238138680921,0.00654777092859149,0.05,0.9658238138680921,"['minmax_scaler', 'svm']",0,2,False
2151,tic-tac-toe,tic-tac-toe,49,50,train,0.7830519134690979,0.004800998885184526,0.05,0.8630519134690979,"['feature_selection', 'pca', 'minmax_scaler', 'svm']",0,4,True
2152,first-order-theorem-proving,first-order-theorem-proving,9985,1475,train,0.328681085722115,0.005266113649122417,0.05,0.408681085722115,"['minmax_scaler', 'feature_selection', 'pca', 'knn']",0,4,True
2153,kc2,kc2,3913,1063,train,0.5053182350644279,0.003398551605641842,0.05,0.5853182350644279,"['standard_scaler', 'feature_selection', 'pca', 'random_forest']",0,4,False
2154,mfeat-factors,mfeat-factors,12,12,train,0.884430588970538,0.0048944139387458565,0.05,0.964430588970538,"['feature_selection', 'minmax_scaler', 'pca', 'svm']",0,4,True
2155,electricity,electricity,219,151,train,0.6894939206242198,0.0051607293076813224,0.05,0.7694939206242198,"['standard_scaler', 'feature_selection', 'pca', 'svm']",0,4,False
2156,PhishingWebsites,PhishingWebsites,14952,4534,train,0.8783136215977543,0.005178556777536869,0.05,0.9583136215977544,"['standard_scaler', 'feature_selection', 'pca', 'svm']",0,4,False
2157,MiceProtein,MiceProtein,146800,40966,train,0.886459424231296,0.005618512770161033,0.05,0.966459424231296,"['minmax_scaler', 'feature_selection', 'pca', 'knn']",0,4,False
2158,sick,sick,3021,38,train,0.5974928774928774,0.0066522516310214995,0.05,0.6774928774928775,"['standard_scaler', 'feature_selection', 'pca', 'knn']",0,4,False
2159,vowel,vowel,3022,307,train,0.7761924944113231,0.004668360808864236,0.05,0.8161924944113231,"['feature_selection', 'svm']",0,2,True
2160,connect-4,connect-4,146195,40668,train,0.5501899942853489,0.004043430741876364,0.05,0.6301899942853489,"['minmax_scaler', 'feature_selection', 'pca', 'svm']",0,4,True
2161,analcatdata_dmft,analcatdata_dmft,3560,469,train,0.10462140600438222,0.005185451707802713,0.05,0.16462140600438221,"['feature_selection', 'pca', 'knn']",0,3,True
2162,mfeat-karhunen,mfeat-karhunen,16,16,train,0.9355687356619157,0.003973564210658272,0.05,0.9755687356619157,"['feature_selection', 'knn']",0,2,True
2163,splice,splice,45,46,train,0.6641296124145871,0.005843651201575995,0.05,0.7441296124145872,"['minmax_scaler', 'feature_selection', 'pca', 'knn']",0,4,True
2164,mnist_784,mnist_784,3573,554,train,0.8636369819462779,0.0056021054275333885,0.05,0.943636981946278,"['feature_selection', 'minmax_scaler', 'pca', 'random_forest']",0,4,False
2165,mfeat-fourier,mfeat-fourier,14,14,train,0.7870056981911784,0.004549339568863313,0.05,0.8270056981911784,"['feature_selection', 'random_forest']",0,2,True
2166,electricity,electricity,219,151,train,0.757936705384404,0.003538466477766633,0.05,0.8379367053844041,"['standard_scaler', 'feature_selection', 'pca', 'random_forest']",0,4,True
2167,letter,letter,6,6,train,0.9025431061109469,0.002681353595107794,0.05,0.9225431061109469,['svm'],0,1,True
2168,kc2,kc2,3913,1063,train,0.5006680881307746,0.00506571726873517,0.05,0.5806680881307746,"['minmax_scaler', 'feature_selection', 'pca', 'svm']",0,4,True
2169,pc1,pc1,3918,1068,train,0.5033333333333332,0.0057784317061305044,0.05,0.5833333333333333,"['minmax_scaler', 'feature_selection', 'pca', 'svm']",0,4,True
2170,ilpd,ilpd,9971,1480,train,0.33517857142857144,0.004207150777801871,0.05,0.4151785714285714,"['feature_selection', 'pca', 'minmax_scaler', 'svm']",0,4,True
2171,jm1,jm1,3904,1053,train,0.5238797325056228,0.0047802036628127095,0.05,0.6038797325056229,"['standard_scaler', 'feature_selection', 'pca', 'random_forest']",0,4,True
2172,CIFAR_10,CIFAR_10,167124,40927,train,0.3569186274263862,0.0051469608210027214,0.05,0.43691862742638615,"['standard_scaler', 'pca', 'feature_selection', 'random_forest']",0,4,True
2173,mfeat-morphological,mfeat-morphological,18,18,train,0.6507954222667961,0.007269192487001419,0.05,0.6907954222667961,"['feature_selection', 'random_forest']",0,2,True
2174,kr-vs-kp,kr-vs-kp,3,3,train,0.8795758086873915,0.006613685470074415,0.05,0.9595758086873916,"['minmax_scaler', 'feature_selection', 'pca', 'svm']",0,4,True
2175,first-order-theorem-proving,first-order-theorem-proving,9985,1475,train,0.39620614412147104,0.004793795058503747,0.05,0.41620614412147106,['knn'],0,1,False
2176,satimage,satimage,2074,182,train,0.803654287271737,0.0058986297342926266,0.05,0.8836542872717371,"['standard_scaler', 'feature_selection', 'pca', 'knn']",0,4,True
2177,car,car,146821,40975,train,0.8551110581357987,0.0039253242313861845,0.05,0.9351110581357988,"['minmax_scaler', 'feature_selection', 'pca', 'svm']",0,4,False
2178,ozone-level-8hr,ozone-level-8hr,9978,1487,train,0.40369565217391307,0.0056890944950282575,0.05,0.483695652173913,"['minmax_scaler', 'feature_selection', 'pca', 'svm']",0,4,True
2179,mfeat-pixel,mfeat-pixel,146824,40979,train,0.9178159741021322,0.004554090031888336,0.05,0.9778159741021323,"['feature_selection', 'minmax_scaler', 'svm']",0,3,False
2180,GesturePhaseSegmentationProcessed,GesturePhaseSegmentationProcessed,14969,4538,train,0.41936242244136973,0.003634226764552295,0.05,0.4993624224413697,"['standard_scaler', 'feature_selection', 'pca', 'knn']",0,4,True
2181,eucalyptus,eucalyptus,2079,188,train,0.43626109896215537,0.007946565933525562,0.05,0.5162610989621553,"['minmax_scaler', 'feature_selection', 'pca', 'svm']",0,4,True
2182,MiceProtein,MiceProtein,146800,40966,train,0.9199999999999999,0.006812863890081644,0.05,1.0,"['minmax_scaler', 'feature_selection', 'pca', 'svm']",0,4,True
2183,dresses-sales,dresses-sales,125920,23381,train,0.4507308970099668,0.005655149836093188,0.05,0.5307308970099668,"['standard_scaler', 'feature_selection', 'pca', 'random_forest']",0,4,False
2184,wall-robot-navigation,wall-robot-navigation,9960,1497,train,0.7914473033085992,0.006130338786169887,0.05,0.8714473033085993,"['standard_scaler', 'feature_selection', 'pca', 'random_forest']",0,4,True
2185,balance-scale,balance-scale,11,11,train,0.5225698848954662,0.005159359658136964,0.05,0.5825698848954662,"['standard_scaler', 'feature_selection', 'knn']",0,3,True
2186,sick,sick,3021,38,train,0.4716763766372049,0.006943649798631668,0.05,0.5516763766372049,"['minmax_scaler', 'feature_selection', 'pca', 'knn']",0,4,True
2187,tic-tac-toe,tic-tac-toe,49,50,train,0.7549465104431992,0.005348766781389713,0.05,0.8349465104431992,"['standard_scaler', 'feature_selection', 'pca', 'knn']",0,4,False
2188,nomao,nomao,9977,1486,train,0.8653491666900214,0.00517902234569192,0.05,0.9453491666900214,"['standard_scaler', 'pca', 'feature_selection', 'svm']",0,4,False
2189,wdbc,wdbc,9946,1510,train,0.8869336088865926,0.005339666269719601,0.05,0.9669336088865926,"['feature_selection', 'standard_scaler', 'pca', 'svm']",0,4,False
2190,segment,segment,146822,40984,train,0.8486551598792864,0.006348030564064781,0.05,0.8886551598792864,"['feature_selection', 'knn']",0,2,True
2191,churn,churn,167141,40701,train,0.5993454223794781,0.006921327812597156,0.05,0.6793454223794781,"['minmax_scaler', 'feature_selection', 'pca', 'knn']",0,4,True
2192,credit-approval,credit-approval,29,29,train,0.5100729927007299,0.003883352689445019,0.05,0.59007299270073,"['feature_selection', 'pca', 'minmax_scaler', 'knn']",0,4,True
2193,breast-w,breast-w,15,15,train,0.8852823555262579,0.0051632985472679135,0.05,0.965282355526258,"['feature_selection', 'pca', 'standard_scaler', 'svm']",0,4,False
2194,credit-g,credit-g,31,31,train,0.5638746438746438,0.004223157465457916,0.05,0.6438746438746439,"['standard_scaler', 'feature_selection', 'pca', 'svm']",0,4,True
2195,Devnagari-Script,Devnagari-Script,167121,40923,train,0.8595804629301949,0.0031226162100210786,0.05,0.8995804629301949,"['standard_scaler', 'random_forest']",0,2,True
2196,mfeat-factors,mfeat-factors,12,12,train,0.8690946741643613,0.0038892805110663175,0.05,0.9490946741643613,"['feature_selection', 'minmax_scaler', 'pca', 'random_forest']",0,4,False
2197,adult,adult,7592,1590,train,0.660542917411147,0.004357514856383205,0.05,0.7405429174111471,"['minmax_scaler', 'pca', 'feature_selection', 'knn']",0,4,False
2198,climate-model-simulation-crashes,climate-model-simulation-crashes,146819,40994,train,0.6003493449781658,0.003937512915581465,0.05,0.6803493449781659,"['standard_scaler', 'feature_selection', 'pca', 'knn']",0,4,False
2199,Internet-Advertisements,Internet-Advertisements,167125,40978,train,0.8495810291109884,0.006334981019608677,0.05,0.9295810291109885,"['minmax_scaler', 'feature_selection', 'pca', 'svm']",0,4,True
2200,cmc,cmc,23,23,train,0.35049951258036255,0.004459434561431408,0.05,0.4304995125803625,"['standard_scaler', 'feature_selection', 'pca', 'random_forest']",0,4,False
2201,wilt,wilt,146820,40983,train,0.45032799055409833,0.00895317131653428,0.05,0.5303279905540983,"['standard_scaler', 'feature_selection', 'pca', 'random_forest']",0,4,True
2202,semeion,semeion,9964,1501,train,0.8390727982453661,0.0053133845794945955,0.05,0.8990727982453661,"['minmax_scaler', 'feature_selection', 'knn']",0,3,False
2203,cnae-9,cnae-9,9981,1468,train,0.7281244564666302,0.007511368836276233,0.05,0.7881244564666302,"['feature_selection', 'minmax_scaler', 'knn']",0,3,True
2204,cylinder-bands,cylinder-bands,14954,6332,train,0.5932142857142857,0.005879758344963193,0.05,0.6732142857142858,"['standard_scaler', 'feature_selection', 'pca', 'knn']",0,4,False
2205,mfeat-zernike,mfeat-zernike,22,22,train,0.7819942340973475,0.0033088873994226256,0.05,0.8219942340973475,"['feature_selection', 'svm']",0,2,True
2206,texture,texture,125922,40499,train,0.8654197393858811,0.005766751058399677,0.05,0.9454197393858812,"['minmax_scaler', 'pca', 'feature_selection', 'svm']",0,4,False
2207,vowel,vowel,3022,307,train,0.7761924944113231,0.004781978437677026,0.05,0.8161924944113231,"['feature_selection', 'svm']",0,2,True
2208,PhishingWebsites,PhishingWebsites,14952,4534,train,0.8660069444444445,0.005722490791231394,0.05,0.9460069444444446,"['minmax_scaler', 'feature_selection', 'pca', 'knn']",0,4,False
2209,banknote-authentication,banknote-authentication,10093,1462,train,0.94,0.004384639614727348,0.05,1.0,"['feature_selection', 'pca', 'knn']",0,3,False
2210,Fashion-MNIST,Fashion-MNIST,146825,40996,train,0.7738117102397475,0.004221543134190142,0.05,0.8538117102397476,"['standard_scaler', 'pca', 'feature_selection', 'random_forest']",0,4,True
2211,numerai28.6,numerai28.6,167120,23517,train,0.421333917691626,0.006296017440035939,0.05,0.5013339176916259,"['standard_scaler', 'feature_selection', 'pca', 'knn']",0,4,True
2212,bank-marketing,bank-marketing,14965,1461,train,0.5529365512523832,0.005498081305995583,0.05,0.6329365512523832,"['minmax_scaler', 'pca', 'feature_selection', 'knn']",0,4,False
2213,har,har,14970,1478,train,0.8774349824334845,0.004889373434707522,0.05,0.9574349824334846,"['minmax_scaler', 'pca', 'feature_selection', 'knn']",0,4,True
2214,analcatdata_authorship,analcatdata_authorship,3549,458,train,0.911299312501844,0.004023544047959149,0.05,0.9912993125018441,"['minmax_scaler', 'feature_selection', 'pca', 'random_forest']",0,4,True
2215,jungle_chess_2pcs_raw_endgame_complete,jungle_chess_2pcs_raw_endgame_complete,167119,41027,train,0.705498559141346,0.006678960130860408,0.05,0.745498559141346,"['standard_scaler', 'svm']",0,2,False
2216,blood-transfusion-service-center,blood-transfusion-service-center,10101,1464,train,0.5784037418520176,0.0038400687044486403,0.05,0.6384037418520176,"['standard_scaler', 'feature_selection', 'random_forest']",0,3,False
2217,pc4,pc4,3902,1049,train,0.6173052787006275,0.004311293829232454,0.05,0.6973052787006275,"['standard_scaler', 'feature_selection', 'pca', 'random_forest']",0,4,True
2218,isolet,isolet,3481,300,train,0.9035024556674343,0.005126181834687789,0.05,0.9435024556674343,"['standard_scaler', 'random_forest']",0,2,True
2219,dna,dna,167140,40670,train,0.7375017659658013,0.003959750942885876,0.05,0.8175017659658014,"['minmax_scaler', 'pca', 'feature_selection', 'knn']",0,4,True
2220,Internet-Advertisements,Internet-Advertisements,167125,40978,train,0.8065488086087624,0.005133402161300182,0.05,0.8865488086087625,"['minmax_scaler', 'feature_selection', 'pca', 'knn']",0,4,True
2221,har,har,14970,1478,train,0.8927947373218016,0.007863545697182417,0.05,0.9727947373218017,"['standard_scaler', 'feature_selection', 'pca', 'svm']",0,4,True
2222,cylinder-bands,cylinder-bands,14954,6332,train,0.6133132227249873,0.005305814649909734,0.05,0.6933132227249874,"['minmax_scaler', 'feature_selection', 'pca', 'random_forest']",0,4,False
2223,churn,churn,167141,40701,train,0.6882724096964603,0.005246413312852383,0.05,0.7682724096964604,"['standard_scaler', 'feature_selection', 'pca', 'random_forest']",0,4,True
2224,wdbc,wdbc,9946,1510,train,0.8814187643020595,0.005981258756946772,0.05,0.9414187643020595,"['feature_selection', 'standard_scaler', 'random_forest']",0,3,True
2225,Fashion-MNIST,Fashion-MNIST,146825,40996,train,0.7738117102397475,0.0047506223898381,0.05,0.8538117102397476,"['standard_scaler', 'pca', 'feature_selection', 'random_forest']",0,4,True
2226,MiceProtein,MiceProtein,146800,40966,train,0.886459424231296,0.004276151396334171,0.05,0.966459424231296,"['minmax_scaler', 'feature_selection', 'pca', 'knn']",0,4,True
2227,satimage,satimage,2074,182,train,0.8032603083013382,0.0036857951432466506,0.05,0.8832603083013383,"['minmax_scaler', 'feature_selection', 'pca', 'knn']",0,4,True
2228,adult,adult,7592,1590,train,0.6912593185570619,0.005724424356594681,0.05,0.771259318557062,"['standard_scaler', 'feature_selection', 'pca', 'svm']",0,4,True
2229,isolet,isolet,3481,300,train,0.9235024556674343,0.010252248961478472,0.05,0.9435024556674343,['random_forest'],0,1,True
2230,jungle_chess_2pcs_raw_endgame_complete,jungle_chess_2pcs_raw_endgame_complete,167119,41027,train,0.6654985591413459,0.004998994711786509,0.05,0.745498559141346,"['standard_scaler', 'feature_selection', 'pca', 'svm']",0,4,False
2231,mnist_784,mnist_784,3573,554,train,0.8927323309517121,0.006724885851144791,0.05,0.9727323309517122,"['minmax_scaler', 'pca', 'feature_selection', 'knn']",0,4,False
2232,wilt,wilt,146820,40983,train,0.43424588792863117,0.004145474592223764,0.05,0.5142458879286311,"['minmax_scaler', 'feature_selection', 'pca', 'knn']",0,4,True
2233,kr-vs-kp,kr-vs-kp,3,3,train,0.8488015144895877,0.0030705150682479145,0.05,0.9288015144895878,"['minmax_scaler', 'feature_selection', 'pca', 'knn']",0,4,False
2234,sick,sick,3021,38,train,0.40420413122721754,0.005093918135389686,0.05,0.4842041312272175,"['minmax_scaler', 'feature_selection', 'pca', 'svm']",0,4,True
2235,car,car,146821,40975,train,0.8551110581357987,0.0058948822319507595,0.05,0.9351110581357988,"['minmax_scaler', 'feature_selection', 'pca', 'svm']",0,4,True
2236,breast-w,breast-w,15,15,train,0.9055608352587297,0.0033052071230486035,0.05,0.9655608352587297,"['feature_selection', 'minmax_scaler', 'random_forest']",0,3,False
2237,eucalyptus,eucalyptus,2079,188,train,0.43626109896215537,0.003173179971054196,0.05,0.5162610989621553,"['minmax_scaler', 'feature_selection', 'pca', 'svm']",0,4,True
2238,mfeat-pixel,mfeat-pixel,146824,40979,train,0.9200884269925628,0.004599936713930219,0.05,0.9800884269925628,"['feature_selection', 'standard_scaler', 'svm']",0,3,True
2239,climate-model-simulation-crashes,climate-model-simulation-crashes,146819,40994,train,0.47311355311355313,0.005920186638832092,0.05,0.5531135531135531,"['standard_scaler', 'feature_selection', 'pca', 'svm']",0,4,True
2240,banknote-authentication,banknote-authentication,10093,1462,train,0.94,0.005099504487589002,0.05,1.0,"['feature_selection', 'pca', 'knn']",0,3,True
2241,blood-transfusion-service-center,blood-transfusion-service-center,10101,1464,train,0.5899999999999999,0.007393152103759348,0.05,0.6499999999999999,"['minmax_scaler', 'feature_selection', 'random_forest']",0,3,True
2242,cnae-9,cnae-9,9981,1468,train,0.7589171544654928,0.006440637982450426,0.05,0.8189171544654928,"['standard_scaler', 'feature_selection', 'knn']",0,3,False
2243,wall-robot-navigation,wall-robot-navigation,9960,1497,train,0.7522526634526184,0.00665681641548872,0.05,0.8322526634526185,"['minmax_scaler', 'feature_selection', 'pca', 'knn']",0,4,True
2244,dna,dna,167140,40670,train,0.7125879158077301,0.007595051266252995,0.05,0.7925879158077301,"['standard_scaler', 'feature_selection', 'pca', 'knn']",0,4,True
2245,pc1,pc1,3918,1068,train,0.45496006127585076,0.00704357149079442,0.05,0.5349600612758507,"['standard_scaler', 'feature_selection', 'pca', 'svm']",0,4,False
2246,first-order-theorem-proving,first-order-theorem-proving,9985,1475,train,0.3972976358892343,0.005083828186616302,0.05,0.47729763588923424,"['standard_scaler', 'feature_selection', 'pca', 'random_forest']",0,4,True
2247,GesturePhaseSegmentationProcessed,GesturePhaseSegmentationProcessed,14969,4538,train,0.38070274828896256,0.0059648852329701185,0.05,0.4007027482889626,['svm'],0,1,True
2248,nomao,nomao,9977,1486,train,0.8590131827651271,0.004725056467577815,0.05,0.9390131827651271,"['minmax_scaler', 'pca', 'feature_selection', 'knn']",0,4,False
2249,credit-approval,credit-approval,29,29,train,0.7167676767676767,0.005118246073834598,0.05,0.7767676767676768,"['feature_selection', 'minmax_scaler', 'knn']",0,3,False
2250,mfeat-fourier,mfeat-fourier,14,14,train,0.8125923088975547,0.005720409564673901,0.05,0.8525923088975548,"['feature_selection', 'knn']",0,2,False
2251,ilpd,ilpd,9971,1480,train,0.6230645161290322,0.003909735009074211,0.05,0.6830645161290323,"['standard_scaler', 'feature_selection', 'random_forest']",0,3,False
2252,dresses-sales,dresses-sales,125920,23381,train,0.5123520923520923,0.004980269074440003,0.05,0.5923520923520924,"['minmax_scaler', 'feature_selection', 'pca', 'svm']",0,4,False
2253,balance-scale,balance-scale,11,11,train,0.5624760649495669,0.0043313089408911765,0.05,0.622476064949567,"['standard_scaler', 'feature_selection', 'svm']",0,3,False
2254,semeion,semeion,9964,1501,train,0.8956931871239985,0.0072366350796073675,0.05,0.9556931871239985,"['feature_selection', 'minmax_scaler', 'svm']",0,3,False
2255,numerai28.6,numerai28.6,167120,23517,train,0.421333917691626,0.004029068164527416,0.05,0.5013339176916259,"['standard_scaler', 'feature_selection', 'pca', 'knn']",0,4,True
2256,analcatdata_authorship,analcatdata_authorship,3549,458,train,0.911299312501844,0.004476141883060336,0.05,0.9912993125018441,"['minmax_scaler', 'feature_selection', 'pca', 'random_forest']",0,4,True
2257,segment,segment,146822,40984,train,0.8831466907479032,0.00789908537020286,0.05,0.9231466907479032,"['feature_selection', 'random_forest']",0,2,True
2258,letter,letter,6,6,train,0.9396450989680648,0.004048358183354139,0.05,0.9596450989680648,['random_forest'],0,1,True
2259,pc4,pc4,3902,1049,train,0.4960053104147015,0.004985290765762329,0.05,0.5760053104147015,"['minmax_scaler', 'feature_selection', 'pca', 'svm']",0,4,True
2260,texture,texture,125922,40499,train,0.9519332405235489,0.006087965487192075,0.05,0.9919332405235489,"['standard_scaler', 'svm']",0,2,False
2261,bank-marketing,bank-marketing,14965,1461,train,0.6555401568385629,0.009231308319916328,0.05,0.695540156838563,"['standard_scaler', 'svm']",0,2,False
2262,PhishingWebsites,PhishingWebsites,14952,4534,train,0.937478248751719,0.008358699036762118,0.05,0.957478248751719,['svm'],0,1,True
2263,electricity,electricity,219,151,train,0.757936705384404,0.0075367183424532415,0.05,0.8379367053844041,"['standard_scaler', 'feature_selection', 'pca', 'random_forest']",0,4,True
2264,mfeat-karhunen,mfeat-karhunen,16,16,train,0.942266485276634,0.003764048684388399,0.05,0.9822664852766341,"['feature_selection', 'svm']",0,2,True
2265,tic-tac-toe,tic-tac-toe,49,50,train,0.8926211888572055,0.006218962604179978,0.05,0.9526211888572056,"['minmax_scaler', 'feature_selection', 'random_forest']",0,3,True
2266,analcatdata_dmft,analcatdata_dmft,3560,469,train,0.13291243663309396,0.005978643894195557,0.05,0.17291243663309394,"['feature_selection', 'random_forest']",0,2,True
2267,mfeat-factors,mfeat-factors,12,12,train,0.911167646065057,0.0058127641677856445,0.05,0.951167646065057,"['feature_selection', 'knn']",0,2,True
2268,ozone-level-8hr,ozone-level-8hr,9978,1487,train,0.4992146059525739,0.004713010974228382,0.05,0.5792146059525739,"['standard_scaler', 'feature_selection', 'pca', 'knn']",0,4,True
2269,connect-4,connect-4,146195,40668,train,0.508552929474386,0.005382164707407355,0.05,0.5885529294743861,"['standard_scaler', 'feature_selection', 'pca', 'svm']",0,4,False
2270,mfeat-morphological,mfeat-morphological,18,18,train,0.37619566871878,0.004667447647079825,0.05,0.39619566871878004,['svm'],0,1,True
2271,credit-g,credit-g,31,31,train,0.5130318754633061,0.0065468527842313055,0.05,0.5930318754633062,"['minmax_scaler', 'feature_selection', 'pca', 'svm']",0,4,True
2272,vowel,vowel,3022,307,train,0.7761924944113231,0.004967603832483292,0.05,0.8161924944113231,"['feature_selection', 'svm']",0,2,True
2273,splice,splice,45,46,train,0.6641296124145871,0.005234804656356573,0.05,0.7441296124145872,"['minmax_scaler', 'pca', 'feature_selection', 'knn']",0,4,True
2274,cmc,cmc,23,23,train,0.3424227740763174,0.004890888649970293,0.05,0.42242277407631734,"['standard_scaler', 'feature_selection', 'pca', 'svm']",0,4,False
2275,jm1,jm1,3904,1053,train,0.4463277243108773,0.003873140085488558,0.05,0.5263277243108773,"['standard_scaler', 'feature_selection', 'pca', 'svm']",0,4,True
2276,mfeat-zernike,mfeat-zernike,22,22,train,0.7819942340973475,0.003687832194070021,0.05,0.8219942340973475,"['feature_selection', 'svm']",0,2,True
2277,Devnagari-Script,Devnagari-Script,167121,40923,train,0.8818164242003736,0.004338389961048961,0.05,0.9018164242003737,['knn'],0,1,True
2278,kc2,kc2,3913,1063,train,0.5834523971207388,0.005444455659016967,0.05,0.6634523971207389,"['standard_scaler', 'feature_selection', 'pca', 'knn']",0,4,False
2279,CIFAR_10,CIFAR_10,167124,40927,train,0.2651775284729758,0.00588589021936059,0.05,0.3451775284729758,"['standard_scaler', 'pca', 'feature_selection', 'knn']",0,4,True
2280,mfeat-zernike,mfeat-zernike,22,22,train,0.7460314682126085,0.003439909041238328,0.05,0.7860314682126085,"['feature_selection', 'random_forest']",0,2,False
2281,pc1,pc1,3918,1068,train,0.5781897730380092,0.006111204344779253,0.05,0.6581897730380093,"['minmax_scaler', 'feature_selection', 'pca', 'knn']",0,4,True
2282,eucalyptus,eucalyptus,2079,188,train,0.43626109896215537,0.00454184329137206,0.05,0.5162610989621553,"['minmax_scaler', 'feature_selection', 'pca', 'svm']",0,4,True
2283,mfeat-pixel,mfeat-pixel,146824,40979,train,0.9334723103806105,0.004771462952097257,0.05,0.9734723103806106,"['minmax_scaler', 'random_forest']",0,2,False
2284,first-order-theorem-proving,first-order-theorem-proving,9985,1475,train,0.328681085722115,0.006146406102925539,0.05,0.408681085722115,"['minmax_scaler', 'feature_selection', 'pca', 'knn']",0,4,True
2285,analcatdata_authorship,analcatdata_authorship,3549,458,train,0.9149557437898543,0.0049978571478277445,0.05,0.9949557437898544,"['minmax_scaler', 'feature_selection', 'pca', 'knn']",0,4,True
2286,splice,splice,45,46,train,0.8771944105277436,0.005212315358221531,0.05,0.9571944105277437,"['minmax_scaler', 'feature_selection', 'pca', 'svm']",0,4,True
2287,Internet-Advertisements,Internet-Advertisements,167125,40978,train,0.8495810291109884,0.004010140569880605,0.05,0.9295810291109885,"['minmax_scaler', 'feature_selection', 'pca', 'svm']",0,4,True
2288,GesturePhaseSegmentationProcessed,GesturePhaseSegmentationProcessed,14969,4538,train,0.4368659410268866,0.0046460636425763365,0.05,0.5168659410268865,"['minmax_scaler', 'feature_selection', 'pca', 'knn']",0,4,False
2289,balance-scale,balance-scale,11,11,train,0.5225698848954662,0.00611057662172243,0.05,0.5825698848954662,"['standard_scaler', 'feature_selection', 'knn']",0,3,True
2290,numerai28.6,numerai28.6,167120,23517,train,0.421333917691626,0.0057367297355085615,0.05,0.5013339176916259,"['standard_scaler', 'feature_selection', 'pca', 'knn']",0,4,True
2291,dna,dna,167140,40670,train,0.7375017659658013,0.005935102887451649,0.05,0.8175017659658014,"['minmax_scaler', 'feature_selection', 'pca', 'knn']",0,4,False
2292,climate-model-simulation-crashes,climate-model-simulation-crashes,146819,40994,train,0.6003493449781658,0.0043301348807290195,0.05,0.6803493449781659,"['standard_scaler', 'feature_selection', 'pca', 'knn']",0,4,True
2293,cnae-9,cnae-9,9981,1468,train,0.7775115645931399,0.004175547801423818,0.05,0.8375115645931399,"['feature_selection', 'standard_scaler', 'svm']",0,3,False
2294,vowel,vowel,3022,307,train,0.7961924944113231,0.003381510148756206,0.05,0.8161924944113231,['svm'],0,1,True
2295,bank-marketing,bank-marketing,14965,1461,train,0.6073066972455914,0.003034564945846796,0.05,0.6873066972455915,"['standard_scaler', 'feature_selection', 'pca', 'svm']",0,4,True
2296,letter,letter,6,6,train,0.9396450989680648,0.006124056060798466,0.05,0.9596450989680648,['random_forest'],0,1,True
2297,mfeat-factors,mfeat-factors,12,12,train,0.8888716176210784,0.005406815512105823,0.05,0.9688716176210784,"['standard_scaler', 'pca', 'feature_selection', 'svm']",0,4,False
2298,sick,sick,3021,38,train,0.5974928774928774,0.006032103043980897,0.05,0.6774928774928775,"['standard_scaler', 'feature_selection', 'pca', 'knn']",0,4,True
2299,satimage,satimage,2074,182,train,0.8032603083013382,0.00524642514064908,0.05,0.8832603083013383,"['minmax_scaler', 'feature_selection', 'pca', 'knn']",0,4,True
2300,wdbc,wdbc,9946,1510,train,0.897780856257009,0.005872174981050193,0.05,0.957780856257009,"['minmax_scaler', 'feature_selection', 'svm']",0,3,True
2301,mfeat-fourier,mfeat-fourier,14,14,train,0.7670056981911784,0.006592737045139074,0.05,0.8270056981911784,"['feature_selection', 'minmax_scaler', 'random_forest']",0,3,True
2302,har,har,14970,1478,train,0.8927947373218016,0.00997986039146781,0.05,0.9727947373218017,"['standard_scaler', 'pca', 'feature_selection', 'svm']",0,4,True
2303,electricity,electricity,219,151,train,0.757936705384404,0.007458677235990763,0.05,0.8379367053844041,"['standard_scaler', 'feature_selection', 'pca', 'random_forest']",0,4,True
2304,mfeat-morphological,mfeat-morphological,18,18,train,0.6507954222667961,0.004773332038894296,0.05,0.6907954222667961,"['feature_selection', 'random_forest']",0,2,True
2305,kc2,kc2,3913,1063,train,0.5053182350644279,0.006864583399146795,0.05,0.5853182350644279,"['standard_scaler', 'feature_selection', 'pca', 'random_forest']",0,4,True
2306,nomao,nomao,9977,1486,train,0.8590459225627097,0.004027564590796828,0.05,0.9390459225627098,"['standard_scaler', 'pca', 'feature_selection', 'knn']",0,4,True
2307,mnist_784,mnist_784,3573,554,train,0.8927323309517121,0.005074054468423128,0.05,0.9727323309517122,"['minmax_scaler', 'pca', 'feature_selection', 'knn']",0,4,True
2308,connect-4,connect-4,146195,40668,train,0.4862626319885756,0.007631769543513656,0.05,0.5662626319885756,"['minmax_scaler', 'feature_selection', 'pca', 'knn']",0,4,False
2309,semeion,semeion,9964,1501,train,0.9040142947674675,0.005416538333520293,0.05,0.9640142947674676,"['standard_scaler', 'feature_selection', 'svm']",0,3,False
2310,ozone-level-8hr,ozone-level-8hr,9978,1487,train,0.4572050816696914,0.004580685310065747,0.05,0.5372050816696914,"['minmax_scaler', 'feature_selection', 'pca', 'random_forest']",0,4,True
2311,dresses-sales,dresses-sales,125920,23381,train,0.4507308970099668,0.0038610391318798067,0.05,0.5307308970099668,"['standard_scaler', 'feature_selection', 'pca', 'random_forest']",0,4,True
2312,churn,churn,167141,40701,train,0.824628078216103,0.005564020946621895,0.05,0.884628078216103,"['standard_scaler', 'feature_selection', 'random_forest']",0,3,False
2313,tic-tac-toe,tic-tac-toe,49,50,train,0.731266447368421,0.005849168356508017,0.05,0.811266447368421,"['minmax_scaler', 'feature_selection', 'pca', 'random_forest']",0,4,False
2314,analcatdata_dmft,analcatdata_dmft,3560,469,train,0.0863483629294477,0.005301321332808584,0.05,0.1463483629294477,"['pca', 'feature_selection', 'random_forest']",0,3,True
2315,jungle_chess_2pcs_raw_endgame_complete,jungle_chess_2pcs_raw_endgame_complete,167119,41027,train,0.7347613531066415,0.005117057589814067,0.05,0.8147613531066416,"['standard_scaler', 'feature_selection', 'pca', 'random_forest']",0,4,False
2316,blood-transfusion-service-center,blood-transfusion-service-center,10101,1464,train,0.6086274509803921,0.002778942493023351,0.05,0.6686274509803921,"['standard_scaler', 'feature_selection', 'knn']",0,3,False
2317,mfeat-karhunen,mfeat-karhunen,16,16,train,0.9555687356619157,0.005234243348240852,0.05,0.9755687356619157,['knn'],0,1,True
2318,segment,segment,146822,40984,train,0.8686551598792864,0.004827363416552544,0.05,0.8886551598792864,['knn'],0,1,True
2319,isolet,isolet,3481,300,train,0.869801282532608,0.003144485759548843,0.05,0.889801282532608,['knn'],0,1,True
2320,car,car,146821,40975,train,0.8551110581357987,0.005528226401656866,0.05,0.9351110581357988,"['minmax_scaler', 'feature_selection', 'pca', 'svm']",0,4,True
2321,kr-vs-kp,kr-vs-kp,3,3,train,0.8488015144895877,0.01223754109814763,0.05,0.9288015144895878,"['minmax_scaler', 'feature_selection', 'pca', 'knn']",0,4,True
2322,MiceProtein,MiceProtein,146800,40966,train,0.8761057514845806,0.0068135003093630075,0.05,0.8961057514845806,['knn'],0,1,True
2323,credit-g,credit-g,31,31,train,0.5449999999999999,0.009275998640805482,0.05,0.625,"['standard_scaler', 'feature_selection', 'pca', 'random_forest']",0,4,True
2324,ilpd,ilpd,9971,1480,train,0.6230645161290322,0.009168825228698552,0.05,0.6830645161290323,"['standard_scaler', 'feature_selection', 'random_forest']",0,3,True
2325,wall-robot-navigation,wall-robot-navigation,9960,1497,train,0.7746067221540691,0.010051357094198465,0.05,0.8546067221540692,"['minmax_scaler', 'feature_selection', 'pca', 'random_forest']",0,4,True
2326,cylinder-bands,cylinder-bands,14954,6332,train,0.5811835077974791,0.009001350030303001,0.05,0.6611835077974791,"['minmax_scaler', 'feature_selection', 'pca', 'svm']",0,4,False
2327,credit-approval,credit-approval,29,29,train,0.7176287103806808,0.007169961463660002,0.05,0.7776287103806808,"['standard_scaler', 'feature_selection', 'svm']",0,3,True
2328,adult,adult,7592,1590,train,0.66037585119189,0.007269361615180969,0.05,0.7403758511918901,"['minmax_scaler', 'feature_selection', 'pca', 'knn']",0,4,True
2329,pc4,pc4,3902,1049,train,0.6173052787006275,0.008753714617341757,0.05,0.6973052787006275,"['standard_scaler', 'feature_selection', 'pca', 'random_forest']",0,4,True
2330,banknote-authentication,banknote-authentication,10093,1462,train,0.9501421780788413,0.006740596455832322,0.05,0.9901421780788413,"['standard_scaler', 'random_forest']",0,2,True
2331,Devnagari-Script,Devnagari-Script,167121,40923,train,0.8800268014037228,0.004661337239667773,0.05,0.9000268014037228,['random_forest'],0,1,True
2332,jm1,jm1,3904,1053,train,0.4463277243108773,0.005370419146493078,0.05,0.5263277243108773,"['standard_scaler', 'feature_selection', 'pca', 'svm']",0,4,True
2333,PhishingWebsites,PhishingWebsites,14952,4534,train,0.8657059397705829,0.006437066616490484,0.05,0.9457059397705829,"['standard_scaler', 'feature_selection', 'pca', 'knn']",0,4,True
2334,breast-w,breast-w,15,15,train,0.8985084033613446,0.004167872306425124,0.05,0.9585084033613447,"['standard_scaler', 'feature_selection', 'svm']",0,3,True
2335,Fashion-MNIST,Fashion-MNIST,146825,40996,train,0.8087748944534431,0.008173780888319016,0.05,0.8887748944534432,"['minmax_scaler', 'pca', 'feature_selection', 'svm']",0,4,True
2336,CIFAR_10,CIFAR_10,167124,40927,train,0.2651775284729758,0.006515293009579181,0.05,0.3451775284729758,"['standard_scaler', 'pca', 'feature_selection', 'knn']",0,4,True
2337,wilt,wilt,146820,40983,train,0.46350918424144966,0.004391893558204174,0.05,0.5435091842414497,"['standard_scaler', 'feature_selection', 'pca', 'knn']",0,4,True
2338,cmc,cmc,23,23,train,0.32623589515503854,0.004608414927497506,0.05,0.4062358951550385,"['minmax_scaler', 'feature_selection', 'pca', 'knn']",0,4,True
2339,texture,texture,125922,40499,train,0.9335389133627018,0.0033013449574355036,0.05,0.9935389133627018,"['minmax_scaler', 'feature_selection', 'svm']",0,3,False
2340,texture,texture,125922,40499,train,0.9335389133627018,0.005050654988735914,0.05,0.9935389133627018,"['minmax_scaler', 'feature_selection', 'svm']",0,3,True
2341,connect-4,connect-4,146195,40668,train,0.5501899942853489,0.011531574930995703,0.05,0.6301899942853489,"['minmax_scaler', 'feature_selection', 'pca', 'svm']",0,4,True
2342,har,har,14970,1478,train,0.84858917776054,0.0071255512535572055,0.05,0.9285891777605401,"['standard_scaler', 'pca', 'feature_selection', 'random_forest']",0,4,False
2343,Internet-Advertisements,Internet-Advertisements,167125,40978,train,0.8541413551401869,0.007424048893153667,0.05,0.9341413551401869,"['standard_scaler', 'pca', 'feature_selection', 'random_forest']",0,4,True
2344,kc2,kc2,3913,1063,train,0.5834523971207388,0.005915920343250036,0.05,0.6634523971207389,"['standard_scaler', 'feature_selection', 'pca', 'knn']",0,4,True
2345,mfeat-karhunen,mfeat-karhunen,16,16,train,0.9355687356619157,0.006915633101016283,0.05,0.9755687356619157,"['feature_selection', 'knn']",0,2,True
2346,jm1,jm1,3904,1053,train,0.5198074350825589,0.0069636928383260965,0.05,0.599807435082559,"['minmax_scaler', 'feature_selection', 'pca', 'knn']",0,4,True
2347,numerai28.6,numerai28.6,167120,23517,train,0.4261987337363685,0.005395324854180217,0.05,0.5061987337363685,"['standard_scaler', 'feature_selection', 'pca', 'random_forest']",0,4,True
2348,nomao,nomao,9977,1486,train,0.8590459225627097,0.007256711553782225,0.05,0.9390459225627098,"['standard_scaler', 'pca', 'feature_selection', 'knn']",0,4,True
2349,electricity,electricity,219,151,train,0.757936705384404,0.00627237600274384,0.05,0.8379367053844041,"['standard_scaler', 'feature_selection', 'pca', 'random_forest']",0,4,True
2350,CIFAR_10,CIFAR_10,167124,40927,train,0.34979183003056485,0.006056221574544907,0.05,0.4297918300305648,"['minmax_scaler', 'pca', 'feature_selection', 'random_forest']",0,4,False
2351,pc1,pc1,3918,1068,train,0.6237644699662747,0.0056406987830996515,0.05,0.7037644699662747,"['standard_scaler', 'feature_selection', 'pca', 'random_forest']",0,4,False
2352,isolet,isolet,3481,300,train,0.946933827324566,0.005974745377898216,0.05,0.966933827324566,['svm'],0,1,True
2353,ilpd,ilpd,9971,1480,train,0.35517857142857134,0.005457336257677525,0.05,0.4151785714285714,"['minmax_scaler', 'feature_selection', 'svm']",0,3,True
2354,first-order-theorem-proving,first-order-theorem-proving,9985,1475,train,0.26500692174444956,0.004911696026101709,0.05,0.3450069217444495,"['minmax_scaler', 'feature_selection', 'pca', 'svm']",0,4,True
2355,dresses-sales,dresses-sales,125920,23381,train,0.5796662596662596,0.005976005923002958,0.05,0.6596662596662597,"['minmax_scaler', 'feature_selection', 'pca', 'knn']",0,4,False
2356,breast-w,breast-w,15,15,train,0.9255608352587297,0.004306362398589651,0.05,0.9655608352587297,"['minmax_scaler', 'random_forest']",0,2,False
2357,credit-g,credit-g,31,31,train,0.5449999999999999,0.007370828837156296,0.05,0.625,"['standard_scaler', 'feature_selection', 'pca', 'random_forest']",0,4,True
2358,credit-approval,credit-approval,29,29,train,0.7298989898989898,0.005784570472314954,0.05,0.7898989898989899,"['standard_scaler', 'feature_selection', 'random_forest']",0,3,True
2359,Devnagari-Script,Devnagari-Script,167121,40923,train,0.9154353510216617,0.004163400270044804,0.05,0.9354353510216618,['svm'],0,1,True
2360,cmc,cmc,23,23,train,0.32540979242551155,0.006934732850641012,0.05,0.4054097924255115,"['minmax_scaler', 'feature_selection', 'pca', 'svm']",0,4,True
2361,eucalyptus,eucalyptus,2079,188,train,0.436114554711046,0.0123017487116158,0.05,0.516114554711046,"['minmax_scaler', 'feature_selection', 'pca', 'knn']",0,4,True
2362,climate-model-simulation-crashes,climate-model-simulation-crashes,146819,40994,train,0.6003493449781658,0.011796449031680822,0.05,0.6803493449781659,"['standard_scaler', 'feature_selection', 'pca', 'knn']",0,4,True
2363,car,car,146821,40975,train,0.7111361961994872,0.010447342041879892,0.05,0.7911361961994873,"['standard_scaler', 'feature_selection', 'pca', 'random_forest']",0,4,True
2364,analcatdata_dmft,analcatdata_dmft,3560,469,train,0.14939434928399278,0.011072784662246704,0.05,0.18939434928399276,"['standard_scaler', 'knn']",0,2,False
2365,mfeat-factors,mfeat-factors,12,12,train,0.9022365093925202,0.012594430125318468,0.05,0.9622365093925203,"['minmax_scaler', 'feature_selection', 'knn']",0,3,False
2366,jungle_chess_2pcs_raw_endgame_complete,jungle_chess_2pcs_raw_endgame_complete,167119,41027,train,0.6709401096447679,0.00926660168915987,0.05,0.750940109644768,"['minmax_scaler', 'feature_selection', 'pca', 'svm']",0,4,True
2367,balance-scale,balance-scale,11,11,train,0.5074339401056958,0.007466591242700815,0.05,0.5874339401056958,"['standard_scaler', 'feature_selection', 'pca', 'knn']",0,4,False
2368,satimage,satimage,2074,182,train,0.803654287271737,0.007190384529531002,0.05,0.8836542872717371,"['standard_scaler', 'feature_selection', 'pca', 'knn']",0,4,True
2369,sick,sick,3021,38,train,0.5549926238145415,0.004746081726625562,0.05,0.6349926238145416,"['minmax_scaler', 'feature_selection', 'pca', 'random_forest']",0,4,False
2370,letter,letter,6,6,train,0.9396450989680648,0.008372370153665543,0.05,0.9596450989680648,['random_forest'],0,1,True
2371,semeion,semeion,9964,1501,train,0.8390727982453661,0.005668888916261494,0.05,0.8990727982453661,"['minmax_scaler', 'feature_selection', 'knn']",0,3,True
2372,cnae-9,cnae-9,9981,1468,train,0.7589171544654928,0.006128098117187619,0.05,0.8189171544654928,"['standard_scaler', 'feature_selection', 'knn']",0,3,True
2373,splice,splice,45,46,train,0.8763031194938685,0.00623639551922679,0.05,0.9563031194938686,"['standard_scaler', 'feature_selection', 'pca', 'svm']",0,4,True
2374,MiceProtein,MiceProtein,146800,40966,train,0.9028075503117928,0.0033132188546005636,0.05,0.9628075503117929,"['standard_scaler', 'feature_selection', 'knn']",0,3,False
2375,banknote-authentication,banknote-authentication,10093,1462,train,0.96,0.006356863770633936,0.05,1.0,"['minmax_scaler', 'knn']",0,2,False
2376,segment,segment,146822,40984,train,0.8434878459592394,0.004771576185400288,0.05,0.8834878459592395,"['minmax_scaler', 'knn']",0,2,False
2377,mfeat-pixel,mfeat-pixel,146824,40979,train,0.9200205957533754,0.0040875375852920115,0.05,0.9800205957533754,"['minmax_scaler', 'feature_selection', 'knn']",0,3,False
2378,wilt,wilt,146820,40983,train,0.40607833883907507,0.0056337343994528055,0.05,0.48607833883907503,"['minmax_scaler', 'feature_selection', 'pca', 'svm']",0,4,True
2379,blood-transfusion-service-center,blood-transfusion-service-center,10101,1464,train,0.5984037418520176,0.005267996030549209,0.05,0.6384037418520176,"['standard_scaler', 'random_forest']",0,2,True
2380,ozone-level-8hr,ozone-level-8hr,9978,1487,train,0.4992146059525739,0.0035211374051868916,0.05,0.5792146059525739,"['standard_scaler', 'feature_selection', 'pca', 'knn']",0,4,True
2381,mfeat-morphological,mfeat-morphological,18,18,train,0.6707954222667961,0.014491481706500053,0.05,0.6907954222667961,['random_forest'],0,1,False
2382,dna,dna,167140,40670,train,0.7125879158077301,0.010902993101626634,0.05,0.7925879158077301,"['standard_scaler', 'feature_selection', 'pca', 'knn']",0,4,True
2383,adult,adult,7592,1590,train,0.6912593185570619,0.0082617262378335,0.05,0.771259318557062,"['standard_scaler', 'feature_selection', 'pca', 'svm']",0,4,True
2384,cylinder-bands,cylinder-bands,14954,6332,train,0.5932142857142857,0.0074949351139366625,0.05,0.6732142857142858,"['standard_scaler', 'feature_selection', 'pca', 'knn']",0,4,True
2385,kr-vs-kp,kr-vs-kp,3,3,train,0.8349698044803753,0.006470309104770422,0.05,0.9149698044803753,"['standard_scaler', 'feature_selection', 'pca', 'knn']",0,4,True
2386,Fashion-MNIST,Fashion-MNIST,146825,40996,train,0.7788386540142296,0.005799307860434056,0.05,0.8588386540142297,"['standard_scaler', 'pca', 'feature_selection', 'knn']",0,4,True
2387,wdbc,wdbc,9946,1510,train,0.8866666666666666,0.005768424272537232,0.05,0.9666666666666667,"['minmax_scaler', 'feature_selection', 'pca', 'knn']",0,4,False
2388,pc4,pc4,3902,1049,train,0.5382040144223943,0.006229185638949275,0.05,0.6182040144223944,"['minmax_scaler', 'feature_selection', 'pca', 'knn']",0,4,True
2389,mfeat-fourier,mfeat-fourier,14,14,train,0.7870056981911784,0.005291540951778491,0.05,0.8270056981911784,"['feature_selection', 'random_forest']",0,2,True
2390,GesturePhaseSegmentationProcessed,GesturePhaseSegmentationProcessed,14969,4538,train,0.42884764790150753,0.004323811503127217,0.05,0.5088476479015075,"['standard_scaler', 'feature_selection', 'pca', 'random_forest']",0,4,True
2391,churn,churn,167141,40701,train,0.7508769408884401,0.004686553636565805,0.05,0.8308769408884402,"['standard_scaler', 'feature_selection', 'pca', 'svm']",0,4,False
2392,mfeat-zernike,mfeat-zernike,22,22,train,0.7460314682126085,0.003687578331058224,0.05,0.7860314682126085,"['feature_selection', 'random_forest']",0,2,True
2393,PhishingWebsites,PhishingWebsites,14952,4534,train,0.8657059397705829,0.005515960883349181,0.05,0.9457059397705829,"['standard_scaler', 'feature_selection', 'pca', 'knn']",0,4,True
2394,bank-marketing,bank-marketing,14965,1461,train,0.5529365512523832,0.0036627385765314103,0.05,0.6329365512523832,"['minmax_scaler', 'feature_selection', 'pca', 'knn']",0,4,False
2395,vowel,vowel,3022,307,train,0.7511816957073604,0.006331027019768953,0.05,0.7711816957073604,['knn'],0,1,True
2396,wall-robot-navigation,wall-robot-navigation,9960,1497,train,0.7522526634526184,0.005830309120938182,0.05,0.8322526634526185,"['minmax_scaler', 'feature_selection', 'pca', 'knn']",0,4,True
2397,mnist_784,mnist_784,3573,554,train,0.885386334314991,0.0059240713715553285,0.05,0.9653863343149911,"['standard_scaler', 'pca', 'feature_selection', 'svm']",0,4,False
2398,tic-tac-toe,tic-tac-toe,49,50,train,0.731266447368421,0.006370330974459648,0.05,0.811266447368421,"['minmax_scaler', 'feature_selection', 'pca', 'random_forest']",0,4,True
2399,analcatdata_authorship,analcatdata_authorship,3549,458,train,0.9199999999999999,0.006133821839466691,0.05,1.0,"['minmax_scaler', 'feature_selection', 'pca', 'svm']",0,4,True
2400,numerai28.6,numerai28.6,167120,23517,train,0.421333917691626,0.007509185560047626,0.05,0.5013339176916259,"['standard_scaler', 'feature_selection', 'pca', 'knn']",0,4,True
2401,ilpd,ilpd,9971,1480,train,0.35517857142857134,0.010142934741452336,0.05,0.4151785714285714,"['standard_scaler', 'feature_selection', 'svm']",0,3,True
2402,texture,texture,125922,40499,train,0.9238383438358365,0.007657215581275523,0.05,0.9838383438358366,"['minmax_scaler', 'feature_selection', 'knn']",0,3,False
2403,mfeat-karhunen,mfeat-karhunen,16,16,train,0.9355687356619157,0.005579522189994653,0.05,0.9755687356619157,"['feature_selection', 'knn']",0,2,True
2404,dresses-sales,dresses-sales,125920,23381,train,0.515561918396564,0.004582002479583025,0.05,0.595561918396564,"['standard_scaler', 'feature_selection', 'pca', 'knn']",0,4,False
2405,kc2,kc2,3913,1063,train,0.48617647058823527,0.005990137532353401,0.05,0.5661764705882353,"['standard_scaler', 'feature_selection', 'pca', 'svm']",0,4,True
2406,mfeat-factors,mfeat-factors,12,12,train,0.9022242989470329,0.00679623254109174,0.05,0.962224298947033,"['minmax_scaler', 'feature_selection', 'svm']",0,3,False
2407,har,har,14970,1478,train,0.8559593042768422,0.006284605897963047,0.05,0.9359593042768423,"['minmax_scaler', 'pca', 'feature_selection', 'random_forest']",0,4,False
2408,vowel,vowel,3022,307,train,0.7511816957073604,0.004659751197323203,0.05,0.7711816957073604,['knn'],0,1,True
2409,churn,churn,167141,40701,train,0.6507214838615452,0.00471729296259582,0.05,0.7307214838615452,"['standard_scaler', 'feature_selection', 'pca', 'knn']",0,4,True
2410,analcatdata_authorship,analcatdata_authorship,3549,458,train,0.9199999999999999,0.004410036560148001,0.05,1.0,"['standard_scaler', 'feature_selection', 'pca', 'knn']",0,4,False
2411,cmc,cmc,23,23,train,0.3424227740763174,0.0072491014376282695,0.05,0.42242277407631734,"['standard_scaler', 'feature_selection', 'pca', 'svm']",0,4,True
2412,wilt,wilt,146820,40983,train,0.46350918424144966,0.00753439269028604,0.05,0.5435091842414497,"['standard_scaler', 'feature_selection', 'pca', 'knn']",0,4,True
2413,connect-4,connect-4,146195,40668,train,0.4862626319885756,0.006893529836088419,0.05,0.5662626319885756,"['minmax_scaler', 'feature_selection', 'pca', 'knn']",0,4,True
2414,car,car,146821,40975,train,0.634185679943388,0.005279254540801049,0.05,0.7141856799433881,"['minmax_scaler', 'feature_selection', 'pca', 'random_forest']",0,4,True
2415,cylinder-bands,cylinder-bands,14954,6332,train,0.5932142857142857,0.005813344474881887,0.05,0.6732142857142858,"['standard_scaler', 'pca', 'feature_selection', 'knn']",0,4,False
2416,mfeat-fourier,mfeat-fourier,14,14,train,0.8125923088975547,0.003984843303139011,0.05,0.8525923088975548,"['feature_selection', 'knn']",0,2,True
2417,adult,adult,7592,1590,train,0.6664147262354563,0.004081870475783944,0.05,0.7464147262354563,"['standard_scaler', 'pca', 'feature_selection', 'knn']",0,4,True
2418,PhishingWebsites,PhishingWebsites,14952,4534,train,0.8657059397705829,0.003909854916855693,0.05,0.9457059397705829,"['standard_scaler', 'feature_selection', 'pca', 'knn']",0,4,True
2419,cnae-9,cnae-9,9981,1468,train,0.7775115645931399,0.005187949747778475,0.05,0.8375115645931399,"['feature_selection', 'standard_scaler', 'svm']",0,3,True
2420,pc4,pc4,3902,1049,train,0.4960053104147015,0.003782497765496373,0.05,0.5760053104147015,"['minmax_scaler', 'feature_selection', 'pca', 'svm']",0,4,True
2421,tic-tac-toe,tic-tac-toe,49,50,train,0.731266447368421,0.014992151781916619,0.05,0.811266447368421,"['minmax_scaler', 'feature_selection', 'pca', 'random_forest']",0,4,True
2422,nomao,nomao,9977,1486,train,0.8590459225627097,0.010079835541546345,0.05,0.9390459225627098,"['standard_scaler', 'pca', 'feature_selection', 'knn']",0,4,True
2423,mfeat-zernike,mfeat-zernike,22,22,train,0.7460314682126085,0.0076804749357203645,0.05,0.7860314682126085,"['feature_selection', 'random_forest']",0,2,True
2424,semeion,semeion,9964,1501,train,0.8478455551676369,0.007248125853948295,0.05,0.907845555167637,"['standard_scaler', 'feature_selection', 'knn']",0,3,True
2425,breast-w,breast-w,15,15,train,0.9193365011552377,0.006999461445957422,0.05,0.9793365011552377,"['minmax_scaler', 'feature_selection', 'knn']",0,3,True
2426,credit-approval,credit-approval,29,29,train,0.7114438502673797,0.0066006103530526165,0.05,0.7914438502673797,"['standard_scaler', 'feature_selection', 'pca', 'svm']",0,4,True
2427,sick,sick,3021,38,train,0.6275158031357907,0.00611690990626812,0.05,0.7075158031357908,"['standard_scaler', 'feature_selection', 'pca', 'random_forest']",0,4,True
2428,Devnagari-Script,Devnagari-Script,167121,40923,train,0.9154353510216617,0.010872076265513897,0.05,0.9354353510216618,['svm'],0,1,True
2429,wall-robot-navigation,wall-robot-navigation,9960,1497,train,0.7746067221540691,0.007049448229372502,0.05,0.8546067221540692,"['minmax_scaler', 'feature_selection', 'pca', 'random_forest']",0,4,True
2430,mnist_784,mnist_784,3573,554,train,0.8927323309517121,0.005707171931862831,0.05,0.9727323309517122,"['minmax_scaler', 'pca', 'feature_selection', 'knn']",0,4,True
2431,MiceProtein,MiceProtein,146800,40966,train,0.91608514803034,0.006518582161515951,0.05,0.9960851480303401,"['standard_scaler', 'feature_selection', 'pca', 'svm']",0,4,False
2432,segment,segment,146822,40984,train,0.8295384956909195,0.007688125285009543,0.05,0.8695384956909196,"['standard_scaler', 'svm']",0,2,True
2433,letter,letter,6,6,train,0.9025431061109469,0.004049900337122381,0.05,0.9225431061109469,['svm'],0,1,True
2434,kr-vs-kp,kr-vs-kp,3,3,train,0.8976998945474846,0.008367531839758158,0.05,0.9776998945474846,"['standard_scaler', 'pca', 'feature_selection', 'svm']",0,4,True
2435,bank-marketing,bank-marketing,14965,1461,train,0.5908599069969002,0.005778972012922168,0.05,0.6708599069969002,"['standard_scaler', 'feature_selection', 'pca', 'knn']",0,4,False
2436,satimage,satimage,2074,182,train,0.806703283244394,0.0056053194217383865,0.05,0.8867032832443941,"['standard_scaler', 'feature_selection', 'pca', 'random_forest']",0,4,True
2437,dna,dna,167140,40670,train,0.8675677922072896,0.005522966291755438,0.05,0.9475677922072897,"['minmax_scaler', 'pca', 'feature_selection', 'svm']",0,4,True
2438,credit-g,credit-g,31,31,train,0.5638746438746438,0.005064296629279852,0.05,0.6438746438746439,"['standard_scaler', 'feature_selection', 'pca', 'svm']",0,4,True
2439,GesturePhaseSegmentationProcessed,GesturePhaseSegmentationProcessed,14969,4538,train,0.41936242244136973,0.00336767197586596,0.05,0.4993624224413697,"['standard_scaler', 'feature_selection', 'pca', 'knn']",0,4,True
2440,jungle_chess_2pcs_raw_endgame_complete,jungle_chess_2pcs_raw_endgame_complete,167119,41027,train,0.6077667756464779,0.005611552484333515,0.05,0.6877667756464779,"['minmax_scaler', 'feature_selection', 'pca', 'knn']",0,4,True
2441,climate-model-simulation-crashes,climate-model-simulation-crashes,146819,40994,train,0.47311355311355313,0.01489669349975884,0.05,0.5531135531135531,"['minmax_scaler', 'feature_selection', 'pca', 'svm']",0,4,False
2442,blood-transfusion-service-center,blood-transfusion-service-center,10101,1464,train,0.44661064425770314,0.009860078059136867,0.05,0.5266106442577031,"['standard_scaler', 'feature_selection', 'pca', 'svm']",0,4,True
2443,analcatdata_dmft,analcatdata_dmft,3560,469,train,0.14633112918827204,0.006176451065888007,0.05,0.18633112918827202,"['standard_scaler', 'svm']",0,2,False
2444,wdbc,wdbc,9946,1510,train,0.8458830341632888,0.0069344939664006235,0.05,0.9258830341632889,"['standard_scaler', 'feature_selection', 'pca', 'random_forest']",0,4,True
2445,eucalyptus,eucalyptus,2079,188,train,0.43626109896215537,0.006099943583831191,0.05,0.5162610989621553,"['minmax_scaler', 'feature_selection', 'pca', 'svm']",0,4,True
2446,CIFAR_10,CIFAR_10,167124,40927,train,0.2903319565099506,0.00568725704215467,0.05,0.35033195650995064,"['minmax_scaler', 'pca', 'knn']",0,3,False
2447,banknote-authentication,banknote-authentication,10093,1462,train,0.9501421780788413,0.005996781401336193,0.05,0.9901421780788413,"['minmax_scaler', 'random_forest']",0,2,False
2448,pc1,pc1,3918,1068,train,0.5781897730380092,0.005116256885230541,0.05,0.6581897730380093,"['standard_scaler', 'feature_selection', 'pca', 'knn']",0,4,True
2449,Internet-Advertisements,Internet-Advertisements,167125,40978,train,0.8495810291109884,0.006250309757888317,0.05,0.9295810291109885,"['minmax_scaler', 'pca', 'feature_selection', 'svm']",0,4,False
2450,electricity,electricity,219,151,train,0.7353124027185338,0.0048655201215296985,0.05,0.8153124027185339,"['standard_scaler', 'feature_selection', 'pca', 'knn']",0,4,True
2451,Fashion-MNIST,Fashion-MNIST,146825,40996,train,0.7784821982135333,0.005843499256297946,0.05,0.8584821982135333,"['minmax_scaler', 'pca', 'feature_selection', 'knn']",0,4,True
2452,first-order-theorem-proving,first-order-theorem-proving,9985,1475,train,0.40721610622876653,0.005440418515354395,0.05,0.4872161062287665,"['minmax_scaler', 'feature_selection', 'pca', 'random_forest']",0,4,True
2453,mfeat-morphological,mfeat-morphological,18,18,train,0.6707954222667961,0.005867822328582406,0.05,0.6907954222667961,['random_forest'],0,1,True
2454,jm1,jm1,3904,1053,train,0.5198074350825589,0.004817173909395933,0.05,0.599807435082559,"['minmax_scaler', 'feature_selection', 'pca', 'knn']",0,4,True
2455,balance-scale,balance-scale,11,11,train,0.5074339401056958,0.004811471747234464,0.05,0.5874339401056958,"['standard_scaler', 'feature_selection', 'pca', 'knn']",0,4,True
2456,ozone-level-8hr,ozone-level-8hr,9978,1487,train,0.4992146059525739,0.005910508427768945,0.05,0.5792146059525739,"['standard_scaler', 'feature_selection', 'pca', 'knn']",0,4,True
2457,splice,splice,45,46,train,0.6641296124145871,0.004086538590490818,0.05,0.7441296124145872,"['minmax_scaler', 'pca', 'feature_selection', 'knn']",0,4,True
2458,isolet,isolet,3481,300,train,0.869801282532608,0.0052386182360351086,0.05,0.889801282532608,['knn'],0,1,True
2459,mfeat-pixel,mfeat-pixel,146824,40979,train,0.9377970195141666,0.004129293529937665,0.05,0.9777970195141666,"['feature_selection', 'knn']",0,2,True
2460,blood-transfusion-service-center,blood-transfusion-service-center,10101,1464,train,0.5912735462735461,0.0072594499215483665,0.05,0.6712735462735462,"['standard_scaler', 'pca', 'feature_selection', 'random_forest']",0,4,False
2461,Devnagari-Script,Devnagari-Script,167121,40923,train,0.8818164242003736,0.016558810137212276,0.05,0.9018164242003737,['knn'],0,1,True
2462,analcatdata_authorship,analcatdata_authorship,3549,458,train,0.9199999999999999,0.00956547148525715,0.05,1.0,"['standard_scaler', 'feature_selection', 'pca', 'knn']",0,4,True
2463,semeion,semeion,9964,1501,train,0.8390727982453661,0.005973735707812011,0.05,0.8990727982453661,"['minmax_scaler', 'feature_selection', 'knn']",0,3,True
2464,mfeat-factors,mfeat-factors,12,12,train,0.924337382248156,0.005862686783075333,0.05,0.964337382248156,"['standard_scaler', 'knn']",0,2,True
2465,mfeat-zernike,mfeat-zernike,22,22,train,0.8107004958533077,0.007966846460476518,0.05,0.8307004958533077,['knn'],0,1,True
2466,Internet-Advertisements,Internet-Advertisements,167125,40978,train,0.8495810291109884,0.007357271108776331,0.05,0.9295810291109885,"['minmax_scaler', 'pca', 'feature_selection', 'svm']",0,4,True
2467,jm1,jm1,3904,1053,train,0.4463277243108773,0.00791851282119751,0.05,0.5263277243108773,"['standard_scaler', 'feature_selection', 'pca', 'svm']",0,4,True
2468,cylinder-bands,cylinder-bands,14954,6332,train,0.5932142857142857,0.007083853892982006,0.05,0.6732142857142858,"['standard_scaler', 'pca', 'feature_selection', 'knn']",0,4,True
2469,credit-approval,credit-approval,29,29,train,0.7037610786743395,0.0061984524130821225,0.05,0.7837610786743395,"['standard_scaler', 'pca', 'feature_selection', 'knn']",0,4,False
2470,banknote-authentication,banknote-authentication,10093,1462,train,0.96,0.006664109105865161,0.05,1.0,"['standard_scaler', 'knn']",0,2,False
2471,nomao,nomao,9977,1486,train,0.8648957362567113,0.005212165834382177,0.05,0.9448957362567114,"['minmax_scaler', 'pca', 'feature_selection', 'svm']",0,4,False
2472,texture,texture,125922,40499,train,0.9535389133627018,0.004819341857607166,0.05,0.9935389133627018,"['minmax_scaler', 'svm']",0,2,False
2473,Fashion-MNIST,Fashion-MNIST,146825,40996,train,0.8062780264264611,0.005525650270283222,0.05,0.8862780264264611,"['standard_scaler', 'pca', 'feature_selection', 'svm']",0,4,True
2474,wdbc,wdbc,9946,1510,train,0.9066666666666666,0.007652179920114577,0.05,0.9666666666666667,"['standard_scaler', 'pca', 'knn']",0,3,False
2475,connect-4,connect-4,146195,40668,train,0.5310725966581421,0.004413424199447036,0.05,0.6110725966581422,"['standard_scaler', 'feature_selection', 'pca', 'knn']",0,4,False
2476,kc2,kc2,3913,1063,train,0.5834523971207388,0.004977803211659193,0.05,0.6634523971207389,"['standard_scaler', 'feature_selection', 'pca', 'knn']",0,4,True
2477,pc1,pc1,3918,1068,train,0.45496006127585076,0.004959276458248496,0.05,0.5349600612758507,"['standard_scaler', 'feature_selection', 'pca', 'svm']",0,4,True
2478,dresses-sales,dresses-sales,125920,23381,train,0.5123520923520923,0.006080388184636831,0.05,0.5923520923520924,"['minmax_scaler', 'pca', 'feature_selection', 'svm']",0,4,False
2479,eucalyptus,eucalyptus,2079,188,train,0.43626109896215537,0.005150775890797377,0.05,0.5162610989621553,"['minmax_scaler', 'pca', 'feature_selection', 'svm']",0,4,True
2480,tic-tac-toe,tic-tac-toe,49,50,train,0.7277084206116462,0.006185506377369166,0.05,0.8077084206116463,"['standard_scaler', 'feature_selection', 'pca', 'random_forest']",0,4,True
2481,analcatdata_dmft,analcatdata_dmft,3560,469,train,0.13291243663309396,0.01133122481405735,0.05,0.17291243663309394,"['standard_scaler', 'random_forest']",0,2,True
2482,credit-g,credit-g,31,31,train,0.5449999999999999,0.011165341921150684,0.05,0.625,"['standard_scaler', 'feature_selection', 'pca', 'random_forest']",0,4,True
2483,CIFAR_10,CIFAR_10,167124,40927,train,0.3569186274263862,0.006414768751710653,0.05,0.43691862742638615,"['standard_scaler', 'pca', 'feature_selection', 'random_forest']",0,4,True
2484,electricity,electricity,219,151,train,0.7353124027185338,0.005541634000837803,0.05,0.8153124027185339,"['standard_scaler', 'feature_selection', 'pca', 'knn']",0,4,True
2485,cnae-9,cnae-9,9981,1468,train,0.785370181824896,0.006263843504711986,0.05,0.8453701818248961,"['feature_selection', 'pca', 'knn']",0,3,True
2486,churn,churn,167141,40701,train,0.559590118027754,0.00801986651495099,0.05,0.6395901180277541,"['minmax_scaler', 'feature_selection', 'pca', 'svm']",0,4,False
2487,balance-scale,balance-scale,11,11,train,0.5424760649495669,0.004580019786953926,0.05,0.622476064949567,"['standard_scaler', 'feature_selection', 'pca', 'svm']",0,4,True
2488,car,car,146821,40975,train,0.8551110581357987,0.005730825150385499,0.05,0.9351110581357988,"['minmax_scaler', 'feature_selection', 'pca', 'svm']",0,4,True
2489,bank-marketing,bank-marketing,14965,1461,train,0.6239731498536673,0.004274804750457406,0.05,0.7039731498536673,"['standard_scaler', 'feature_selection', 'pca', 'random_forest']",0,4,True
2490,har,har,14970,1478,train,0.8749743830883062,0.005596867250278592,0.05,0.9549743830883063,"['standard_scaler', 'pca', 'feature_selection', 'knn']",0,4,True
2491,breast-w,breast-w,15,15,train,0.8855608352587296,0.005151885375380516,0.05,0.9655608352587297,"['minmax_scaler', 'feature_selection', 'pca', 'knn']",0,4,False
2492,first-order-theorem-proving,first-order-theorem-proving,9985,1475,train,0.3972976358892343,0.0067485470790416,0.05,0.47729763588923424,"['feature_selection', 'standard_scaler', 'pca', 'random_forest']",0,4,False
2493,GesturePhaseSegmentationProcessed,GesturePhaseSegmentationProcessed,14969,4538,train,0.42884764790150753,0.008855472411960363,0.05,0.5088476479015075,"['standard_scaler', 'feature_selection', 'pca', 'random_forest']",0,4,True
2494,dna,dna,167140,40670,train,0.7125879158077301,0.008316024765372276,0.05,0.7925879158077301,"['standard_scaler', 'pca', 'feature_selection', 'knn']",0,4,False
2495,satimage,satimage,2074,182,train,0.7897223844417623,0.0070732150226831434,0.05,0.8697223844417624,"['standard_scaler', 'feature_selection', 'pca', 'svm']",0,4,False
2496,climate-model-simulation-crashes,climate-model-simulation-crashes,146819,40994,train,0.47311355311355313,0.007878604065626859,0.05,0.5531135531135531,"['minmax_scaler', 'feature_selection', 'pca', 'svm']",0,4,True
2497,cmc,cmc,23,23,train,0.32540979242551155,0.007544371765106916,0.05,0.4054097924255115,"['minmax_scaler', 'feature_selection', 'pca', 'svm']",0,4,True
2498,vowel,vowel,3022,307,train,0.7961924944113231,0.007840969366952777,0.05,0.8161924944113231,['svm'],0,1,True
2499,mnist_784,mnist_784,3573,554,train,0.8927323309517121,0.004610136523842812,0.05,0.9727323309517122,"['minmax_scaler', 'pca', 'feature_selection', 'knn']",0,4,True
2500,letter,letter,6,6,train,0.9195495070567066,0.006540694739669561,0.05,0.9395495070567066,['knn'],0,1,True
2501,sick,sick,3021,38,train,0.4716763766372049,0.015851425658911466,0.05,0.5516763766372049,"['minmax_scaler', 'feature_selection', 'pca', 'knn']",0,4,True
2502,pc4,pc4,3902,1049,train,0.5578728070175438,0.014184162253513932,0.05,0.6178728070175439,"['minmax_scaler', 'feature_selection', 'svm']",0,3,True
2503,jungle_chess_2pcs_raw_endgame_complete,jungle_chess_2pcs_raw_endgame_complete,167119,41027,train,0.6077667756464779,0.014933985471725465,0.05,0.6877667756464779,"['minmax_scaler', 'feature_selection', 'pca', 'knn']",0,4,True
2504,MiceProtein,MiceProtein,146800,40966,train,0.9199999999999999,0.00833875797688961,0.05,1.0,"['minmax_scaler', 'feature_selection', 'pca', 'svm']",0,4,True
2505,kr-vs-kp,kr-vs-kp,3,3,train,0.8349698044803753,0.00666568772867322,0.05,0.9149698044803753,"['standard_scaler', 'pca', 'feature_selection', 'knn']",0,4,False
2506,mfeat-morphological,mfeat-morphological,18,18,train,0.6707954222667961,0.007119548041373491,0.05,0.6907954222667961,['random_forest'],0,1,True
2507,adult,adult,7592,1590,train,0.6570245238494785,0.006589957373216748,0.05,0.7370245238494786,"['minmax_scaler', 'feature_selection', 'pca', 'random_forest']",0,4,True
2508,ilpd,ilpd,9971,1480,train,0.5619367434595861,0.00808520819991827,0.05,0.6419367434595862,"['minmax_scaler', 'feature_selection', 'pca', 'random_forest']",0,4,False
2509,ozone-level-8hr,ozone-level-8hr,9978,1487,train,0.40369565217391307,0.006080094585195183,0.05,0.483695652173913,"['minmax_scaler', 'feature_selection', 'pca', 'svm']",0,4,True
2510,isolet,isolet,3481,300,train,0.946933827324566,0.006130532827228308,0.05,0.966933827324566,['svm'],0,1,True
2511,wall-robot-navigation,wall-robot-navigation,9960,1497,train,0.7849627177251062,0.005195427965372801,0.05,0.8649627177251062,"['standard_scaler', 'feature_selection', 'pca', 'svm']",0,4,True
2512,segment,segment,146822,40984,train,0.8363658704358558,0.0039573474787175655,0.05,0.8763658704358558,"['standard_scaler', 'knn']",0,2,True
2513,splice,splice,45,46,train,0.688895548224428,0.007931800186634063,0.05,0.7688955482244281,"['standard_scaler', 'pca', 'feature_selection', 'knn']",0,4,False
2514,mfeat-karhunen,mfeat-karhunen,16,16,train,0.9177886533129698,0.0034147800567249456,0.05,0.9577886533129698,"['feature_selection', 'random_forest']",0,2,False
2515,numerai28.6,numerai28.6,167120,23517,train,0.4261987337363685,0.004695032606832683,0.05,0.5061987337363685,"['standard_scaler', 'feature_selection', 'pca', 'random_forest']",0,4,True
2516,mfeat-pixel,mfeat-pixel,146824,40979,train,0.9312976271040787,0.005189455735186736,0.05,0.9712976271040787,"['feature_selection', 'random_forest']",0,2,True
2517,PhishingWebsites,PhishingWebsites,14952,4534,train,0.8783136215977543,0.00470411772839725,0.05,0.9583136215977544,"['standard_scaler', 'feature_selection', 'pca', 'svm']",0,4,True
2518,wilt,wilt,146820,40983,train,0.45032799055409833,0.0069375285413116215,0.05,0.5303279905540983,"['standard_scaler', 'feature_selection', 'pca', 'random_forest']",0,4,True
2519,mfeat-fourier,mfeat-fourier,14,14,train,0.7870056981911784,0.005965717602521181,0.05,0.8270056981911784,"['feature_selection', 'random_forest']",0,2,True
2520,ozone-level-8hr,ozone-level-8hr,9978,1487,train,0.4992146059525739,0.004791079508140683,0.05,0.5792146059525739,"['standard_scaler', 'feature_selection', 'pca', 'knn']",0,4,True
2521,isolet,isolet,3481,300,train,0.946933827324566,0.01768851839005947,0.05,0.966933827324566,['svm'],0,1,True
2522,banknote-authentication,banknote-authentication,10093,1462,train,0.8970345596432552,0.00847266437485814,0.05,0.9770345596432553,"['standard_scaler', 'feature_selection', 'pca', 'knn']",0,4,False
2523,kc2,kc2,3913,1063,train,0.5667525706104385,0.007262578047811985,0.05,0.6467525706104386,"['minmax_scaler', 'feature_selection', 'pca', 'random_forest']",0,4,False
2524,cnae-9,cnae-9,9981,1468,train,0.7481244564666302,0.007158252100149791,0.05,0.7881244564666302,"['minmax_scaler', 'knn']",0,2,False
2525,analcatdata_authorship,analcatdata_authorship,3549,458,train,0.9199999999999999,0.0061773999594151975,0.05,1.0,"['standard_scaler', 'pca', 'feature_selection', 'knn']",0,4,False
2526,breast-w,breast-w,15,15,train,0.8925551502518672,0.008878346346318722,0.05,0.9725551502518672,"['standard_scaler', 'pca', 'feature_selection', 'random_forest']",0,4,False
2527,jungle_chess_2pcs_raw_endgame_complete,jungle_chess_2pcs_raw_endgame_complete,167119,41027,train,0.5988141037374256,0.006863533426076174,0.05,0.6788141037374257,"['standard_scaler', 'feature_selection', 'pca', 'knn']",0,4,True
2528,texture,texture,125922,40499,train,0.9535389133627018,0.006233865084747474,0.05,0.9935389133627018,"['minmax_scaler', 'svm']",0,2,True
2529,segment,segment,146822,40984,train,0.8812041712041712,0.005498015554621816,0.05,0.9212041712041712,"['minmax_scaler', 'random_forest']",0,2,False
2530,letter,letter,6,6,train,0.9396450989680648,0.006139565724879503,0.05,0.9596450989680648,['random_forest'],0,1,True
2531,mfeat-zernike,mfeat-zernike,22,22,train,0.7660314682126085,0.008103137137368321,0.05,0.7860314682126085,['random_forest'],0,1,True
2532,credit-g,credit-g,31,31,train,0.5179532163742689,0.006653987243771553,0.05,0.597953216374269,"['standard_scaler', 'pca', 'feature_selection', 'knn']",0,4,True
2533,satimage,satimage,2074,182,train,0.806703283244394,0.006518255267292261,0.05,0.8867032832443941,"['standard_scaler', 'feature_selection', 'pca', 'random_forest']",0,4,True
2534,kr-vs-kp,kr-vs-kp,3,3,train,0.8349698044803753,0.004742983961477876,0.05,0.9149698044803753,"['standard_scaler', 'pca', 'feature_selection', 'knn']",0,4,True
2535,eucalyptus,eucalyptus,2079,188,train,0.43626109896215537,0.006076504336670041,0.05,0.5162610989621553,"['minmax_scaler', 'pca', 'feature_selection', 'svm']",0,4,True
2536,mfeat-karhunen,mfeat-karhunen,16,16,train,0.962266485276634,0.003955384367145598,0.05,0.9822664852766341,['svm'],0,1,True
2537,wall-robot-navigation,wall-robot-navigation,9960,1497,train,0.7849627177251062,0.005493864230811596,0.05,0.8649627177251062,"['standard_scaler', 'feature_selection', 'pca', 'svm']",0,4,True
2538,cylinder-bands,cylinder-bands,14954,6332,train,0.5932142857142857,0.005198292853310704,0.05,0.6732142857142858,"['standard_scaler', 'pca', 'feature_selection', 'knn']",0,4,True
2539,wdbc,wdbc,9946,1510,train,0.8287077741036115,0.004501878842711448,0.05,0.9087077741036116,"['minmax_scaler', 'pca', 'feature_selection', 'random_forest']",0,4,False
2540,MiceProtein,MiceProtein,146800,40966,train,0.9199999999999999,0.005185093637555838,0.05,1.0,"['minmax_scaler', 'pca', 'feature_selection', 'svm']",0,4,False
2541,credit-approval,credit-approval,29,29,train,0.7080434782608694,0.016264076717197894,0.05,0.7880434782608695,"['minmax_scaler', 'pca', 'feature_selection', 'knn']",0,4,False
2542,Internet-Advertisements,Internet-Advertisements,167125,40978,train,0.8065488086087624,0.008877555187791587,0.05,0.8865488086087625,"['minmax_scaler', 'feature_selection', 'pca', 'knn']",0,4,True
2543,tic-tac-toe,tic-tac-toe,49,50,train,0.8159194542365144,0.007121282815933228,0.05,0.8959194542365144,"['standard_scaler', 'pca', 'feature_selection', 'svm']",0,4,False
2544,mfeat-morphological,mfeat-morphological,18,18,train,0.37619566871878,0.008964054519310594,0.05,0.39619566871878004,['svm'],0,1,True
2545,numerai28.6,numerai28.6,167120,23517,train,0.4197887523599131,0.00699096554890275,0.05,0.49978875235991305,"['minmax_scaler', 'pca', 'feature_selection', 'knn']",0,4,False
2546,mfeat-pixel,mfeat-pixel,146824,40979,train,0.9177986300189525,0.007053374429233372,0.05,0.9777986300189525,"['standard_scaler', 'pca', 'knn']",0,3,False
2547,mnist_784,mnist_784,3573,554,train,0.9007814793236634,0.006371323857456446,0.05,0.9807814793236634,"['minmax_scaler', 'pca', 'feature_selection', 'svm']",0,4,True
2548,dresses-sales,dresses-sales,125920,23381,train,0.44044753086419763,0.005823476985096931,0.05,0.5204475308641976,"['minmax_scaler', 'pca', 'feature_selection', 'random_forest']",0,4,False
2549,bank-marketing,bank-marketing,14965,1461,train,0.5484194446433491,0.00678159911185503,0.05,0.6284194446433492,"['minmax_scaler', 'feature_selection', 'pca', 'random_forest']",0,4,True
2550,Fashion-MNIST,Fashion-MNIST,146825,40996,train,0.7788386540142296,0.007122557982802391,0.05,0.8588386540142297,"['standard_scaler', 'pca', 'feature_selection', 'knn']",0,4,True
2551,analcatdata_dmft,analcatdata_dmft,3560,469,train,0.13291243663309396,0.0045654852874577045,0.05,0.17291243663309394,"['minmax_scaler', 'random_forest']",0,2,True
2552,churn,churn,167141,40701,train,0.6507214838615452,0.006911159958690405,0.05,0.7307214838615452,"['standard_scaler', 'feature_selection', 'pca', 'knn']",0,4,True
2553,cmc,cmc,23,23,train,0.3453478155938126,0.008569576870650053,0.05,0.4253478155938126,"['standard_scaler', 'pca', 'feature_selection', 'random_forest']",0,4,True
2554,GesturePhaseSegmentationProcessed,GesturePhaseSegmentationProcessed,14969,4538,train,0.30948738408132254,0.00622946135699749,0.05,0.3894873840813225,"['standard_scaler', 'feature_selection', 'pca', 'svm']",0,4,True
2555,semeion,semeion,9964,1501,train,0.8843148073721085,0.0049132971713940305,0.05,0.9243148073721086,"['minmax_scaler', 'random_forest']",0,2,False
2556,jm1,jm1,3904,1053,train,0.5198074350825589,0.007017713971436024,0.05,0.599807435082559,"['minmax_scaler', 'feature_selection', 'pca', 'knn']",0,4,True
2557,mfeat-fourier,mfeat-fourier,14,14,train,0.8325923088975548,0.007941196439787745,0.05,0.8525923088975548,['knn'],0,1,True
2558,climate-model-simulation-crashes,climate-model-simulation-crashes,146819,40994,train,0.6003493449781658,0.005356627376750111,0.05,0.6803493449781659,"['standard_scaler', 'feature_selection', 'pca', 'knn']",0,4,True
2559,car,car,146821,40975,train,0.8737717724215129,0.007392470259219408,0.05,0.933771772421513,"['standard_scaler', 'feature_selection', 'random_forest']",0,3,False
2560,har,har,14970,1478,train,0.8749743830883062,0.006310197431594134,0.05,0.9549743830883063,"['standard_scaler', 'pca', 'feature_selection', 'knn']",0,4,True
2561,connect-4,connect-4,146195,40668,train,0.5310725966581421,0.015913017466664313,0.05,0.6110725966581422,"['standard_scaler', 'feature_selection', 'pca', 'knn']",0,4,True
2562,CIFAR_10,CIFAR_10,167124,40927,train,0.4580427782579436,0.011129428353160619,0.05,0.5380427782579436,"['standard_scaler', 'pca', 'feature_selection', 'svm']",0,4,True
2563,wilt,wilt,146820,40983,train,0.40607833883907507,0.010353830084204674,0.05,0.48607833883907503,"['minmax_scaler', 'feature_selection', 'pca', 'svm']",0,4,True
2564,electricity,electricity,219,151,train,0.6113895604059039,0.00939313815906644,0.05,0.6913895604059039,"['minmax_scaler', 'feature_selection', 'pca', 'knn']",0,4,True
2565,first-order-theorem-proving,first-order-theorem-proving,9985,1475,train,0.328681085722115,0.008006650488823652,0.05,0.408681085722115,"['minmax_scaler', 'feature_selection', 'pca', 'knn']",0,4,True
2566,nomao,nomao,9977,1486,train,0.8590459225627097,0.0075515670701861385,0.05,0.9390459225627098,"['standard_scaler', 'pca', 'feature_selection', 'knn']",0,4,True
2567,sick,sick,3021,38,train,0.49607989071553066,0.010204411391168833,0.05,0.5760798907155307,"['standard_scaler', 'pca', 'feature_selection', 'svm']",0,4,False
2568,balance-scale,balance-scale,11,11,train,0.49711442786069654,0.0068978752940893175,0.05,0.5771144278606966,"['standard_scaler', 'pca', 'feature_selection', 'random_forest']",0,4,False
2569,adult,adult,7592,1590,train,0.6912593185570619,0.006148999743163586,0.05,0.771259318557062,"['standard_scaler', 'pca', 'feature_selection', 'svm']",0,4,False
2570,dna,dna,167140,40670,train,0.7375017659658013,0.005767661798745394,0.05,0.8175017659658014,"['minmax_scaler', 'pca', 'feature_selection', 'knn']",0,4,True
2571,Devnagari-Script,Devnagari-Script,167121,40923,train,0.8818164242003736,0.008109507150948048,0.05,0.9018164242003737,['knn'],0,1,True
2572,mfeat-factors,mfeat-factors,12,12,train,0.8537945567938465,0.0066150648053735495,0.05,0.9137945567938466,"['feature_selection', 'pca', 'knn']",0,3,False
2573,pc1,pc1,3918,1068,train,0.5781897730380092,0.006837807688862085,0.05,0.6581897730380093,"['standard_scaler', 'pca', 'feature_selection', 'knn']",0,4,True
2574,pc4,pc4,3902,1049,train,0.6173052787006275,0.006165630975738167,0.05,0.6973052787006275,"['standard_scaler', 'pca', 'feature_selection', 'random_forest']",0,4,False
2575,ilpd,ilpd,9971,1480,train,0.541475985942991,0.006802972126752138,0.05,0.621475985942991,"['standard_scaler', 'pca', 'feature_selection', 'random_forest']",0,4,False
2576,vowel,vowel,3022,307,train,0.7961924944113231,0.0051644183695316315,0.05,0.8161924944113231,['svm'],0,1,True
2577,blood-transfusion-service-center,blood-transfusion-service-center,10101,1464,train,0.6013210495124185,0.006399603653699159,0.05,0.6813210495124186,"['standard_scaler', 'pca', 'feature_selection', 'knn']",0,4,False
2578,PhishingWebsites,PhishingWebsites,14952,4534,train,0.8657059397705829,0.007971969991922378,0.05,0.9457059397705829,"['standard_scaler', 'pca', 'feature_selection', 'knn']",0,4,True
2579,splice,splice,45,46,train,0.8247983755010534,0.005398446740582585,0.05,0.9047983755010535,"['standard_scaler', 'pca', 'feature_selection', 'random_forest']",0,4,True
2580,pc4,pc4,3902,1049,train,0.5813160612034168,0.006186396349221468,0.05,0.6613160612034169,"['standard_scaler', 'pca', 'feature_selection', 'svm']",0,4,False
2581,first-order-theorem-proving,first-order-theorem-proving,9985,1475,train,0.26500692174444956,0.018229328095912933,0.05,0.3450069217444495,"['minmax_scaler', 'feature_selection', 'pca', 'svm']",0,4,True
2582,breast-w,breast-w,15,15,train,0.8852823555262579,0.015348680317401886,0.05,0.965282355526258,"['standard_scaler', 'pca', 'feature_selection', 'svm']",0,4,False
2583,dresses-sales,dresses-sales,125920,23381,train,0.5796662596662596,0.013312693405896425,0.05,0.6596662596662597,"['minmax_scaler', 'pca', 'feature_selection', 'knn']",0,4,False
2584,churn,churn,167141,40701,train,0.5993454223794781,0.00908213397487998,0.05,0.6793454223794781,"['minmax_scaler', 'pca', 'feature_selection', 'knn']",0,4,False
2585,wdbc,wdbc,9946,1510,train,0.8863777252429734,0.007002581702545285,0.05,0.9663777252429735,"['minmax_scaler', 'pca', 'feature_selection', 'svm']",0,4,False
2586,adult,adult,7592,1590,train,0.6664147262354563,0.007538213487714529,0.05,0.7464147262354563,"['standard_scaler', 'pca', 'feature_selection', 'knn']",0,4,True
2587,mfeat-fourier,mfeat-fourier,14,14,train,0.8137939870926838,0.007247493291894595,0.05,0.8537939870926838,"['pca', 'svm']",0,2,False
2588,credit-approval,credit-approval,29,29,train,0.7114438502673797,0.005737988138571381,0.05,0.7914438502673797,"['standard_scaler', 'pca', 'feature_selection', 'svm']",0,4,False
2589,nomao,nomao,9977,1486,train,0.8590459225627097,0.010418564081192017,0.05,0.9390459225627098,"['standard_scaler', 'pca', 'feature_selection', 'knn']",0,4,True
2590,cmc,cmc,23,23,train,0.35049951258036255,0.0061303114518523215,0.05,0.4304995125803625,"['feature_selection', 'standard_scaler', 'pca', 'random_forest']",0,4,False
2591,climate-model-simulation-crashes,climate-model-simulation-crashes,146819,40994,train,0.39413793103448275,0.005969956144690513,0.05,0.4741379310344827,"['standard_scaler', 'pca', 'feature_selection', 'random_forest']",0,4,False
2592,kr-vs-kp,kr-vs-kp,3,3,train,0.8349698044803753,0.006934328563511371,0.05,0.9149698044803753,"['standard_scaler', 'pca', 'feature_selection', 'knn']",0,4,True
2593,mfeat-morphological,mfeat-morphological,18,18,train,0.37619566871878,0.008082008454948664,0.05,0.39619566871878004,['svm'],0,1,True
2594,PhishingWebsites,PhishingWebsites,14952,4534,train,0.8657059397705829,0.005578259518370032,0.05,0.9457059397705829,"['standard_scaler', 'pca', 'feature_selection', 'knn']",0,4,True
2595,cylinder-bands,cylinder-bands,14954,6332,train,0.5782633053221289,0.005425299424678088,0.05,0.658263305322129,"['standard_scaler', 'pca', 'feature_selection', 'svm']",0,4,False
2596,mnist_784,mnist_784,3573,554,train,0.885386334314991,0.005945824831724167,0.05,0.9653863343149911,"['standard_scaler', 'pca', 'feature_selection', 'svm']",0,4,True
2597,wilt,wilt,146820,40983,train,0.40607833883907507,0.004641395714133978,0.05,0.48607833883907503,"['minmax_scaler', 'pca', 'feature_selection', 'svm']",0,4,False
2598,banknote-authentication,banknote-authentication,10093,1462,train,0.9170345596432552,0.0040821111761033535,0.05,0.9770345596432553,"['standard_scaler', 'pca', 'knn']",0,3,False
2599,splice,splice,45,46,train,0.6641296124145871,0.0066766950301826,0.05,0.7441296124145872,"['minmax_scaler', 'pca', 'feature_selection', 'knn']",0,4,True
2600,isolet,isolet,3481,300,train,0.946933827324566,0.004492915701121092,0.05,0.966933827324566,['svm'],0,1,True
2601,jm1,jm1,3904,1053,train,0.4463277243108773,0.00956115610897541,0.05,0.5263277243108773,"['standard_scaler', 'feature_selection', 'pca', 'svm']",0,4,True
2602,sick,sick,3021,38,train,0.5749926238145415,0.012251309934072196,0.05,0.6349926238145416,"['minmax_scaler', 'pca', 'random_forest']",0,3,False
2603,ilpd,ilpd,9971,1480,train,0.5227895694360218,0.00967353703454137,0.05,0.6027895694360219,"['standard_scaler', 'pca', 'feature_selection', 'knn']",0,4,False
2604,dna,dna,167140,40670,train,0.7375017659658013,0.007865828182548284,0.05,0.8175017659658014,"['minmax_scaler', 'pca', 'feature_selection', 'knn']",0,4,True
2605,MiceProtein,MiceProtein,146800,40966,train,0.886459424231296,0.007656908314675093,0.05,0.966459424231296,"['minmax_scaler', 'pca', 'feature_selection', 'knn']",0,4,False
2606,jungle_chess_2pcs_raw_endgame_complete,jungle_chess_2pcs_raw_endgame_complete,167119,41027,train,0.7002702369747347,0.004201958421617746,0.05,0.7202702369747347,['random_forest'],0,1,True
2607,vowel,vowel,3022,307,train,0.8932867998032367,0.00999395859738191,0.05,0.9332867998032367,"['pca', 'svm']",0,2,False
2608,mfeat-pixel,mfeat-pixel,146824,40979,train,0.9135336009020217,0.006569376855622977,0.05,0.9735336009020218,"['pca', 'standard_scaler', 'svm']",0,3,False
2609,mfeat-factors,mfeat-factors,12,12,train,0.8713482373140695,0.007214127224870026,0.05,0.9313482373140696,"['pca', 'standard_scaler', 'svm']",0,3,False
2610,Internet-Advertisements,Internet-Advertisements,167125,40978,train,0.8392859065823126,0.004833494313061237,0.05,0.9192859065823127,"['standard_scaler', 'pca', 'feature_selection', 'svm']",0,4,False
2611,tic-tac-toe,tic-tac-toe,49,50,train,0.8334528698787939,0.006435675686225295,0.05,0.9134528698787939,"['minmax_scaler', 'pca', 'feature_selection', 'svm']",0,4,False
2612,CIFAR_10,CIFAR_10,167124,40927,train,0.45343419511218663,0.005236392933875322,0.05,0.5334341951121866,"['minmax_scaler', 'pca', 'feature_selection', 'svm']",0,4,False
2613,credit-g,credit-g,31,31,train,0.5137428186861889,0.006621539313346148,0.05,0.593742818686189,"['minmax_scaler', 'pca', 'feature_selection', 'random_forest']",0,4,True
2614,mfeat-zernike,mfeat-zernike,22,22,train,0.767151823296064,0.00608528188119332,0.05,0.807151823296064,"['pca', 'random_forest']",0,2,False
2615,mfeat-karhunen,mfeat-karhunen,16,16,train,0.942266485276634,0.0076265093715240555,0.05,0.9822664852766341,"['pca', 'svm']",0,2,False
2616,kc2,kc2,3913,1063,train,0.5994444444444444,0.006157140713185072,0.05,0.6394444444444445,"['standard_scaler', 'knn']",0,2,False
2617,har,har,14970,1478,train,0.9440564175807428,0.008533373940736055,0.05,0.9640564175807428,['knn'],0,1,True
2618,analcatdata_dmft,analcatdata_dmft,3560,469,train,0.13291243663309396,0.004868167297293742,0.05,0.17291243663309394,"['standard_scaler', 'random_forest']",0,2,True
2619,wall-robot-navigation,wall-robot-navigation,9960,1497,train,0.7826993537701298,0.0051272829528898,0.05,0.8626993537701299,"['pca', 'minmax_scaler', 'feature_selection', 'random_forest']",0,4,False
2620,pc1,pc1,3918,1068,train,0.5781897730380092,0.004498260375112295,0.05,0.6581897730380093,"['minmax_scaler', 'pca', 'feature_selection', 'knn']",0,4,False
2621,satimage,satimage,2074,182,train,0.806703283244394,0.01563026700168848,0.05,0.8867032832443941,"['standard_scaler', 'pca', 'feature_selection', 'random_forest']",0,4,False
2622,electricity,electricity,219,151,train,0.7601780933780748,0.010869158525019884,0.05,0.8401780933780749,"['standard_scaler', 'pca', 'feature_selection', 'random_forest']",0,4,False
2623,cnae-9,cnae-9,9981,1468,train,0.8380823551323052,0.00858006440103054,0.05,0.8980823551323053,"['pca', 'standard_scaler', 'random_forest']",0,3,False
2624,texture,texture,125922,40499,train,0.9350832992800269,0.007318596200396617,0.05,0.9750832992800269,"['standard_scaler', 'random_forest']",0,2,False
2625,letter,letter,6,6,train,0.9396450989680648,0.011626523919403553,0.05,0.9596450989680648,['random_forest'],0,1,True
2626,GesturePhaseSegmentationProcessed,GesturePhaseSegmentationProcessed,14969,4538,train,0.41936242244136973,0.00836823033168912,0.05,0.4993624224413697,"['standard_scaler', 'pca', 'feature_selection', 'knn']",0,4,False
2627,bank-marketing,bank-marketing,14965,1461,train,0.6073066972455914,0.006250878097489476,0.05,0.6873066972455915,"['standard_scaler', 'pca', 'feature_selection', 'svm']",0,4,True
2628,connect-4,connect-4,146195,40668,train,0.5086040068506669,0.008154400251805782,0.05,0.5886040068506669,"['standard_scaler', 'pca', 'feature_selection', 'svm']",0,4,False
2629,analcatdata_authorship,analcatdata_authorship,3549,458,train,0.9199999999999999,0.008691869303584098,0.05,1.0,"['standard_scaler', 'pca', 'feature_selection', 'svm']",0,4,False
2630,segment,segment,146822,40984,train,0.8363658704358558,0.006463056430220604,0.05,0.8763658704358558,"['standard_scaler', 'knn']",0,2,True
2631,car,car,146821,40975,train,0.893771772421513,0.005903603974729776,0.05,0.933771772421513,"['minmax_scaler', 'random_forest']",0,2,False
2632,Devnagari-Script,Devnagari-Script,167121,40923,train,0.9154353510216617,0.007521701278164983,0.05,0.9354353510216618,['svm'],0,1,True
2633,numerai28.6,numerai28.6,167120,23517,train,0.421333917691626,0.005963315535336733,0.05,0.5013339176916259,"['standard_scaler', 'pca', 'feature_selection', 'knn']",0,4,True
2634,semeion,semeion,9964,1501,train,0.8460712971664038,0.0061430250643752515,0.05,0.9060712971664039,"['pca', 'standard_scaler', 'svm']",0,3,False
2635,eucalyptus,eucalyptus,2079,188,train,0.436114554711046,0.0047517168335616585,0.05,0.516114554711046,"['minmax_scaler', 'pca', 'feature_selection', 'knn']",0,4,False
2636,balance-scale,balance-scale,11,11,train,0.49711442786069654,0.006138090416789055,0.05,0.5771144278606966,"['standard_scaler', 'feature_selection', 'pca', 'random_forest']",0,4,False
2637,blood-transfusion-service-center,blood-transfusion-service-center,10101,1464,train,0.46661064425770304,0.0065176228526979685,0.05,0.5266106442577031,"['standard_scaler', 'pca', 'svm']",0,3,False
2638,ozone-level-8hr,ozone-level-8hr,9978,1487,train,0.537152149321267,0.008586700819432736,0.05,0.617152149321267,"['minmax_scaler', 'pca', 'feature_selection', 'knn']",0,4,True
2639,Fashion-MNIST,Fashion-MNIST,146825,40996,train,0.7788386540142296,0.005808696197345853,0.05,0.8588386540142297,"['feature_selection', 'standard_scaler', 'pca', 'knn']",0,4,False
2640,Internet-Advertisements,Internet-Advertisements,167125,40978,train,0.8065488086087624,0.004314393363893032,0.05,0.8865488086087625,"['minmax_scaler', 'pca', 'feature_selection', 'knn']",0,4,False
2641,churn,churn,167141,40701,train,0.6803663731894348,0.012937896978110075,0.05,0.7603663731894349,"['standard_scaler', 'pca', 'feature_selection', 'random_forest']",0,4,False
2642,analcatdata_dmft,analcatdata_dmft,3560,469,train,0.14633112918827204,0.009956037780890862,0.05,0.18633112918827202,"['standard_scaler', 'svm']",0,2,True
2643,electricity,electricity,219,151,train,0.6896082394373222,0.009047639463096857,0.05,0.7696082394373223,"['standard_scaler', 'pca', 'feature_selection', 'svm']",0,4,False
2644,ilpd,ilpd,9971,1480,train,0.541475985942991,0.01044926280155778,0.05,0.621475985942991,"['standard_scaler', 'pca', 'feature_selection', 'random_forest']",0,4,True
2645,GesturePhaseSegmentationProcessed,GesturePhaseSegmentationProcessed,14969,4538,train,0.31856424517275317,0.008011195622384549,0.05,0.39856424517275313,"['minmax_scaler', 'pca', 'feature_selection', 'svm']",0,4,False
2646,mfeat-pixel,mfeat-pixel,146824,40979,train,0.9512976271040787,0.007959132548421621,0.05,0.9712976271040787,['random_forest'],0,1,True
2647,jm1,jm1,3904,1053,train,0.4463277243108773,0.00673511354252696,0.05,0.5263277243108773,"['standard_scaler', 'pca', 'feature_selection', 'svm']",0,4,False
2648,bank-marketing,bank-marketing,14965,1461,train,0.6073066972455914,0.005615549301728607,0.05,0.6873066972455915,"['standard_scaler', 'pca', 'feature_selection', 'svm']",0,4,True
2649,ozone-level-8hr,ozone-level-8hr,9978,1487,train,0.4572050816696914,0.005506579950451851,0.05,0.5372050816696914,"['minmax_scaler', 'pca', 'feature_selection', 'random_forest']",0,4,False
2650,pc4,pc4,3902,1049,train,0.5382040144223943,0.005302113527432084,0.05,0.6182040144223944,"['minmax_scaler', 'pca', 'feature_selection', 'knn']",0,4,False
2651,mfeat-factors,mfeat-factors,12,12,train,0.8713482373140695,0.004809035279322416,0.05,0.9313482373140696,"['pca', 'standard_scaler', 'svm']",0,3,True
2652,isolet,isolet,3481,300,train,0.946933827324566,0.005074000684544444,0.05,0.966933827324566,['svm'],0,1,True
2653,balance-scale,balance-scale,11,11,train,0.5074339401056958,0.005800990527495742,0.05,0.5874339401056958,"['standard_scaler', 'pca', 'feature_selection', 'knn']",0,4,False
2654,vowel,vowel,3022,307,train,0.8932867998032367,0.0060498771878580255,0.05,0.9332867998032367,"['pca', 'svm']",0,2,True
2655,kc2,kc2,3913,1063,train,0.5006680881307746,0.004868553718551993,0.05,0.5806680881307746,"['minmax_scaler', 'pca', 'feature_selection', 'svm']",0,4,False
2656,mfeat-karhunen,mfeat-karhunen,16,16,train,0.9333248775709813,0.005223261037220557,0.05,0.9733248775709813,"['pca', 'knn']",0,2,False
2657,dna,dna,167140,40670,train,0.800125397104802,0.004586720839142799,0.05,0.8601253971048021,"['minmax_scaler', 'pca', 'random_forest']",0,3,False
2658,adult,adult,7592,1590,train,0.6664147262354563,0.006707963580265641,0.05,0.7464147262354563,"['standard_scaler', 'pca', 'feature_selection', 'knn']",0,4,True
2659,nomao,nomao,9977,1486,train,0.8590459225627097,0.005892005003988743,0.05,0.9390459225627098,"['standard_scaler', 'pca', 'feature_selection', 'knn']",0,4,True
2660,eucalyptus,eucalyptus,2079,188,train,0.43585661908242557,0.007125336676836014,0.05,0.5158566190824255,"['standard_scaler', 'pca', 'feature_selection', 'knn']",0,4,False
2661,Devnagari-Script,Devnagari-Script,167121,40923,train,0.9154353510216617,0.01974315568804741,0.05,0.9354353510216618,['svm'],0,1,True
2662,mfeat-morphological,mfeat-morphological,18,18,train,0.4173293371596711,0.013689649601777395,0.05,0.4573293371596711,"['pca', 'svm']",0,2,False
2663,analcatdata_authorship,analcatdata_authorship,3549,458,train,0.911299312501844,0.009317536000162363,0.05,0.9912993125018441,"['minmax_scaler', 'pca', 'feature_selection', 'random_forest']",0,4,False
2664,har,har,14970,1478,train,0.8749743830883062,0.007044678926467896,0.05,0.9549743830883063,"['standard_scaler', 'pca', 'feature_selection', 'knn']",0,4,True
2665,wilt,wilt,146820,40983,train,0.46350918424144966,0.00863988297060132,0.05,0.5435091842414497,"['standard_scaler', 'pca', 'feature_selection', 'knn']",0,4,False
2666,mnist_784,mnist_784,3573,554,train,0.8671844329115537,0.0054600854404270645,0.05,0.9471844329115537,"['standard_scaler', 'pca', 'feature_selection', 'knn']",0,4,True
2667,Fashion-MNIST,Fashion-MNIST,146825,40996,train,0.7788386540142296,0.005467865057289601,0.05,0.8588386540142297,"['standard_scaler', 'pca', 'feature_selection', 'knn']",0,4,True
2668,climate-model-simulation-crashes,climate-model-simulation-crashes,146819,40994,train,0.47311355311355313,0.007831387873739003,0.05,0.5531135531135531,"['standard_scaler', 'pca', 'feature_selection', 'svm']",0,4,False
2669,blood-transfusion-service-center,blood-transfusion-service-center,10101,1464,train,0.4100862068965518,0.0054325850680470465,0.05,0.49008620689655175,"['minmax_scaler', 'pca', 'feature_selection', 'svm']",0,4,True
2670,connect-4,connect-4,146195,40668,train,0.5501899942853489,0.006612605974078178,0.05,0.6301899942853489,"['minmax_scaler', 'pca', 'feature_selection', 'svm']",0,4,False
2671,segment,segment,146822,40984,train,0.8434878459592394,0.006108939026792844,0.05,0.8834878459592395,"['minmax_scaler', 'knn']",0,2,True
2672,cnae-9,cnae-9,9981,1468,train,0.7613428952452173,0.006984534906223416,0.05,0.8213428952452173,"['pca', 'minmax_scaler', 'knn']",0,3,False
2673,MiceProtein,MiceProtein,146800,40966,train,0.906459424231296,0.006325377034954727,0.05,0.966459424231296,"['minmax_scaler', 'pca', 'knn']",0,3,False
2674,kr-vs-kp,kr-vs-kp,3,3,train,0.8549698044803753,0.004987687687389553,0.05,0.9149698044803753,"['standard_scaler', 'pca', 'knn']",0,3,False
2675,texture,texture,125922,40499,train,0.9350832992800269,0.004574635686973731,0.05,0.9750832992800269,"['standard_scaler', 'random_forest']",0,2,True
2676,tic-tac-toe,tic-tac-toe,49,50,train,0.7277084206116462,0.0060577187687158585,0.05,0.8077084206116463,"['standard_scaler', 'pca', 'feature_selection', 'random_forest']",0,4,False
2677,banknote-authentication,banknote-authentication,10093,1462,train,0.8971369121930919,0.00407750514568761,0.05,0.9571369121930919,"['minmax_scaler', 'pca', 'random_forest']",0,3,False
2678,satimage,satimage,2074,182,train,0.8032603083013382,0.005017487425357103,0.05,0.8832603083013383,"['minmax_scaler', 'pca', 'feature_selection', 'knn']",0,4,False
2679,pc1,pc1,3918,1068,train,0.5033333333333332,0.006174160400405526,0.05,0.5833333333333333,"['minmax_scaler', 'pca', 'feature_selection', 'svm']",0,4,False
2680,jungle_chess_2pcs_raw_endgame_complete,jungle_chess_2pcs_raw_endgame_complete,167119,41027,train,0.6077667756464779,0.005071423947811127,0.05,0.6877667756464779,"['minmax_scaler', 'pca', 'feature_selection', 'knn']",0,4,False
2681,mfeat-fourier,mfeat-fourier,14,14,train,0.8356033166401582,0.026399905793368816,0.05,0.8556033166401582,['svm'],0,1,True
2682,sick,sick,3021,38,train,0.4716763766372049,0.01566973254084587,0.05,0.5516763766372049,"['minmax_scaler', 'pca', 'feature_selection', 'knn']",0,4,False
2683,CIFAR_10,CIFAR_10,167124,40927,train,0.2651775284729758,0.012560914363712072,0.05,0.3451775284729758,"['standard_scaler', 'pca', 'feature_selection', 'knn']",0,4,True
2684,splice,splice,45,46,train,0.688895548224428,0.013914008531719447,0.05,0.7688955482244281,"['standard_scaler', 'pca', 'feature_selection', 'knn']",0,4,True
2685,car,car,146821,40975,train,0.7111361961994872,0.008803952764719725,0.05,0.7911361961994873,"['standard_scaler', 'pca', 'feature_selection', 'random_forest']",0,4,False
2686,first-order-theorem-proving,first-order-theorem-proving,9985,1475,train,0.2659060952625091,0.008361269999295474,0.05,0.34590609526250904,"['standard_scaler', 'pca', 'feature_selection', 'svm']",0,4,False
2687,mfeat-zernike,mfeat-zernike,22,22,train,0.7806886889810472,0.011623897938989103,0.05,0.8406886889810472,"['pca', 'minmax_scaler', 'svm']",0,3,False
2688,semeion,semeion,9964,1501,train,0.906793680365684,0.00848757300991565,0.05,0.966793680365684,"['standard_scaler', 'pca', 'svm']",0,3,False
2689,credit-g,credit-g,31,31,train,0.5179532163742689,0.007386515848338604,0.05,0.597953216374269,"['standard_scaler', 'pca', 'feature_selection', 'knn']",0,4,True
2690,cmc,cmc,23,23,train,0.3589618033221261,0.008945157169364393,0.05,0.4189618033221261,"['standard_scaler', 'pca', 'knn']",0,3,False
2691,letter,letter,6,6,train,0.9025431061109469,0.007553864503279328,0.05,0.9225431061109469,['svm'],0,1,True
2692,breast-w,breast-w,15,15,train,0.9055608352587297,0.009583069011569023,0.05,0.9655608352587297,"['minmax_scaler', 'pca', 'svm']",0,3,True
2693,cylinder-bands,cylinder-bands,14954,6332,train,0.5932142857142857,0.0077513975091278555,0.05,0.6732142857142858,"['standard_scaler', 'pca', 'feature_selection', 'knn']",0,4,True
2694,wdbc,wdbc,9946,1510,train,0.8863777252429734,0.006477276049554348,0.05,0.9663777252429735,"['minmax_scaler', 'pca', 'feature_selection', 'svm']",0,4,True
2695,PhishingWebsites,PhishingWebsites,14952,4534,train,0.8657059397705829,0.005770010501146316,0.05,0.9457059397705829,"['standard_scaler', 'pca', 'feature_selection', 'knn']",0,4,True
2696,credit-approval,credit-approval,29,29,train,0.7314438502673797,0.004401975485961884,0.05,0.7914438502673797,"['standard_scaler', 'pca', 'svm']",0,3,False
2697,wall-robot-navigation,wall-robot-navigation,9960,1497,train,0.7832327123651053,0.00653368653729558,0.05,0.8632327123651053,"['minmax_scaler', 'pca', 'feature_selection', 'svm']",0,4,False
2698,dresses-sales,dresses-sales,125920,23381,train,0.4375296442687747,0.006315751816146076,0.05,0.4975296442687747,"['standard_scaler', 'pca', 'random_forest']",0,3,False
2699,numerai28.6,numerai28.6,167120,23517,train,0.4413339176916259,0.0059723700396716595,0.05,0.5013339176916259,"['standard_scaler', 'pca', 'knn']",0,3,False
2700,cnae-9,cnae-9,9981,1468,train,0.8791466831761778,0.005406924174167216,0.05,0.9391466831761779,"['pca', 'minmax_scaler', 'svm']",0,3,False
2701,mfeat-pixel,mfeat-pixel,146824,40979,train,0.9158066757618092,0.024136376101523638,0.05,0.9758066757618092,"['pca', 'minmax_scaler', 'svm']",0,3,False
2702,satimage,satimage,2074,182,train,0.8101812216636612,0.02077043876051903,0.05,0.8901812216636613,"['minmax_scaler', 'pca', 'feature_selection', 'random_forest']",0,4,False
2703,cmc,cmc,23,23,train,0.3435884037059786,0.015563442744314671,0.05,0.42358840370597856,"['minmax_scaler', 'pca', 'feature_selection', 'random_forest']",0,4,False
2704,analcatdata_dmft,analcatdata_dmft,3560,469,train,0.08444581720341543,0.013170479563996196,0.05,0.14444581720341543,"['pca', 'standard_scaler', 'random_forest']",0,3,False
2705,wdbc,wdbc,9946,1510,train,0.8658830341632888,0.009140448411926627,0.05,0.9258830341632889,"['standard_scaler', 'pca', 'random_forest']",0,3,False
2706,dresses-sales,dresses-sales,125920,23381,train,0.41752964426877476,0.010385285876691342,0.05,0.4975296442687747,"['standard_scaler', 'pca', 'feature_selection', 'random_forest']",0,4,False
2707,MiceProtein,MiceProtein,146800,40966,train,0.9268910177679521,0.008986339205875993,0.05,0.9868910177679522,"['minmax_scaler', 'pca', 'random_forest']",0,3,False
2708,wall-robot-navigation,wall-robot-navigation,9960,1497,train,0.7722526634526184,0.008036783197894692,0.05,0.8322526634526185,"['minmax_scaler', 'pca', 'knn']",0,3,False
2709,blood-transfusion-service-center,blood-transfusion-service-center,10101,1464,train,0.5596588486140724,0.011202092748135328,0.05,0.6396588486140725,"['minmax_scaler', 'pca', 'feature_selection', 'knn']",0,4,False
2710,CIFAR_10,CIFAR_10,167124,40927,train,0.2851775284729757,0.0041003707447089255,0.05,0.3451775284729758,"['standard_scaler', 'pca', 'knn']",0,3,False
2711,adult,adult,7592,1590,train,0.6664147262354563,0.006109317112714052,0.05,0.7464147262354563,"['standard_scaler', 'pca', 'feature_selection', 'knn']",0,4,True
2712,breast-w,breast-w,15,15,train,0.9055608352587297,0.007537101046182215,0.05,0.9655608352587297,"['minmax_scaler', 'pca', 'knn']",0,3,False
2713,jungle_chess_2pcs_raw_endgame_complete,jungle_chess_2pcs_raw_endgame_complete,167119,41027,train,0.717654460471166,0.005702662002295256,0.05,0.7976544604711661,"['minmax_scaler', 'pca', 'feature_selection', 'random_forest']",0,4,False
2714,mfeat-zernike,mfeat-zernike,22,22,train,0.7806886889810472,0.0050004355143755674,0.05,0.8406886889810472,"['pca', 'minmax_scaler', 'svm']",0,3,True
2715,car,car,146821,40975,train,0.8551110581357987,0.008042252063751221,0.05,0.9351110581357988,"['minmax_scaler', 'pca', 'feature_selection', 'svm']",0,4,False
2716,first-order-theorem-proving,first-order-theorem-proving,9985,1475,train,0.4172976358892342,0.006816923385486007,0.05,0.47729763588923424,"['standard_scaler', 'pca', 'random_forest']",0,3,False
2717,balance-scale,balance-scale,11,11,train,0.5074339401056958,0.0077634953893721105,0.05,0.5874339401056958,"['standard_scaler', 'pca', 'feature_selection', 'knn']",0,4,True
2718,mfeat-factors,mfeat-factors,12,12,train,0.9088716176210784,0.00618278922047466,0.05,0.9688716176210784,"['standard_scaler', 'pca', 'svm']",0,3,False
2719,tic-tac-toe,tic-tac-toe,49,50,train,0.8334528698787939,0.006642009317874909,0.05,0.9134528698787939,"['minmax_scaler', 'pca', 'feature_selection', 'svm']",0,4,True
2720,vowel,vowel,3022,307,train,0.8932867998032367,0.007105961286773284,0.05,0.9332867998032367,"['pca', 'svm']",0,2,True
2721,PhishingWebsites,PhishingWebsites,14952,4534,train,0.8783136215977543,0.03391069211065769,0.05,0.9583136215977544,"['standard_scaler', 'pca', 'feature_selection', 'svm']",0,4,True
2722,jm1,jm1,3904,1053,train,0.4501331579812593,0.012563731241971254,0.05,0.5301331579812593,"['minmax_scaler', 'pca', 'feature_selection', 'svm']",0,4,False
2723,mfeat-fourier,mfeat-fourier,14,14,train,0.7704409953240678,0.013601761078462005,0.05,0.8304409953240679,"['pca', 'minmax_scaler', 'svm']",0,3,True
2724,mfeat-morphological,mfeat-morphological,18,18,train,0.37619566871878,0.011571972165256739,0.05,0.39619566871878004,['svm'],0,1,True
2725,eucalyptus,eucalyptus,2079,188,train,0.436114554711046,0.011549068428575993,0.05,0.516114554711046,"['minmax_scaler', 'pca', 'feature_selection', 'knn']",0,4,True
2726,dna,dna,167140,40670,train,0.7125879158077301,0.008602451533079147,0.05,0.7925879158077301,"['standard_scaler', 'pca', 'feature_selection', 'knn']",0,4,True
2727,Devnagari-Script,Devnagari-Script,167121,40923,train,0.8818164242003736,0.013693519402295351,0.05,0.9018164242003737,['knn'],0,1,True
2728,churn,churn,167141,40701,train,0.7521406109231841,0.007324159517884255,0.05,0.8321406109231841,"['minmax_scaler', 'pca', 'feature_selection', 'random_forest']",0,4,False
2729,segment,segment,146822,40984,train,0.7079255398372291,0.010899245040491223,0.05,0.7679255398372291,"['minmax_scaler', 'pca', 'svm']",0,3,False
2730,wilt,wilt,146820,40983,train,0.40607833883907507,0.009388056583702564,0.05,0.48607833883907503,"['standard_scaler', 'pca', 'feature_selection', 'svm']",0,4,False
2731,mnist_784,mnist_784,3573,554,train,0.8671844329115537,0.008261658158153296,0.05,0.9471844329115537,"['standard_scaler', 'pca', 'feature_selection', 'knn']",0,4,True
2732,electricity,electricity,219,151,train,0.7353124027185338,0.007284492067992687,0.05,0.8153124027185339,"['standard_scaler', 'pca', 'feature_selection', 'knn']",0,4,False
2733,texture,texture,125922,40499,train,0.9550832992800269,0.009033676935359836,0.05,0.9750832992800269,['random_forest'],0,1,True
2734,credit-g,credit-g,31,31,train,0.5130318754633061,0.00786849893629551,0.05,0.5930318754633062,"['minmax_scaler', 'pca', 'feature_selection', 'svm']",0,4,False
2735,sick,sick,3021,38,train,0.40420413122721754,0.00788690010085702,0.05,0.4842041312272175,"['minmax_scaler', 'pca', 'feature_selection', 'svm']",0,4,False
2736,bank-marketing,bank-marketing,14965,1461,train,0.5345316523049468,0.007018342148512602,0.05,0.6145316523049469,"['minmax_scaler', 'pca', 'feature_selection', 'svm']",0,4,False
2737,kc2,kc2,3913,1063,train,0.5834523971207388,0.00856573898345232,0.05,0.6634523971207389,"['minmax_scaler', 'pca', 'feature_selection', 'knn']",0,4,False
2738,mfeat-karhunen,mfeat-karhunen,16,16,train,0.8867575579715297,0.01016571344807744,0.05,0.9667575579715297,"['pca', 'feature_selection', 'standard_scaler', 'random_forest']",0,4,False
2739,Fashion-MNIST,Fashion-MNIST,146825,40996,train,0.7988386540142296,0.0066723007475957274,0.05,0.8588386540142297,"['standard_scaler', 'pca', 'knn']",0,3,False
2740,Internet-Advertisements,Internet-Advertisements,167125,40978,train,0.820659577332077,0.00533656170591712,0.05,0.900659577332077,"['standard_scaler', 'pca', 'feature_selection', 'knn']",0,4,False
2741,cylinder-bands,cylinder-bands,14954,6332,train,0.5782633053221289,0.04241764694452286,0.05,0.658263305322129,"['standard_scaler', 'pca', 'feature_selection', 'svm']",0,4,True
2742,isolet,isolet,3481,300,train,0.946933827324566,0.02286504628136754,0.05,0.966933827324566,['svm'],0,1,True
2743,connect-4,connect-4,146195,40668,train,0.5310242724390681,0.022313400730490686,0.05,0.6110242724390682,"['standard_scaler', 'pca', 'feature_selection', 'knn']",0,4,False
2744,nomao,nomao,9977,1486,train,0.8590459225627097,0.018921146169304848,0.05,0.9390459225627098,"['standard_scaler', 'pca', 'feature_selection', 'knn']",0,4,True
2745,analcatdata_authorship,analcatdata_authorship,3549,458,train,0.9199999999999999,0.013104691170156002,0.05,1.0,"['standard_scaler', 'pca', 'feature_selection', 'svm']",0,4,True
2746,GesturePhaseSegmentationProcessed,GesturePhaseSegmentationProcessed,14969,4538,train,0.41936242244136973,0.012443929724395276,0.05,0.4993624224413697,"['standard_scaler', 'pca', 'feature_selection', 'knn']",0,4,True
2747,pc1,pc1,3918,1068,train,0.6437644699662747,0.010376072721555829,0.05,0.7037644699662747,"['standard_scaler', 'pca', 'random_forest']",0,3,False
2748,banknote-authentication,banknote-authentication,10093,1462,train,0.8971369121930919,0.010029003256931901,0.05,0.9571369121930919,"['minmax_scaler', 'pca', 'random_forest']",0,3,True
2749,pc4,pc4,3902,1049,train,0.5479371252633285,0.009161026403307914,0.05,0.6279371252633286,"['minmax_scaler', 'pca', 'feature_selection', 'random_forest']",0,4,False
2750,credit-approval,credit-approval,29,29,train,0.7314438502673797,0.010543933836743236,0.05,0.7914438502673797,"['standard_scaler', 'pca', 'svm']",0,3,True
2751,numerai28.6,numerai28.6,167120,23517,train,0.421333917691626,0.009376164805144072,0.05,0.5013339176916259,"['standard_scaler', 'pca', 'feature_selection', 'knn']",0,4,True
2752,climate-model-simulation-crashes,climate-model-simulation-crashes,146819,40994,train,0.6203493449781659,0.008423545281402767,0.05,0.6803493449781659,"['minmax_scaler', 'pca', 'knn']",0,3,False
2753,ilpd,ilpd,9971,1480,train,0.5264898989898988,0.0082520010182634,0.05,0.5864898989898989,"['pca', 'minmax_scaler', 'random_forest']",0,3,False
2754,splice,splice,45,46,train,0.9339648601916312,0.0089438920840621,0.05,0.9539648601916312,['random_forest'],0,1,True
2755,kr-vs-kp,kr-vs-kp,3,3,train,0.8712121828985759,0.007929986994713544,0.05,0.951212182898576,"['standard_scaler', 'pca', 'feature_selection', 'random_forest']",0,4,False
2756,har,har,14970,1478,train,0.9519852875587708,0.006989089539274573,0.05,0.9719852875587708,['random_forest'],0,1,True
2757,ozone-level-8hr,ozone-level-8hr,9978,1487,train,0.537152149321267,0.008867023140192032,0.05,0.617152149321267,"['minmax_scaler', 'pca', 'feature_selection', 'knn']",0,4,True
2758,letter,letter,6,6,train,0.9396450989680648,0.004905665758997202,0.05,0.9596450989680648,['random_forest'],0,1,True
2759,semeion,semeion,9964,1501,train,0.6409262096722904,0.006721346697304398,0.05,0.7009262096722905,"['pca', 'minmax_scaler', 'knn']",0,3,False
2760,vowel,vowel,3022,307,train,0.7797033567390462,0.007105297564218442,0.05,0.8197033567390463,"['pca', 'knn']",0,2,True
2761,jungle_chess_2pcs_raw_endgame_complete,jungle_chess_2pcs_raw_endgame_complete,167119,41027,train,0.7347613531066415,0.030671311914920805,0.05,0.8147613531066416,"['standard_scaler', 'pca', 'feature_selection', 'random_forest']",0,4,False
2762,electricity,electricity,219,151,train,0.7601780933780748,0.031050781905651092,0.05,0.8401780933780749,"['standard_scaler', 'pca', 'feature_selection', 'random_forest']",0,4,True
2763,connect-4,connect-4,146195,40668,train,0.4581240472688909,0.021242468245327474,0.05,0.5381240472688908,"['minmax_scaler', 'pca', 'feature_selection', 'random_forest']",0,4,False
2764,ozone-level-8hr,ozone-level-8hr,9978,1487,train,0.40369565217391307,0.01683761812746525,0.05,0.483695652173913,"['feature_selection', 'minmax_scaler', 'pca', 'svm']",0,4,True
2765,semeion,semeion,9964,1501,train,0.8704698056804392,0.012410972500219941,0.05,0.9304698056804392,"['pca', 'minmax_scaler', 'svm']",0,3,True
2766,nomao,nomao,9977,1486,train,0.9399563281918575,0.011371203232556581,0.05,0.9599563281918575,['random_forest'],0,1,True
2767,mfeat-fourier,mfeat-fourier,14,14,train,0.7937939870926838,0.013731779530644417,0.05,0.8537939870926838,"['pca', 'feature_selection', 'svm']",0,3,False
2768,dna,dna,167140,40670,train,0.7739031882501252,0.013923236727714538,0.05,0.8539031882501252,"['standard_scaler', 'pca', 'feature_selection', 'random_forest']",0,4,False
2769,numerai28.6,numerai28.6,167120,23517,train,0.4261987337363685,0.011999377328902484,0.05,0.5061987337363685,"['standard_scaler', 'pca', 'feature_selection', 'random_forest']",0,4,False
2770,pc1,pc1,3918,1068,train,0.5781897730380092,0.010160632710903884,0.05,0.6581897730380093,"['standard_scaler', 'pca', 'feature_selection', 'knn']",0,4,True
2771,credit-approval,credit-approval,29,29,train,0.7280434782608695,0.010664797737263143,0.05,0.7880434782608695,"['minmax_scaler', 'pca', 'knn']",0,3,False
2772,Internet-Advertisements,Internet-Advertisements,167125,40978,train,0.8065488086087624,0.00816650055348873,0.05,0.8865488086087625,"['minmax_scaler', 'pca', 'feature_selection', 'knn']",0,4,True
2773,tic-tac-toe,tic-tac-toe,49,50,train,0.8534528698787939,0.009446940966881812,0.05,0.9134528698787939,"['minmax_scaler', 'pca', 'svm']",0,3,False
2774,wilt,wilt,146820,40983,train,0.40607833883907507,0.010633121989667416,0.05,0.48607833883907503,"['minmax_scaler', 'pca', 'feature_selection', 'svm']",0,4,True
2775,adult,adult,7592,1590,train,0.660542917411147,0.01047260221093893,0.05,0.7405429174111471,"['minmax_scaler', 'pca', 'feature_selection', 'knn']",0,4,True
2776,Fashion-MNIST,Fashion-MNIST,146825,40996,train,0.7984821982135333,0.009452089434489608,0.05,0.8584821982135333,"['minmax_scaler', 'pca', 'knn']",0,3,False
2777,isolet,isolet,3481,300,train,0.9235024556674343,0.01049547316506505,0.05,0.9435024556674343,['random_forest'],0,1,True
2778,PhishingWebsites,PhishingWebsites,14952,4534,train,0.8657059397705829,0.006738528702408075,0.05,0.9457059397705829,"['standard_scaler', 'pca', 'feature_selection', 'knn']",0,4,True
2779,dresses-sales,dresses-sales,125920,23381,train,0.515561918396564,0.00589550044387579,0.05,0.595561918396564,"['standard_scaler', 'pca', 'feature_selection', 'knn']",0,4,False
2780,credit-g,credit-g,31,31,train,0.5638746438746438,0.008349411236122251,0.05,0.6438746438746439,"['standard_scaler', 'pca', 'feature_selection', 'svm']",0,4,False
2781,breast-w,breast-w,15,15,train,0.9055608352587297,0.03721722471527755,0.05,0.9655608352587297,"['minmax_scaler', 'pca', 'knn']",0,3,True
2782,MiceProtein,MiceProtein,146800,40966,train,0.9268910177679521,0.026573230978101492,0.05,0.9868910177679522,"['minmax_scaler', 'pca', 'random_forest']",0,3,True
2783,jm1,jm1,3904,1053,train,0.5238797325056228,0.020465377159416674,0.05,0.6038797325056229,"['standard_scaler', 'pca', 'feature_selection', 'random_forest']",0,4,False
2784,climate-model-simulation-crashes,climate-model-simulation-crashes,146819,40994,train,0.47311355311355313,0.019628407806158064,0.05,0.5531135531135531,"['standard_scaler', 'pca', 'feature_selection', 'svm']",0,4,True
2785,letter,letter,6,6,train,0.9025431061109469,0.013175616506487131,0.05,0.9225431061109469,['svm'],0,1,True
2786,ilpd,ilpd,9971,1480,train,0.35517857142857134,0.020079509122297168,0.05,0.4151785714285714,"['standard_scaler', 'pca', 'svm']",0,3,False
2787,kr-vs-kp,kr-vs-kp,3,3,train,0.8488015144895877,0.015248731710016727,0.05,0.9288015144895878,"['minmax_scaler', 'pca', 'feature_selection', 'knn']",0,4,False
2788,analcatdata_authorship,analcatdata_authorship,3549,458,train,0.911299312501844,0.018379459157586098,0.05,0.9912993125018441,"['minmax_scaler', 'pca', 'feature_selection', 'random_forest']",0,4,True
2789,har,har,14970,1478,train,0.8559593042768422,0.019134316593408585,0.05,0.9359593042768423,"['minmax_scaler', 'pca', 'feature_selection', 'random_forest']",0,4,True
2790,satimage,satimage,2074,182,train,0.7897223844417623,0.016499942541122435,0.05,0.8697223844417624,"['standard_scaler', 'pca', 'feature_selection', 'svm']",0,4,False
2791,mfeat-zernike,mfeat-zernike,22,22,train,0.7913654140092541,0.015152455928424994,0.05,0.8313654140092541,"['pca', 'svm']",0,2,False
2792,mfeat-karhunen,mfeat-karhunen,16,16,train,0.942266485276634,0.009282834517459074,0.05,0.9822664852766341,"['pca', 'svm']",0,2,True
2793,CIFAR_10,CIFAR_10,167124,40927,train,0.49916350132050114,0.009464766054103771,0.05,0.5391635013205012,"['standard_scaler', 'svm']",0,2,False
2794,texture,texture,125922,40499,train,0.9719431646206551,0.011761656031012535,0.05,0.9919431646206551,['svm'],0,1,True
2795,churn,churn,167141,40701,train,0.5993454223794781,0.008709631860256195,0.05,0.6793454223794781,"['minmax_scaler', 'pca', 'feature_selection', 'knn']",0,4,True
2796,analcatdata_dmft,analcatdata_dmft,3560,469,train,0.14633112918827204,0.009272149919221798,0.05,0.18633112918827202,"['standard_scaler', 'svm']",0,2,True
2797,blood-transfusion-service-center,blood-transfusion-service-center,10101,1464,train,0.6013210495124185,0.00855603632517159,0.05,0.6813210495124186,"['standard_scaler', 'pca', 'feature_selection', 'knn']",0,4,True
2798,segment,segment,146822,40984,train,0.8141967714698682,0.008019939181394875,0.05,0.8741967714698683,"['standard_scaler', 'pca', 'random_forest']",0,3,False
2799,wall-robot-navigation,wall-robot-navigation,9960,1497,train,0.7914473033085992,0.009111285954713822,0.05,0.8714473033085993,"['standard_scaler', 'pca', 'feature_selection', 'random_forest']",0,4,False
2800,mnist_784,mnist_784,3573,554,train,0.9499620107109487,0.009095143992453814,0.05,0.9699620107109487,['knn'],0,1,True
2801,kc2,kc2,3913,1063,train,0.5834523971207388,0.0406998161226511,0.05,0.6634523971207389,"['standard_scaler', 'pca', 'feature_selection', 'knn']",0,4,False
2802,splice,splice,45,46,train,0.809834808254414,0.03156957998871803,0.05,0.8898348082544141,"['minmax_scaler', 'pca', 'feature_selection', 'random_forest']",0,4,True
2803,Devnagari-Script,Devnagari-Script,167121,40923,train,0.9154353510216617,0.02451785560697317,0.05,0.9354353510216618,['svm'],0,1,True
2804,cmc,cmc,23,23,train,0.3454097924255115,0.04063796158879995,0.05,0.4054097924255115,"['minmax_scaler', 'pca', 'svm']",0,3,False
2805,pc4,pc4,3902,1049,train,0.5479371252633285,0.02109835743904114,0.05,0.6279371252633286,"['minmax_scaler', 'pca', 'feature_selection', 'random_forest']",0,4,True
2806,wdbc,wdbc,9946,1510,train,0.9069336088865926,0.01533736614510417,0.05,0.9669336088865926,"['standard_scaler', 'pca', 'svm']",0,3,False
2807,car,car,146821,40975,train,0.865047086019488,0.019417531229555605,0.05,0.9450470860194881,"['standard_scaler', 'pca', 'feature_selection', 'svm']",0,4,False
2808,cnae-9,cnae-9,9981,1468,train,0.8604852112229929,0.017790695186704397,0.05,0.920485211222993,"['minmax_scaler', 'pca', 'svm']",0,3,False
2809,GesturePhaseSegmentationProcessed,GesturePhaseSegmentationProcessed,14969,4538,train,0.42884764790150753,0.01262149978429079,0.05,0.5088476479015075,"['standard_scaler', 'pca', 'feature_selection', 'random_forest']",0,4,False
2810,banknote-authentication,banknote-authentication,10093,1462,train,0.8971369121930919,0.011309277615509927,0.05,0.9571369121930919,"['minmax_scaler', 'pca', 'random_forest']",0,3,True
2811,cylinder-bands,cylinder-bands,14954,6332,train,0.5811835077974791,0.009810621477663517,0.05,0.6611835077974791,"['minmax_scaler', 'pca', 'feature_selection', 'svm']",0,4,False
2812,mfeat-factors,mfeat-factors,12,12,train,0.9245847245627411,0.0101590429743131,0.05,0.9645847245627411,"['minmax_scaler', 'random_forest']",0,2,False
2813,mfeat-pixel,mfeat-pixel,146824,40979,train,0.9200625976408907,0.00948082294780761,0.05,0.9800625976408908,"['minmax_scaler', 'pca', 'svm']",0,3,False
2814,bank-marketing,bank-marketing,14965,1461,train,0.5529365512523832,0.008026669546961785,0.05,0.6329365512523832,"['minmax_scaler', 'pca', 'feature_selection', 'knn']",0,4,True
2815,sick,sick,3021,38,train,0.4716763766372049,0.012465508468449116,0.05,0.5516763766372049,"['minmax_scaler', 'pca', 'feature_selection', 'knn']",0,4,True
2816,first-order-theorem-proving,first-order-theorem-proving,9985,1475,train,0.40721610622876653,0.011168202385306358,0.05,0.4872161062287665,"['minmax_scaler', 'pca', 'feature_selection', 'random_forest']",0,4,True
2817,eucalyptus,eucalyptus,2079,188,train,0.436114554711046,0.012195184826850891,0.05,0.516114554711046,"['minmax_scaler', 'pca', 'feature_selection', 'knn']",0,4,True
2818,mfeat-morphological,mfeat-morphological,18,18,train,0.4148475583431683,0.008188307285308838,0.05,0.4548475583431683,"['pca', 'knn']",0,2,True
2819,balance-scale,balance-scale,11,11,train,0.5219121878771001,0.009121259581297636,0.05,0.6019121878771002,"['minmax_scaler', 'pca', 'feature_selection', 'random_forest']",0,4,False
2820,bank-marketing,bank-marketing,14965,1461,train,0.5908599069969002,0.00840466758236289,0.05,0.6708599069969002,"['standard_scaler', 'pca', 'feature_selection', 'knn']",0,4,False
2821,cnae-9,cnae-9,9981,1468,train,0.8076441549043419,0.04299391899257898,0.05,0.867644154904342,"['standard_scaler', 'pca', 'svm']",0,3,False
2822,connect-4,connect-4,146195,40668,train,0.5501899942853489,0.030245265318080784,0.05,0.6301899942853489,"['minmax_scaler', 'pca', 'feature_selection', 'svm']",0,4,True
2823,har,har,14970,1478,train,0.89370282895986,0.025922967679798604,0.05,0.97370282895986,"['minmax_scaler', 'pca', 'feature_selection', 'svm']",0,4,True
2824,analcatdata_dmft,analcatdata_dmft,3560,469,train,0.13291243663309396,0.017371030524373055,0.05,0.17291243663309394,"['minmax_scaler', 'random_forest']",0,2,True
2825,GesturePhaseSegmentationProcessed,GesturePhaseSegmentationProcessed,14969,4538,train,0.41936242244136973,0.014873280189931393,0.05,0.4993624224413697,"['standard_scaler', 'pca', 'feature_selection', 'knn']",0,4,True
2826,balance-scale,balance-scale,11,11,train,0.5171144278606965,0.016392922960221767,0.05,0.5771144278606966,"['standard_scaler', 'pca', 'random_forest']",0,3,False
2827,wilt,wilt,146820,40983,train,0.46350918424144966,0.011087051220238208,0.05,0.5435091842414497,"['standard_scaler', 'pca', 'feature_selection', 'knn']",0,4,True
2828,ilpd,ilpd,9971,1480,train,0.5570409982174688,0.012153698015026748,0.05,0.6170409982174688,"['minmax_scaler', 'pca', 'knn']",0,3,False
2829,segment,segment,146822,40984,train,0.6261326421265818,0.01231368537992239,0.05,0.6861326421265819,"['pca', 'standard_scaler', 'knn']",0,3,False
2830,car,car,146821,40975,train,0.7111361961994872,0.014265203662216664,0.05,0.7911361961994873,"['standard_scaler', 'pca', 'feature_selection', 'random_forest']",0,4,True
2831,kr-vs-kp,kr-vs-kp,3,3,train,0.8349698044803753,0.010278479009866715,0.05,0.9149698044803753,"['standard_scaler', 'pca', 'feature_selection', 'knn']",0,4,True
2832,mfeat-pixel,mfeat-pixel,146824,40979,train,0.9200205957533754,0.011364508653059602,0.05,0.9800205957533754,"['minmax_scaler', 'pca', 'knn']",0,3,False
2833,mfeat-karhunen,mfeat-karhunen,16,16,train,0.8933272603882048,0.010280313203111291,0.05,0.9533272603882048,"['pca', 'minmax_scaler', 'knn']",0,3,False
2834,splice,splice,45,46,train,0.8763031194938685,0.010286565870046616,0.05,0.9563031194938686,"['standard_scaler', 'pca', 'feature_selection', 'svm']",0,4,False
2835,pc4,pc4,3902,1049,train,0.6173052787006275,0.008556015323847532,0.05,0.6973052787006275,"['standard_scaler', 'pca', 'feature_selection', 'random_forest']",0,4,True
2836,nomao,nomao,9977,1486,train,0.9122601754698092,0.007209105572352807,0.05,0.9522601754698092,"['standard_scaler', 'svm']",0,2,False
2837,mfeat-morphological,mfeat-morphological,18,18,train,0.4173293371596711,0.0054099167076249914,0.05,0.4573293371596711,"['pca', 'svm']",0,2,True
2838,adult,adult,7592,1590,train,0.6664147262354563,0.008025405276566745,0.05,0.7464147262354563,"['standard_scaler', 'pca', 'feature_selection', 'knn']",0,4,True
2839,mnist_784,mnist_784,3573,554,train,0.9207814793236634,0.007601630757562816,0.05,0.9807814793236634,"['minmax_scaler', 'pca', 'svm']",0,3,False
2840,cylinder-bands,cylinder-bands,14954,6332,train,0.5811835077974791,0.009179567079991102,0.05,0.6611835077974791,"['minmax_scaler', 'pca', 'feature_selection', 'svm']",0,4,True
2841,PhishingWebsites,PhishingWebsites,14952,4534,train,0.8657059397705829,0.047360106557607654,0.05,0.9457059397705829,"['standard_scaler', 'pca', 'feature_selection', 'knn']",0,4,True
2842,mfeat-factors,mfeat-factors,12,12,train,0.904430588970538,0.03125263610854745,0.05,0.964430588970538,"['minmax_scaler', 'pca', 'svm']",0,3,False
2843,jm1,jm1,3904,1053,train,0.4501331579812593,0.03398379161953926,0.05,0.5301331579812593,"['minmax_scaler', 'pca', 'feature_selection', 'svm']",0,4,True
2844,semeion,semeion,9964,1501,train,0.9185202099203756,0.01949931215494871,0.05,0.9585202099203757,"['pca', 'svm']",0,2,False
2845,churn,churn,167141,40701,train,0.7003663731894348,0.020796912256628275,0.05,0.7603663731894349,"['standard_scaler', 'pca', 'random_forest']",0,3,False
2846,dresses-sales,dresses-sales,125920,23381,train,0.5754878048780487,0.020624739304184913,0.05,0.6554878048780488,"['standard_scaler', 'pca', 'feature_selection', 'svm']",0,4,False
2847,wall-robot-navigation,wall-robot-navigation,9960,1497,train,0.7745924717030259,0.01473472686484456,0.05,0.854592471703026,"['standard_scaler', 'pca', 'feature_selection', 'knn']",0,4,False
2848,Devnagari-Script,Devnagari-Script,167121,40923,train,0.9154353510216617,0.018512355163693428,0.05,0.9354353510216618,['svm'],0,1,True
2849,cmc,cmc,23,23,train,0.36358840370597856,0.015477943699806929,0.05,0.42358840370597856,"['minmax_scaler', 'pca', 'random_forest']",0,3,False
2850,jungle_chess_2pcs_raw_endgame_complete,jungle_chess_2pcs_raw_endgame_complete,167119,41027,train,0.6077667756464779,0.0093076316639781,0.05,0.6877667756464779,"['minmax_scaler', 'pca', 'feature_selection', 'knn']",0,4,True
2851,kc2,kc2,3913,1063,train,0.6034523971207388,0.014831382781267166,0.05,0.6634523971207389,"['standard_scaler', 'pca', 'knn']",0,3,False
2852,sick,sick,3021,38,train,0.49607989071553066,0.0128270847722888,0.05,0.5760798907155307,"['standard_scaler', 'pca', 'feature_selection', 'svm']",0,4,True
2853,ozone-level-8hr,ozone-level-8hr,9978,1487,train,0.40369565217391307,0.013559576496481896,0.05,0.483695652173913,"['minmax_scaler', 'pca', 'feature_selection', 'svm']",0,4,False
2854,mfeat-zernike,mfeat-zernike,22,22,train,0.7660314682126085,0.011408149730414152,0.05,0.7860314682126085,['random_forest'],0,1,True
2855,Internet-Advertisements,Internet-Advertisements,167125,40978,train,0.8065488086087624,0.016598601080477237,0.05,0.8865488086087625,"['minmax_scaler', 'pca', 'feature_selection', 'knn']",0,4,True
2856,tic-tac-toe,tic-tac-toe,49,50,train,0.7477084206116462,0.013352950336411595,0.05,0.8077084206116463,"['standard_scaler', 'pca', 'random_forest']",0,3,False
2857,analcatdata_authorship,analcatdata_authorship,3549,458,train,0.911299312501844,0.01533869532868266,0.05,0.9912993125018441,"['standard_scaler', 'pca', 'feature_selection', 'random_forest']",0,4,False
2858,credit-g,credit-g,31,31,train,0.5179532163742689,0.012524572759866714,0.05,0.597953216374269,"['standard_scaler', 'pca', 'feature_selection', 'knn']",0,4,True
2859,Fashion-MNIST,Fashion-MNIST,146825,40996,train,0.8444237741141091,0.01128080285464724,0.05,0.8844237741141091,"['minmax_scaler', 'svm']",0,2,False
2860,texture,texture,125922,40499,train,0.9719431646206551,0.0067428951151669025,0.05,0.9919431646206551,['svm'],0,1,True
2861,blood-transfusion-service-center,blood-transfusion-service-center,10101,1464,train,0.43008620689655175,0.04975738236680627,0.05,0.49008620689655175,"['minmax_scaler', 'pca', 'svm']",0,3,False
2862,electricity,electricity,219,151,train,0.6896082394373222,0.06816169284284115,0.05,0.7696082394373223,"['standard_scaler', 'pca', 'feature_selection', 'svm']",0,4,True
2863,letter,letter,6,6,train,0.9025431061109469,0.06121398136019707,0.05,0.9225431061109469,['svm'],0,1,True
2864,isolet,isolet,3481,300,train,0.946933827324566,0.04056697618216276,0.05,0.966933827324566,['svm'],0,1,True
2865,credit-approval,credit-approval,29,29,train,0.7280434782608695,0.04003559798002243,0.05,0.7880434782608695,"['minmax_scaler', 'pca', 'knn']",0,3,True
2866,first-order-theorem-proving,first-order-theorem-proving,9985,1475,train,0.328681085722115,0.035102463141083715,0.05,0.408681085722115,"['minmax_scaler', 'pca', 'feature_selection', 'knn']",0,4,False
2867,wdbc,wdbc,9946,1510,train,0.9066666666666666,0.03120946092531085,0.05,0.9666666666666667,"['standard_scaler', 'pca', 'knn']",0,3,True
2868,dna,dna,167140,40670,train,0.780125397104802,0.029721975326538086,0.05,0.8601253971048021,"['minmax_scaler', 'pca', 'feature_selection', 'random_forest']",0,4,False
2869,satimage,satimage,2074,182,train,0.8455040336388576,0.028469110218187172,0.05,0.8855040336388577,"['minmax_scaler', 'knn']",0,2,False
2870,breast-w,breast-w,15,15,train,0.9052823555262579,0.01965174451470375,0.05,0.965282355526258,"['standard_scaler', 'pca', 'svm']",0,3,False
2871,MiceProtein,MiceProtein,146800,40966,train,0.93608514803034,0.019422639859840274,0.05,0.9960851480303401,"['standard_scaler', 'pca', 'svm']",0,3,False
2872,banknote-authentication,banknote-authentication,10093,1462,train,0.9170345596432552,0.022553158225491643,0.05,0.9770345596432553,"['standard_scaler', 'pca', 'knn']",0,3,True
2873,vowel,vowel,3022,307,train,0.7797033567390462,0.01386702029655377,0.05,0.8197033567390463,"['pca', 'knn']",0,2,True
2874,mfeat-fourier,mfeat-fourier,14,14,train,0.7411698355326032,0.00947240274399519,0.05,0.8011698355326032,"['pca', 'standard_scaler', 'knn']",0,3,False
2875,climate-model-simulation-crashes,climate-model-simulation-crashes,146819,40994,train,0.6003493449781658,0.013039311207830907,0.05,0.6803493449781659,"['minmax_scaler', 'pca', 'feature_selection', 'knn']",0,4,False
2876,pc1,pc1,3918,1068,train,0.5781897730380092,0.01314409114420414,0.05,0.6581897730380093,"['minmax_scaler', 'pca', 'feature_selection', 'knn']",0,4,True
2877,CIFAR_10,CIFAR_10,167124,40927,train,0.2833131798032224,0.016034531096617382,0.05,0.32331317980322244,"['minmax_scaler', 'knn']",0,2,True
2878,eucalyptus,eucalyptus,2079,188,train,0.43585661908242557,0.013811641931533813,0.05,0.5158566190824255,"['standard_scaler', 'pca', 'feature_selection', 'knn']",0,4,True
2879,numerai28.6,numerai28.6,167120,23517,train,0.421333917691626,0.012548624258488416,0.05,0.5013339176916259,"['standard_scaler', 'pca', 'feature_selection', 'knn']",0,4,True
2880,har,har,14970,1478,train,0.8774349824334845,0.016592623479664326,0.05,0.9574349824334846,"['minmax_scaler', 'pca', 'feature_selection', 'knn']",0,4,True
2881,breast-w,breast-w,15,15,train,0.9523389355742297,0.07410324923694134,0.05,0.9723389355742297,['random_forest'],0,1,True
2882,dna,dna,167140,40670,train,0.8693697295662234,0.03969479538500309,0.05,0.9493697295662235,"['standard_scaler', 'pca', 'feature_selection', 'svm']",0,4,False
2883,isolet,isolet,3481,300,train,0.946933827324566,0.02457626350224018,0.05,0.966933827324566,['svm'],0,1,True
2884,adult,adult,7592,1590,train,0.6740503294259473,0.03059115968644619,0.05,0.7540503294259474,"['standard_scaler', 'pca', 'feature_selection', 'random_forest']",0,4,False
2885,ozone-level-8hr,ozone-level-8hr,9978,1487,train,0.4992146059525739,0.026560240238904954,0.05,0.5792146059525739,"['standard_scaler', 'pca', 'feature_selection', 'knn']",0,4,False
2886,nomao,nomao,9977,1486,train,0.8590459225627097,0.02149405926465988,0.05,0.9390459225627098,"['standard_scaler', 'pca', 'feature_selection', 'knn']",0,4,True
2887,PhishingWebsites,PhishingWebsites,14952,4534,train,0.8657059397705829,0.013156658038496971,0.05,0.9457059397705829,"['standard_scaler', 'pca', 'feature_selection', 'knn']",0,4,True
2888,blood-transfusion-service-center,blood-transfusion-service-center,10101,1464,train,0.6213210495124185,0.016952997772023082,0.05,0.6813210495124186,"['standard_scaler', 'pca', 'knn']",0,3,False
2889,satimage,satimage,2074,182,train,0.7897223844417623,0.014825647696852684,0.05,0.8697223844417624,"['standard_scaler', 'pca', 'feature_selection', 'svm']",0,4,True
2890,analcatdata_authorship,analcatdata_authorship,3549,458,train,0.911299312501844,0.01438483651727438,0.05,0.9912993125018441,"['standard_scaler', 'pca', 'feature_selection', 'random_forest']",0,4,True
2891,ilpd,ilpd,9971,1480,train,0.5570409982174688,0.014686689479276538,0.05,0.6170409982174688,"['minmax_scaler', 'pca', 'knn']",0,3,True
2892,tic-tac-toe,tic-tac-toe,49,50,train,0.751266447368421,0.015081071527674794,0.05,0.811266447368421,"['minmax_scaler', 'pca', 'random_forest']",0,3,False
2893,letter,letter,6,6,train,0.9196450989680648,0.013231863578160604,0.05,0.9596450989680648,"['feature_selection', 'random_forest']",0,2,True
2894,wilt,wilt,146820,40983,train,0.43424588792863117,0.016133915912359954,0.05,0.5142458879286311,"['minmax_scaler', 'feature_selection', 'pca', 'knn']",0,4,True
2895,mfeat-pixel,mfeat-pixel,146824,40979,train,0.9158066757618092,0.014405223308131099,0.05,0.9758066757618092,"['pca', 'minmax_scaler', 'svm']",0,3,True
2896,credit-g,credit-g,31,31,train,0.5449999999999999,0.012153882998973131,0.05,0.625,"['standard_scaler', 'pca', 'feature_selection', 'random_forest']",0,4,False
2897,semeion,semeion,9964,1501,train,0.8704698056804392,0.00996832549571991,0.05,0.9304698056804392,"['pca', 'minmax_scaler', 'svm']",0,3,True
2898,mfeat-karhunen,mfeat-karhunen,16,16,train,0.9267575579715297,0.009519753356774649,0.05,0.9667575579715297,"['pca', 'random_forest']",0,2,False
2899,mnist_784,mnist_784,3573,554,train,0.9263417862165356,0.016840757802128792,0.05,0.9663417862165357,"['minmax_scaler', 'random_forest']",0,2,True
2900,banknote-authentication,banknote-authentication,10093,1462,train,0.9170345596432552,0.014931626035831869,0.05,0.9770345596432553,"['standard_scaler', 'pca', 'knn']",0,3,True
2901,kr-vs-kp,kr-vs-kp,3,3,train,0.8712121828985759,0.07393271699547768,0.05,0.951212182898576,"['standard_scaler', 'pca', 'feature_selection', 'random_forest']",0,4,True
2902,climate-model-simulation-crashes,climate-model-simulation-crashes,146819,40994,train,0.4931135531135531,0.035832653753459454,0.05,0.5531135531135531,"['minmax_scaler', 'pca', 'svm']",0,3,False
2903,electricity,electricity,219,151,train,0.7353124027185338,0.027774564549326898,0.05,0.8153124027185339,"['standard_scaler', 'pca', 'feature_selection', 'knn']",0,4,True
2904,balance-scale,balance-scale,11,11,train,0.5274339401056958,0.021934572141617537,0.05,0.5874339401056958,"['standard_scaler', 'pca', 'knn']",0,3,False
2905,bank-marketing,bank-marketing,14965,1461,train,0.5908599069969002,0.02084292583167553,0.05,0.6708599069969002,"['standard_scaler', 'pca', 'feature_selection', 'knn']",0,4,True
2906,pc4,pc4,3902,1049,train,0.5940765976776538,0.019472907483577728,0.05,0.6740765976776538,"['standard_scaler', 'pca', 'feature_selection', 'knn']",0,4,False
2907,vowel,vowel,3022,307,train,0.7797033567390462,0.01427619718015194,0.05,0.8197033567390463,"['pca', 'knn']",0,2,True
2908,credit-approval,credit-approval,29,29,train,0.7280434782608695,0.013398495968431234,0.05,0.7880434782608695,"['minmax_scaler', 'pca', 'knn']",0,3,True
2909,Fashion-MNIST,Fashion-MNIST,146825,40996,train,0.8444237741141091,0.0114932373786966,0.05,0.8844237741141091,"['minmax_scaler', 'svm']",0,2,True
2910,numerai28.6,numerai28.6,167120,23517,train,0.421333917691626,0.016241395473480226,0.05,0.5013339176916259,"['standard_scaler', 'pca', 'feature_selection', 'knn']",0,4,True
2911,car,car,146821,40975,train,0.559242582455252,0.014602071419358254,0.05,0.6392425824552521,"['standard_scaler', 'pca', 'feature_selection', 'knn']",0,4,False
2912,mfeat-fourier,mfeat-fourier,14,14,train,0.8137939870926838,0.012033863614002863,0.05,0.8537939870926838,"['pca', 'svm']",0,2,True
2913,pc1,pc1,3918,1068,train,0.5781897730380092,0.01196629013866186,0.05,0.6581897730380093,"['standard_scaler', 'pca', 'feature_selection', 'knn']",0,4,True
2914,wall-robot-navigation,wall-robot-navigation,9960,1497,train,0.7745924717030259,0.01442925613373518,0.05,0.854592471703026,"['standard_scaler', 'pca', 'feature_selection', 'knn']",0,4,True
2915,texture,texture,125922,40499,train,0.965486235133812,0.01815827749669552,0.05,0.9854862351338121,['knn'],0,1,True
2916,CIFAR_10,CIFAR_10,167124,40927,train,0.49916350132050114,0.01725786303480466,0.05,0.5391635013205012,"['standard_scaler', 'svm']",0,2,True
2917,kc2,kc2,3913,1063,train,0.5548649052097329,0.01550212192038695,0.05,0.5948649052097329,"['standard_scaler', 'svm']",0,2,True
2918,cylinder-bands,cylinder-bands,14954,6332,train,0.6159339172541479,0.01397369522601366,0.05,0.695933917254148,"['pca', 'standard_scaler', 'feature_selection', 'random_forest']",0,4,False
2919,Internet-Advertisements,Internet-Advertisements,167125,40978,train,0.8392859065823126,0.012041330430656671,0.05,0.9192859065823127,"['standard_scaler', 'pca', 'feature_selection', 'svm']",0,4,True
2920,splice,splice,45,46,train,0.8771944105277436,0.011129510588943958,0.05,0.9571944105277437,"['minmax_scaler', 'pca', 'feature_selection', 'svm']",0,4,True
2921,wdbc,wdbc,9946,1510,train,0.9066666666666666,0.08561745006591082,0.05,0.9666666666666667,"['minmax_scaler', 'pca', 'knn']",0,3,False
2922,mfeat-zernike,mfeat-zernike,22,22,train,0.7556569915309717,0.07938922196626663,0.05,0.8156569915309717,"['pca', 'standard_scaler', 'knn']",0,3,False
2923,GesturePhaseSegmentationProcessed,GesturePhaseSegmentationProcessed,14969,4538,train,0.5162302511400314,0.09445656836032867,0.05,0.5362302511400314,['knn'],0,1,True
2924,MiceProtein,MiceProtein,146800,40966,train,0.89100278584031,0.03874986944720149,0.05,0.9510027858403101,"['standard_scaler', 'pca', 'knn']",0,3,False
2925,dresses-sales,dresses-sales,125920,23381,train,0.535561918396564,0.050718837417662144,0.05,0.595561918396564,"['standard_scaler', 'pca', 'knn']",0,3,False
2926,churn,churn,167141,40701,train,0.5993454223794781,0.04657448530197143,0.05,0.6793454223794781,"['minmax_scaler', 'pca', 'feature_selection', 'knn']",0,4,True
2927,analcatdata_dmft,analcatdata_dmft,3560,469,train,0.13291243663309396,0.026679476102193195,0.05,0.17291243663309394,"['minmax_scaler', 'random_forest']",0,2,True
2928,connect-4,connect-4,146195,40668,train,0.4581240472688909,0.03487289622426033,0.05,0.5381240472688908,"['minmax_scaler', 'pca', 'feature_selection', 'random_forest']",0,4,True
2929,cnae-9,cnae-9,9981,1468,train,0.8076441549043419,0.019657637691125274,0.05,0.867644154904342,"['standard_scaler', 'pca', 'svm']",0,3,True
2930,cmc,cmc,23,23,train,0.3653478155938126,0.03091622330248356,0.05,0.4253478155938126,"['standard_scaler', 'pca', 'random_forest']",0,3,False
2931,first-order-theorem-proving,first-order-theorem-proving,9985,1475,train,0.3306019283272838,0.02443854436278343,0.05,0.41060192832728376,"['standard_scaler', 'pca', 'feature_selection', 'knn']",0,4,False
2932,sick,sick,3021,38,train,0.40420413122721754,0.01762074586004019,0.05,0.4842041312272175,"['minmax_scaler', 'pca', 'feature_selection', 'svm']",0,4,True
2933,mfeat-factors,mfeat-factors,12,12,train,0.8977184759956397,0.018335202476009727,0.05,0.9577184759956398,"['minmax_scaler', 'pca', 'knn']",0,3,False
2934,Devnagari-Script,Devnagari-Script,167121,40923,train,0.8818164242003736,0.018412410281598568,0.05,0.9018164242003737,['knn'],0,1,True
2935,segment,segment,146822,40984,train,0.8207687016569497,0.01564105530269444,0.05,0.8807687016569498,"['minmax_scaler', 'pca', 'random_forest']",0,3,False
2936,jm1,jm1,3904,1053,train,0.512693747344966,0.01892398614436388,0.05,0.592693747344966,"['standard_scaler', 'pca', 'feature_selection', 'knn']",0,4,False
2937,jungle_chess_2pcs_raw_endgame_complete,jungle_chess_2pcs_raw_endgame_complete,167119,41027,train,0.5988141037374256,0.020743422023952008,0.05,0.6788141037374257,"['standard_scaler', 'pca', 'feature_selection', 'knn']",0,4,False
2938,mfeat-morphological,mfeat-morphological,18,18,train,0.35223043153940325,0.014416416175663471,0.05,0.4122304315394033,"['pca', 'standard_scaler', 'random_forest']",0,3,False
2939,eucalyptus,eucalyptus,2079,188,train,0.4558566190824255,0.01828862982802093,0.05,0.5158566190824255,"['standard_scaler', 'pca', 'knn']",0,3,False
2940,eucalyptus,eucalyptus,2079,188,train,0.4416195945154108,0.01939188838005066,0.05,0.5216195945154107,"['standard_scaler', 'feature_selection', 'pca', 'random_forest']",0,4,False
2941,analcatdata_dmft,analcatdata_dmft,3560,469,train,0.13291243663309396,0.13308777660131454,0.05,0.17291243663309394,"['standard_scaler', 'random_forest']",0,2,True
2942,adult,adult,7592,1590,train,0.6740503294259473,0.06041085235774517,0.05,0.7540503294259474,"['standard_scaler', 'pca', 'feature_selection', 'random_forest']",0,4,True
2943,mnist_784,mnist_784,3573,554,train,0.9262826161338618,0.04062994197010994,0.05,0.9662826161338618,"['standard_scaler', 'random_forest']",0,2,False
2944,kr-vs-kp,kr-vs-kp,3,3,train,0.891212182898576,0.04739220067858696,0.05,0.951212182898576,"['standard_scaler', 'pca', 'random_forest']",0,3,False
2945,semeion,semeion,9964,1501,train,0.9185202099203756,0.025227968270579975,0.05,0.9585202099203757,"['pca', 'svm']",0,2,True
2946,jm1,jm1,3904,1053,train,0.5198074350825589,0.025693215429782867,0.05,0.599807435082559,"['minmax_scaler', 'pca', 'feature_selection', 'knn']",0,4,False
2947,Internet-Advertisements,Internet-Advertisements,167125,40978,train,0.8065488086087624,0.024022893980145454,0.05,0.8865488086087625,"['minmax_scaler', 'pca', 'feature_selection', 'knn']",0,4,True
2948,pc4,pc4,3902,1049,train,0.5382040144223943,0.022832505963742734,0.05,0.6182040144223944,"['minmax_scaler', 'pca', 'feature_selection', 'knn']",0,4,True
2949,vowel,vowel,3022,307,train,0.7797033567390462,0.026546866012116272,0.05,0.8197033567390463,"['pca', 'knn']",0,2,True
2950,electricity,electricity,219,151,train,0.7601780933780748,0.021871930733323098,0.05,0.8401780933780749,"['standard_scaler', 'pca', 'feature_selection', 'random_forest']",0,4,True
2951,har,har,14970,1478,train,0.84858917776054,0.021624163165688513,0.05,0.9285891777605401,"['standard_scaler', 'pca', 'feature_selection', 'random_forest']",0,4,True
2952,mfeat-karhunen,mfeat-karhunen,16,16,train,0.942266485276634,0.023501147826512653,0.05,0.9822664852766341,"['pca', 'svm']",0,2,True
2953,Fashion-MNIST,Fashion-MNIST,146825,40996,train,0.8646323077354003,0.023781192023307085,0.05,0.8846323077354004,['svm'],0,1,True
2954,analcatdata_authorship,analcatdata_authorship,3549,458,train,0.976375098502758,0.02060522325336933,0.05,0.9963750985027581,['knn'],0,1,False
2955,ilpd,ilpd,9971,1480,train,0.35517857142857134,0.029803987126797438,0.05,0.4151785714285714,"['minmax_scaler', 'pca', 'svm']",0,3,False
2956,banknote-authentication,banknote-authentication,10093,1462,train,0.9170345596432552,0.018155334517359734,0.05,0.9770345596432553,"['standard_scaler', 'pca', 'knn']",0,3,True
2957,credit-approval,credit-approval,29,29,train,0.7692929292929291,0.020605383906513453,0.05,0.8292929292929292,"['minmax_scaler', 'pca', 'random_forest']",0,3,False
2958,mfeat-morphological,mfeat-morphological,18,18,train,0.3722304315394033,0.016220213224490482,0.05,0.4122304315394033,"['pca', 'random_forest']",0,2,False
2959,PhishingWebsites,PhishingWebsites,14952,4534,train,0.879973392641739,0.018673713877797128,0.05,0.9599733926417391,"['standard_scaler', 'pca', 'feature_selection', 'random_forest']",0,4,False
2960,MiceProtein,MiceProtein,146800,40966,train,0.92830706411918,0.018754463642835617,0.05,0.98830706411918,"['standard_scaler', 'pca', 'random_forest']",0,3,False
2961,sick,sick,3021,38,train,0.6275158031357907,0.1295635662972927,0.05,0.7075158031357908,"['standard_scaler', 'pca', 'feature_selection', 'random_forest']",0,4,False
2962,first-order-theorem-proving,first-order-theorem-proving,9985,1475,train,0.2659060952625091,0.10261910036206245,0.05,0.34590609526250904,"['standard_scaler', 'pca', 'feature_selection', 'svm']",0,4,True
2963,satimage,satimage,2074,182,train,0.7929281211878365,0.0786274429410696,0.05,0.8729281211878366,"['minmax_scaler', 'pca', 'feature_selection', 'svm']",0,4,False
2964,dresses-sales,dresses-sales,125920,23381,train,0.5323520923520924,0.0479085030965507,0.05,0.5923520923520924,"['minmax_scaler', 'pca', 'svm']",0,3,False
2965,kc2,kc2,3913,1063,train,0.6034523971207388,0.046498981304466724,0.05,0.6634523971207389,"['minmax_scaler', 'pca', 'knn']",0,3,False
2966,pc1,pc1,3918,1068,train,0.5781897730380092,0.04163366854190827,0.05,0.6581897730380093,"['feature_selection', 'minmax_scaler', 'pca', 'knn']",0,4,True
2967,wilt,wilt,146820,40983,train,0.46925496688741714,0.0391305074095726,0.05,0.5492549668874172,"['minmax_scaler', 'pca', 'feature_selection', 'random_forest']",0,4,False
2968,numerai28.6,numerai28.6,167120,23517,train,0.4461987337363684,0.023693198105320334,0.05,0.5061987337363685,"['standard_scaler', 'pca', 'random_forest']",0,3,False
2969,letter,letter,6,6,train,0.8995495070567066,0.030536431198318798,0.05,0.9395495070567066,"['feature_selection', 'knn']",0,2,True
2970,bank-marketing,bank-marketing,14965,1461,train,0.5908599069969002,0.02125726193189621,0.05,0.6708599069969002,"['standard_scaler', 'pca', 'feature_selection', 'knn']",0,4,True
2971,splice,splice,45,46,train,0.8247983755010534,0.029095086455345153,0.05,0.9047983755010535,"['standard_scaler', 'pca', 'feature_selection', 'random_forest']",0,4,True
2972,texture,texture,125922,40499,train,0.965486235133812,0.02282643411308527,0.05,0.9854862351338121,['knn'],0,1,True
2973,mfeat-zernike,mfeat-zernike,22,22,train,0.7726531147575744,0.030745854601264,0.05,0.8126531147575744,"['pca', 'knn']",0,2,False
2974,cnae-9,cnae-9,9981,1468,train,0.7613428952452173,0.022471947129815817,0.05,0.8213428952452173,"['pca', 'minmax_scaler', 'knn']",0,3,True
2975,isolet,isolet,3481,300,train,0.849801282532608,0.026237001021703083,0.05,0.889801282532608,"['feature_selection', 'knn']",0,2,False
2976,GesturePhaseSegmentationProcessed,GesturePhaseSegmentationProcessed,14969,4538,train,0.4368659410268866,0.024251972883939744,0.05,0.5168659410268865,"['minmax_scaler', 'pca', 'feature_selection', 'knn']",0,4,False
2977,ozone-level-8hr,ozone-level-8hr,9978,1487,train,0.40369565217391307,0.03031611256301403,0.05,0.483695652173913,"['minmax_scaler', 'pca', 'feature_selection', 'svm']",0,4,True
2978,connect-4,connect-4,146195,40668,train,0.5086040068506669,0.030685743689537047,0.05,0.5886040068506669,"['standard_scaler', 'pca', 'feature_selection', 'svm']",0,4,True
2979,breast-w,breast-w,15,15,train,0.9055608352587297,0.018907237565144897,0.05,0.9655608352587297,"['minmax_scaler', 'pca', 'svm']",0,3,True
2980,mfeat-fourier,mfeat-fourier,14,14,train,0.7937939870926838,0.024400196969509125,0.05,0.8537939870926838,"['pca', 'feature_selection', 'svm']",0,3,True
2981,mfeat-pixel,mfeat-pixel,146824,40979,train,0.9158066757618092,0.16305057611316442,0.05,0.9758066757618092,"['pca', 'minmax_scaler', 'svm']",0,3,True
2982,wall-robot-navigation,wall-robot-navigation,9960,1497,train,0.7832327123651053,0.10545477792620658,0.05,0.8632327123651053,"['minmax_scaler', 'pca', 'feature_selection', 'svm']",0,4,True
2983,Devnagari-Script,Devnagari-Script,167121,40923,train,0.9154353510216617,0.14154591783881187,0.05,0.9354353510216618,['svm'],0,1,True
2984,churn,churn,167141,40701,train,0.7521406109231841,0.09740408211946487,0.05,0.8321406109231841,"['minmax_scaler', 'pca', 'feature_selection', 'random_forest']",0,4,True
2985,wdbc,wdbc,9946,1510,train,0.8658830341632888,0.09621849749237299,0.05,0.9258830341632889,"['standard_scaler', 'pca', 'random_forest']",0,3,True
2986,jungle_chess_2pcs_raw_endgame_complete,jungle_chess_2pcs_raw_endgame_complete,167119,41027,train,0.5988141037374256,0.09409211948513985,0.05,0.6788141037374257,"['standard_scaler', 'pca', 'feature_selection', 'knn']",0,4,True
2987,car,car,146821,40975,train,0.5792425824552521,0.0567205143161118,0.05,0.6392425824552521,"['standard_scaler', 'pca', 'knn']",0,3,False
2988,segment,segment,146822,40984,train,0.8363658704358558,0.06056441615025202,0.05,0.8763658704358558,"['standard_scaler', 'knn']",0,2,True
2989,cmc,cmc,23,23,train,0.3589618033221261,0.06977545656263828,0.05,0.4189618033221261,"['standard_scaler', 'pca', 'knn']",0,3,True
2990,balance-scale,balance-scale,11,11,train,0.5274339401056958,0.05934196151793003,0.05,0.5874339401056958,"['standard_scaler', 'pca', 'knn']",0,3,True
2991,CIFAR_10,CIFAR_10,167124,40927,train,0.41754513601110493,0.03470600520571073,0.05,0.45754513601110497,"['standard_scaler', 'random_forest']",0,2,False
2992,credit-g,credit-g,31,31,train,0.565,0.04267994919791818,0.05,0.625,"['standard_scaler', 'pca', 'random_forest']",0,3,False
2993,nomao,nomao,9977,1486,train,0.8590459225627097,0.03705020062625408,0.05,0.9390459225627098,"['standard_scaler', 'pca', 'feature_selection', 'knn']",0,4,True
2994,cylinder-bands,cylinder-bands,14954,6332,train,0.6022960372960372,0.024662452284246683,0.05,0.6622960372960373,"['standard_scaler', 'pca', 'random_forest']",0,3,False
2995,mfeat-factors,mfeat-factors,12,12,train,0.9088716176210784,0.02041541738435626,0.05,0.9688716176210784,"['standard_scaler', 'pca', 'svm']",0,3,True
2996,climate-model-simulation-crashes,climate-model-simulation-crashes,146819,40994,train,0.47311355311355313,0.01825170498341322,0.05,0.5531135531135531,"['standard_scaler', 'pca', 'feature_selection', 'svm']",0,4,True
2997,tic-tac-toe,tic-tac-toe,49,50,train,0.7749465104431992,0.015648008091375232,0.05,0.8349465104431992,"['standard_scaler', 'pca', 'knn']",0,3,False
2998,dna,dna,167140,40670,train,0.7125879158077301,0.02378774285316467,0.05,0.7925879158077301,"['standard_scaler', 'pca', 'feature_selection', 'knn']",0,4,True
2999,blood-transfusion-service-center,blood-transfusion-service-center,10101,1464,train,0.5796588486140725,0.022619911702349782,0.05,0.6396588486140725,"['minmax_scaler', 'pca', 'knn']",0,3,False
